2026-09-19 17:27:04;Media Expert;"Monitor LG UltraGear G5 27G523B-B 27"" IPS 1920x1080px 200Hz";LG;Monitory;-;https://www.mediaexpert.pl/komputery-i-tablety/monitory-led/monitor-lg-ultragear-g5-27g523b-b-27-ips-1920x1080px-200hz;509.00;529.99;529.00;WRZESIEN1809
2026-09-19 17:27:04;Media Expert;"Smartfon APPLE iPhone Air 5G 1TB 6.5"" 120Hz Biały obłok";APPLE;Smartfony;-;https://www.mediaexpert.pl/smartfony-i-zegarki/smartfony/smartfon-apple-iphone-air-5g-cloud-white-1tb;4699.00;7299.99;5498.00;WRZESIEN1809
2026-09-19 17:27:04;Media Expert;Lodówka AMICA FK2695.4FT(E) No frost 170cm Biała;AMICA;Lodówki;-;https://www.mediaexpert.pl/agd/lodowki-i-zamrazarki/lodowki/lodowka-amica-fk2695-4ft-e-no-frost-170cm-biala;1699.00;1899.99;1799.00;WRZESIEN1809
2026-09-19 17:27:05;Media Expert;Płyta indukcyjna SAMSUNG NZ64F3NM1AB;SAMSUNG;Płyty do zabudowy;-;https://www.mediaexpert.pl/agd-do-zabudowy/plyty-do-zabudowy/plyta-indukcyjna-samsung-nz64f3nm1ab;999.00;1299.99;1098.97;WRZESIEN1809
2026-09-19 17:27:05;Media Expert;Oczyszczacz powietrza TCL Breeva A3WW Biały Wi‑Fi;TCL;Oczyszczacze powietrza;-;https://www.mediaexpert.pl/agd-male/do-domu/oczyszczacze-powietrza/oczyszczacz-powietrza-tcl-breeva-a3ww-bialy;549.00;699.99;599.00;WRZESIEN1809
2026-09-19 17:27:05;Media Expert;Zapięcie rowerowe ABUS Combiflex Break 85 Linka Czarny;ABUS;Zabezpieczenie roweru;-;https://www.mediaexpert.pl/rowery/akcesoria-do-rowerow/zamki-i-zapiecia/zapiecie-rowerowe-abus-combiflex-break-85-linka-czarny;67.99;109.99;70.90;WRZESIEN1809
2026-09-19 17:27:05;Media Expert;Karma dla kota BRIT CARE Grain Free Sterilized Urinary Kurczak 7 kg;BRIT CARE;Karmy dla kotów;-;https://www.mediaexpert.pl/artykuly-dla-zwierzat/karmy-dla-kotow/karma-dla-kota-brit-care-grain-free-sterilized-urinary-kurczak-7-kg;114.99;114.99;0.00;
2026-09-19 17:27:06;Media Expert;Inteligentne gniazdko SONOFF S60ZBTPF ZigBee;SONOFF;Inteligentne gniazdka;-;https://www.mediaexpert.pl/dom/inteligentny-dom/inteligentne-gniazdka-wifi/inteligentne-gniazdko-sonoff-s60zbtpf-zigbee;63.99;63.99;0.00;
2026-09-19 17:27:06;Media Expert;Stacja pogody METEO SP94;METEO;Stacje pogodowe i termometry;-;https://www.mediaexpert.pl/dom/wyposazenie-wnetrz/stacje-pogodowe-i-termometry/stacja-pogodowa-meteo-sp94-z-ladowarka-indukcyjna;199.97;199.97;0.00;
2026-09-19 17:27:06;Media Expert;Telewizor TCL 55A400U 55” QD-Mini LED 4K 288 Hz Google TV Dolby Atmos Dolby Vision HDMI 2.1;TCL;Telewizory;-;https://www.mediaexpert.pl/telewizory-i-rtv/telewizory/tv-tcl-55a4000u-qd-miniled-4k-144hz-google-tv-atmos-d-vision-iq-hdmi-2-1-onkyo;3498.98;4099.00;3498.99;RW1209-3009
2026-09-19 17:27:06;Media Expert;Soundbar SAMSUNG HW-QS750F EN Czarny 5.1.2-kanałowy, Bezprzewodowy Subwoofer, Głośniki Surround, Rotacyjny Design, HDMI eARC;SAMSUNG;Soundbary;-;https://www.mediaexpert.pl/telewizory-i-rtv/kina-domowe/soundbary/soundbar-samsung-hw-qs750f-en-czarny;1797.00;2099.99;1797.99;R110912-300926
2026-09-19 17:27:07;Media Expert;Wieża BLAUPUNKT MS16BT Biała, Odtw.CD/-R/-RW, Bluetooth, Tuner FM, Wbudowany Korektor dźwięku, Wejście USB;BLAUPUNKT;Wieże;-;https://www.mediaexpert.pl/telewizory-i-rtv/hi-fi-audio/wieze-male/wieza-blaupunkt-ms16bt-bialy;369.99;394.99;394.99;ME0709-300926
2026-09-19 17:27:07;Media Expert;Streamer muzyczny/Odtwarzacz sieciowy EVERSOLO DMP-A8 Czarny, Wi-Fi, Hi-Res Audio, Wbudowany moduł DSP z 10-pasmową regulację PEQ;EVERSOLO;Odtwarzacze sieciowe;-;https://www.mediaexpert.pl/telewizory-i-rtv/blu-ray-dvd-nagrywarki/odtwaarzacze-sieciowe/streamer-odtwarzacz-sieciowy-eversolo-dmp-a8-czarny;7199.00;7999.00;7999.00;ME1509-311026
2026-09-19 17:27:07;Media Expert;Słuchawki nauszne PHILIPS TAH3209BK/00 Czarny;PHILIPS;Słuchawki;-;https://www.mediaexpert.pl/telewizory-i-rtv/sluchawki/wszystkie-sluchawki/sluchawki-nauszne-philips-tah3209bk-00-czarny;68.90;89.99;79.00;ME0609-300926
2026-09-19 17:27:07;Media Expert;Słuchawki dokanałowe OTL Minecraft Zielono-czarny;OTL;Słuchawki;-;https://www.mediaexpert.pl/telewizory-i-rtv/sluchawki/wszystkie-sluchawki/sluchawki-dokanalowe-otl-minecraft-zielony;104.00;108.41;108.41;ME0609-300926
2026-09-19 17:27:07;Media Expert;Słuchawki dokanałowe CANYON Hexagon 7 ANC Biało-beżowe;CANYON;Słuchawki;-;https://www.mediaexpert.pl/telewizory-i-rtv/sluchawki/wszystkie-sluchawki/sluchawki-dokanalowe-canyon-hexagon-7-anc-bialo-bezowe;99.00;102.57;102.57;ME1909-270926
2026-09-19 17:27:08;Media Expert;Głośnik MARSHALL Woburn III Regulacja głośności, Bluetooth 5.2, Port HDMI, Aplikacja Marshall, Brązowy;MARSHALL;Głośniki Bluetooth;-;https://www.mediaexpert.pl/telewizory-i-rtv/hi-fi-audio/glosniki-mobilne/glosnik-mobilny-marshall-woburn-iii-brazowy;2249.99;2369.00;2369.00;ME0709-300926
2026-09-19 17:27:08;Media Expert;Głośnik mobilny EDIFIER S300 Czarny;EDIFIER;Głośniki Bluetooth;-;https://www.mediaexpert.pl/telewizory-i-rtv/hi-fi-audio/glosniki-mobilne/glosnik-mobilny-edifier-s300-czarny;909.00;909.00;0.00;
2026-09-19 17:27:08;Media Expert;Radio AIWA RS-55SL Analogowe Srebrny;AIWA;Radia;-;https://www.mediaexpert.pl/telewizory-i-rtv/drobny-sprzet-rtv/radia/radio-aiwa-rs-55sl-srebrny;139.99;179.00;144.99;ME0709-300926
2026-09-19 17:27:08;Media Expert;Radioodtwarzacz/Bombox BLAUPUNKT BB18BK Czarny, Odtw. CD, CD-R, CD-RW, Wejście USB/AUX, Tuner FM, Zasilanie Bateryjno-Sieciowe;BLAUPUNKT;Radioodtwarzacze;-;https://www.mediaexpert.pl/telewizory-i-rtv/drobny-sprzet-rtv/radioodtwarzacze/boombox-fm-cd-mp3-usb-aux-bb18bk;214.99;229.99;229.00;ME0709-300926
2026-09-19 17:27:09;Media Expert;Gramofon JVC AL-E534B Drewno, Manualny, Napęd paskowy, Bluetoothn Przedwzmacniacz gramofonowy, Prędkość odtw. 33 1/3,45 obr./min;JVC;Gramofony;-;https://www.mediaexpert.pl/telewizory-i-rtv/hi-fi-audio/gramofony/gramofon-jvc-al-e534m-drewno-manualny-naped-paskowy-predkosc-odtw-33-1-3-45-obr-min;872.00;899.00;899.00;ME0409-311026
2026-09-19 17:27:09;Media Expert;Gramofon LENCO LS-66GY Bluetooth Szary;LENCO;Gramofony;-;https://www.mediaexpert.pl/telewizory-i-rtv/hi-fi-audio/gramofony/gramofon-lenco-ls-66gy-bluetooth-szary;689.99;764.99;764.99;ME0709-300926
2026-09-19 17:27:09;Media Expert;Radio samochodowe VORDON HT-945 Chester Bluetooth;VORDON;Radia samochodowe;-;https://www.mediaexpert.pl/telewizory-i-rtv/car-audio/radia-samochodowe/radio-samochodowe-vordon-ht-945-chester;499.99;799.00;799.00;ME2308-300926
2026-09-19 17:27:09;Media Expert;Kabel HDMI - HDMI HAMA 5 m;HAMA;Kable audio-video;-;https://www.mediaexpert.pl/telewizory-i-rtv/kable-telewizyjne-i-audio/przewody-audio-video/high-speed-hdmitm-cable-4k-plug-plug-ethernet-5-0-m;54.98;79.99;54.99;AK1809-1909
2026-09-19 17:27:10;Media Expert;Kabel optyczny HDMI - HDMI UNITEK 20 m;UNITEK;Kable audio-video;-;https://www.mediaexpert.pl/telewizory-i-rtv/kable-telewizyjne-i-audio/przewody-audio-video/kabel-hdmi-hdmi-unitek-20-m-2;144.00;144.00;0.00;
2026-09-19 17:27:10;Media Expert;"Laptop ASUS Vivobook 18 M1807GA-S8002W 18"" IPS 144Hz Ryzen AI 5 430 16GB RAM 512GB SSD Windows 11 Home";ASUS;Laptopy;-;https://www.mediaexpert.pl/komputery-i-tablety/laptopy-i-ultrabooki/laptopy/laptop-asus-vivobook-18-m1807ga-s8002w-18-ips-144hz-ryzen-ai-5-430-16gb-ram-512gb-ssd-windows-11-home;3498.99;3899.00;3499.00;ME0109-041026
2026-09-19 17:27:10;Media Expert;"Tablet dla dzieci BLACKVIEW Link 1 Kids 8.68"" 4/64 GB Wi-Fi Fioletowy";BLACKVIEW;Tablety;-;https://www.mediaexpert.pl/komputery-i-tablety/tablety-i-e-booki/tablety/tablet-dla-dzieci-blackview-link-1-kids-8-68-4-64-gb-wi-fi-fioletowy;349.00;429.00;429.00;WRZESIEN1809
2026-09-19 17:27:10;Media Expert;"Tablet XIAOMI Pad 8 11.2"" 8/256 GB Wi-Fi Niebieski";XIAOMI;Tablety;-;https://www.mediaexpert.pl/komputery-i-tablety/tablety-i-e-booki/tablety/tablet-xiaomi-pad-8-11-2-8-256-gb-wi-fi-niebieski;1719.00;1719.00;0.00;
2026-09-19 17:27:11;Media Expert;Tablet graficzny HUION Inspiroy 2S Czarny;HUION;Tablety graficzne;-;https://www.mediaexpert.pl/komputery-i-tablety/akcesoria-komputerowe/tablety-graficzne/tablet-graficzny-huion-inspiroy-2s-czarny;188.99;209.36;189.00;ME1609-270926
2026-09-19 17:27:11;Media Expert;"Tablet graficzny 21.5"" HUION Kamvas 22";HUION;Tablety graficzne;-;https://www.mediaexpert.pl/komputery-i-tablety/akcesoria-komputerowe/tablety-graficzne/tablet-graficzny-huion-kamvas-22;1899.00;1899.00;0.00;
2026-09-19 17:27:11;Media Expert;"Komputer All in One LENOVO IdeaCentre AIO 3 27IRH9 27"" IPS i7-13620H 16GB RAM 512GB SSD Windows 11 Home";LENOVO;Komputery All in One;-;https://www.mediaexpert.pl/komputery-i-tablety/komputery-pc/komputery-all-in-one/komputer-all-in-one-lenovo-ideacentre-aio-3-27irh9-27-ips-i7-13620h-16gb-ram-512gb-ssd-windows-11-home;4174.99;4499.00;4199.00;ME1409-031026
2026-09-19 17:27:11;Media Expert;"Monitor LG UltraGear 27GX790B-B 26.5"" OLED 2560x1440px 540Hz 0.02 ms [GTG]";LG;Monitory;-;https://www.mediaexpert.pl/komputery-i-tablety/monitory-led/monitor-lg-ultragear-27gx790b-b-26-5-oled-2560x1440px-540hz-0-02-ms-gtg;2998.00;3349.00;2999.00;L1509-300926
2026-09-19 17:27:11;Media Expert;Urządzenie wielofunkcyjne EPSON EcoTank L3560 Druk w kolorze, Wi-Fi;EPSON;Urządzenia wielofunkcyjne;-;https://www.mediaexpert.pl/komputery-i-tablety/drukarki-i-urzadzenia-biurowe/urzadzenia-wielofunkcyjne/urzadzenie-wielofunkcyjne-epson-ecotank-l3560-druk-w-kolorze-wi-fi;1098.85;1209.99;1098.86;RW0109-3009
2026-09-19 17:27:12;Media Expert;Zestaw HP Combo 230 18H24AA;HP;Klawiatury z myszą;-;https://www.mediaexpert.pl/komputery-i-tablety/klawiatury-komputerowe/klawiatury-z-mysza/zestaw-hp-combo-230-18h24aa;113.99;117.58;114.00;ME0609-300926
2026-09-19 17:27:12;Media Expert;Zestaw HP 680 Comfort Dual-Mode;HP;Klawiatury z myszą;-;https://www.mediaexpert.pl/komputery-i-tablety/klawiatury-komputerowe/klawiatury-z-mysza/zestaw-hp-680-comfort-dual-mode;199.99;307.00;229.99;ME1509-300926
2026-09-19 17:27:12;Media Expert;Mysz TRUST Verro Ergonomic;TRUST;Myszki;-;https://www.mediaexpert.pl/komputery-i-tablety/myszy-komputerowe/myszki-uniwersalne/mysz-trust-verro-ergonomic;64.99;91.00;69.99;ME1509-300926
2026-09-19 17:27:12;Media Expert;Mysz PORT CONNECT 900706-BT;PORT CONNECT;Myszki;-;https://www.mediaexpert.pl/komputery-i-tablety/myszy-komputerowe/myszki-uniwersalne/mysz-port-connect-900706-bt;89.99;109.99;109.99;ME1109-300926
2026-09-19 17:27:13;Media Expert;Router ACER Ovia T360 2.4 / 5 GHz (DualBand), Wi-Fi Mesh (2 szt.);ACER;Routery;-;https://www.mediaexpert.pl/komputery-i-tablety/urzadzenia-sieciowe/routery/router-acer-ovia-t360-2-4-5-ghz-dualband-wi-fi-mesh-2-szt;549.00;649.99;649.99;WRZESIEN1809
2026-09-19 17:27:13;Media Expert;Soundbar komputerowy DELL Slim SB521A 1.0 dla monitorów P3221D, P2721Q, U2421E;DELL;Głośniki komputerowe;-;https://www.mediaexpert.pl/komputery-i-tablety/sluchawki-i-glosniki-komputerowe/glosniki-komputerowe/soundbar-komputerowy-dell-slim-sb521a-1-0-dla-monitorow-p3221d-p2721q-u2421e;179.00;219.00;219.00;ME1009-300926
2026-09-19 17:27:13;Media Expert;Dysk VERBATIM Store 'n' Go 1TB HDD Czerwony;VERBATIM;Dyski twarde;-;https://www.mediaexpert.pl/komputery-i-tablety/dyski-i-pamieci/dyski-wewnetrzne/dysk-verbatim-store-n-go-1tb-hdd-czerwony;339.00;359.99;359.99;WRZESIEN1809
2026-09-19 17:27:13;Media Expert;Płyta główna ASROCK B550M Phantom Gaming 4;ASROCK;Płyty główne;-;https://www.mediaexpert.pl/komputery-i-tablety/podzespoly-komputerowe/plyty-glowne/plyta-glowna-asrock-b550m-phantom-gaming-4;344.99;358.00;358.00;ME0609-300926
2026-09-19 17:27:14;Media Expert;Płyta główna ASUS TUF Gaming B860M Plus;ASUS;Płyty główne;-;https://www.mediaexpert.pl/komputery-i-tablety/podzespoly-komputerowe/plyty-glowne/plyta-glowna-asus-tuf-gaming-b860m-plus;969.00;969.00;0.00;ML2508-210926
2026-09-19 17:27:14;Media Expert;Płyta główna GIGABYTE B760 DS3H DDR4;GIGABYTE;Płyty główne;-;https://www.mediaexpert.pl/komputery-i-tablety/podzespoly-komputerowe/plyty-glowne/plyta-glowna-gigabyte-b760-ds3h-ddr4;429.00;429.00;0.00;
2026-09-19 17:27:14;Media Expert;Obudowa THERMALRIGHT A70 ARGB Czarny;THERMALRIGHT;Obudowy do komputera;-;https://www.mediaexpert.pl/komputery-i-tablety/podzespoly-komputerowe/obudowy/obudowa-thermalright-a70-argb-czarny;389.00;419.00;419.00;ME1409-270926
2026-09-19 17:27:14;Media Expert;Podkładka STEELSERIES QcK Performance L Speed;STEELSERIES;Podkładki pod myszkę;-;https://www.mediaexpert.pl/komputery-i-tablety/myszy-komputerowe/podkladki/podkladka-steelseries-qck-performance-l-speed;164.99;179.00;179.00;ME0609-300926
2026-09-19 17:27:15;Media Expert;"Smartfon HAMMER Iron V 6/64GB 6.5"" Pomarańczowy";HAMMER;Smartfony;-;https://www.mediaexpert.pl/smartfony-i-zegarki/smartfony/smartfon-hammer-iron-v-6-64gb-6-5-pomaranczowy;849.00;899.00;899.00;ME1709-220926
2026-09-19 17:27:15;Media Expert;"Smartfon HAMMER Ranger 8/256GB 6.088"" Czarno-zielony";HAMMER;Smartfony;-;https://www.mediaexpert.pl/smartfony-i-zegarki/smartfony/smartfon-hammer-ranger-8-256gb-6-088-czarno-zielony;1249.00;1299.00;1299.00;ME1709-220926
2026-09-19 17:27:15;Media Expert;"Smartfon HAMMER Iron 6 5G 6/128GB 6.56"" 120Hz Czarny";HAMMER;Smartfony;-;https://www.mediaexpert.pl/smartfony-i-zegarki/smartfony/smartfon-hammer-iron-6-5g-6-128gb-6-56-120hz-czarny;1299.00;1399.00;1399.00;ME1709-220926
2026-09-19 17:27:15;Media Expert;"Smartfon OUKITEL WP21 12/256GB 6.78"" 120Hz Czarny";OUKITEL;Smartfony;-;https://www.mediaexpert.pl/smartfony-i-zegarki/smartfony/smartfon-oukitel-wp21-12-256gb-6-78-120hz-czarny-1;999.00;1299.00;1299.00;ME1709-220926
2026-09-19 17:27:15;Media Expert;"Smartfon MAXCOM MS601 4/64GB 6"" Czarny";MAXCOM;Smartfony;-;https://www.mediaexpert.pl/smartfony-i-zegarki/smartfony/smartfon-maxcom-ms601-4-64gb-6-czarny;449.00;449.00;0.00;
2026-09-19 17:27:16;Media Expert;Smartband XIAOMI Mi Band 10 Ceramic Edition Biały;XIAOMI;Smartbandy;-;https://www.mediaexpert.pl/smartfony-i-zegarki/smartwatche-i-zegarki/smartbandy/smartband-xiaomi-mi-band-10-ceramic-edition-bialy;164.00;269.99;229.00;ME1709-220926
2026-09-19 17:27:16;Media Expert;Apple Watch 11 GPS + Cellular 46mm koperta z tytanu (łupek) + pasek sportowy rozmiar M/L (czarny);APPLE;Smartwatche;-;https://www.mediaexpert.pl/smartfony-i-zegarki/smartwatche-i-zegarki/smartwatche/smartwatch-apple-watch-11-46-sl-ti-bk-sb-ml-cel-mgp;3349.00;3599.00;3599.00;ME1709-220926
2026-09-19 17:27:16;Media Expert;Smartring MAXCOM mRing MR200 57mm Biały;MAXCOM;Smart Ringi;-;https://www.mediaexpert.pl/smartfony-i-zegarki/smartwatche-i-zegarki/smart-ringi/smartring-maxcom-mring-mr200-57mm-bialy;249.00;359.00;289.99;ME1908-300926
2026-09-19 17:27:16;Media Expert;Ładowarka sieciowa UGREEN Nexode Air 65W Szary ładowarka do telefonu USB-C;UGREEN;Ładowarki do telefonu;-;https://www.mediaexpert.pl/smartfony-i-zegarki/akcesoria-do-telefonow/ladowarki-sieciowe/ladowarka-sieciowa-ugreen-nexode-air-65w-szary;74.99;139.99;78.00;WRZESIEN1809
2026-09-19 17:27:17;Media Expert;Klawiatura GENESIS Thor 404 TKL RGB Hot Swap Kailh Box Brown V2 Switch Biały;GENESIS;Klawiatury;-;https://www.mediaexpert.pl/komputery-i-tablety/klawiatury-komputerowe/klawiatury/klawiatura-genesis-thor-404-tkl-kailh-rgb;214.92;249.00;214.93;AK1909-2009
2026-09-19 17:27:17;Media Expert;Klawiatura REDRAGON Aria Pro K527WBL-PRO;REDRAGON;Klawiatury;-;https://www.mediaexpert.pl/komputery-i-tablety/klawiatury-komputerowe/klawiatury/klawiatura-redragon-aria-pro-k527wbl-pro;97.99;129.00;98.00;ME2808-300926
2026-09-19 17:27:17;Media Expert;Mysz GLORIOUS Model D Czarny;GLORIOUS ;Myszki;-;https://www.mediaexpert.pl/komputery-i-tablety/myszy-komputerowe/myszki-uniwersalne/mysz-glorious-model-d-czarny-1;118.00;149.99;119.00;WRZESIEN1809
2026-09-19 17:27:17;Media Expert;Słuchawki TRUST GXT415W Zirox Nauszne, Dźwięk przestrzenny;TRUST;Słuchawki z mikrofonem;-;https://www.mediaexpert.pl/komputery-i-tablety/sluchawki-i-glosniki-komputerowe/sluchawki-z-mikrofonem/sluchawki-trust-gxt415w-zirox;59.99;74.99;74.99;ME0609-300926
2026-09-19 17:27:18;Media Expert;Fotel gamingowy RAZER Iskur V2 X Szary;RAZER;Fotele gamingowe;-;https://www.mediaexpert.pl/gaming/pokoj-gracza/fotele-gamingowe/fotel-gamingowy-razer-iskur-v2-x-szary;989.99;1099.00;1099.00;ME0709-300926
2026-09-19 17:27:18;Media Expert;Kontroler 8BITDO Ultimate 2 Wireless 2.4G Fioletowy;8BITDO;Pady;-;https://www.mediaexpert.pl/gaming/kontrolery-pady/kontroler-8bitdo-ultimate-2-wireless-2-4g-fioletowy;218.97;249.99;218.98;ME1709-270926
2026-09-19 17:27:18;Media Expert;Nakładki na analogi KONTROLFREEK Footbal Kit do padów PS4/PS5;KONTROLFREEK;Klawiatury i nakładki;-;https://www.mediaexpert.pl/gaming/akcesoria-do-konsol/klawiatury-i-nakladki/nakladki-na-analogi-kontrolfreek-footbal-kit-do-padow-ps4-ps5;49.99;49.99;0.00;
2026-09-19 17:27:18;Media Expert;Aparat KODAK AZ426 Czarny + baterie + etui + karta pamięci 64GB, 20Mpix, 42x zoom optyczny;KODAK;Aparaty cyfrowe;-;https://www.mediaexpert.pl/foto-i-kamery/aparaty-fotograficzne/aparat-cyfrowy/aparat-kodak-az426-czarny-baterie-etui-karta-pamieci-64gb;1399.96;1539.99;1399.97;RW0109-3009
2026-09-19 17:27:18;Media Expert;Aparat bezusterkowy CANON EOS R50 V + Obiektyw RF-S 14-30 mm f/4.0-6.3 IS STM PZ, 24.2Mpix, 4K, DIGIC X;CANON;Aparaty bezlusterkowe;-;https://www.mediaexpert.pl/foto-i-kamery/aparaty-fotograficzne/aparaty-z-wymienna-optyka-bezlustrowce/aparat-canon-eos-r50-v-obiektyw-rf-s-14-30-mm-f-4-0-6-3-is-stm-pz;3899.00;3899.00;0.00;
2026-09-19 17:27:19;Media Expert;Wideorejestrator GOLDENLINE DC820 WiFi, Kamera tylna;GOLDENLINE;Wideorejestratory;-;https://www.mediaexpert.pl/foto-i-kamery/kamery/wideorejestratory/wideorejestrator-gotze-jensen-dc820;219.00;219.00;0.00;
2026-09-19 17:27:19;Media Expert;Dron HOVERAIR AQUA Standard (Wodny);HOVERAIR;Drony;-;https://www.mediaexpert.pl/foto-i-kamery/drony-i-akcesoria/drony/dron-hoverair-aqua-standard-wodny;4499.00;5499.00;5499.00;ME1909-270926
2026-09-19 17:27:19;Media Expert;Plecak K&F CONCEPT KF13.119 Czarno-zielony;K&F CONCEPT;Torby, plecaki i pokrowce foto;-;https://www.mediaexpert.pl/foto-i-kamery/akcesoria-do-aparatow-i-kamer/torby-i-plecaki-foto/plecak-k-f-concept-kf13-119-czarno-zielony;316.99;316.99;0.00;L2808-300926
2026-09-19 17:27:19;Media Expert;Lodówka INDESIT INKF8251S4E No frost 180cm Srebrna;INDESIT;Lodówki;-;https://www.mediaexpert.pl/agd/lodowki-i-zamrazarki/lodowki/lodowka-indesit-inkf8251s4e-no-frost-180cm-srebrna;1299.00;1299.99;1299.99;ME1109-031026
2026-09-19 17:27:20;Media Expert;Lodówka BEKO b100 RCSA240K40SN 152.8cm Inox;BEKO;Lodówki;-;https://www.mediaexpert.pl/agd/lodowki-i-zamrazarki/lodowki/lodowka-beko-rcsa240k40sn-152-8cm-srebrna;1359.00;1499.00;1369.00;ME1109-031026
2026-09-19 17:27:20;Media Expert;Lodówka BOSCH Seria 4 KGN397LDF No frost 203cm Srebrna;BOSCH;Lodówki;-;https://www.mediaexpert.pl/agd/lodowki-i-zamrazarki/lodowki/lodowka-bosch-kgn397ldf;2388.98;2699.99;2388.99;ME1409-071026
2026-09-19 17:27:20;Media Expert;Lodówka INDESIT INKF8251W4E 180cm Biała;INDESIT;Lodówki;-;https://www.mediaexpert.pl/agd/lodowki-i-zamrazarki/lodowki/lodowka-indesit-inkf8251w4e-180cm-biala;1299.00;1429.00;1429.00;ME0709-300926
2026-09-19 17:27:20;Media Expert;Lodówka LG F-UB5 GBBSJ20ESW No frost AI Inverter AI Fresh AI Saving Mode 203cm Biała;LG;Lodówki;-;https://www.mediaexpert.pl/agd/lodowki-i-zamrazarki/lodowki/lodowka-lg-ai-gbbsj20esw-no-frost-203cm-biala;2274.99;2398.99;2279.00;ME0809-300926
2026-09-19 17:27:21;Media Expert;Lodówka WHIRLPOOL WHK26412X5EA2 No Frost AI AdaptiveCool 203.5cm Szary;WHIRLPOOL;Lodówki;-;https://www.mediaexpert.pl/agd/lodowki-i-zamrazarki/lodowki/lodowka-whirlpool-whk-26412-x5ea2-no-frost-ai-adaptivecool-203-5cm-szary;2399.00;2799.00;2598.99;ME0709-300926
2026-09-19 17:27:21;Media Expert;Lodówka MIDEA MDRB548MIC45P No frost 186 cm Szczotkowana stal nierdzewna;MIDEA;Lodówki;-;https://www.mediaexpert.pl/agd/lodowki-i-zamrazarki/lodowki/lodowka-midea-mdrb548mic45p-no-frost-186-cm-szczotkowana-stal-nierdzewna;2649.00;2649.00;0.00;
2026-09-19 17:27:21;Media Expert;Lodówka MPM 427-SBS-03/N No frost Side by side 177cm Czarny;MPM;Lodówki;-;https://www.mediaexpert.pl/agd/lodowki-i-zamrazarki/lodowki/lodowka-mpm-427-sbs-03-n-side-by-side-no-frost-177cm-czarny;2494.99;2699.00;2498.99;ME0709-300926
2026-09-19 17:27:21;Media Expert;Lodówka MPM 503-SSI-13 D No frost Side by side 190.2cm Czarne szkło;MPM;Lodówki;-;https://www.mediaexpert.pl/agd/lodowki-i-zamrazarki/lodowki/lodowka-mpm-503-ssi-13-d-slot-in-side-by-side-no-frost-190-2cm-czarne-szklo;4939.99;5199.00;4998.98;ME0809-300926
2026-09-19 17:27:22;Media Expert;Lodówka SHARP 780D SJ-GP780D-BK No frost Side by side 4D ION Plasmacluster 183cm Czarne szkło;SHARP;Lodówki;-;https://www.mediaexpert.pl/agd/lodowki-i-zamrazarki/lodowki/lodowka-sharp-sj-gp780d-bk-no-frost-183cm-czarna;9309.99;9799.00;9598.99;ME0709-300926
2026-09-19 17:27:22;Media Expert;Chłodziarka do wina MPM 48-CW-48;MPM;Chłodziarki do wina;-;https://www.mediaexpert.pl/agd/lodowki-i-zamrazarki/chlodziarki-do-wina/chlodziarka-do-wina-mpm-48-cw-48;749.99;799.00;754.98;ME0709-300926
2026-09-19 17:27:22;Media Expert;Pralka LG MF2W8S506J 8kg Slim 48cm  1200obr AI DD;LG;Pralki;-;https://www.mediaexpert.pl/agd/pralki-i-suszarki/pralki/pralka-lg-ai-mf2w8s506j-8kg-1200-obr-steamspa;1799.00;2299.00;2299.00;PNU0409-1510
2026-09-19 17:27:22;Media Expert;Pralka MIELE W1 WWA120 WCS 8kg 60cm 1400obr;MIELE;Pralki;-;https://www.mediaexpert.pl/agd/pralki-i-suszarki/pralki/pralka-miele-w1-wwa120-wcs-8kg-1400-obr-active;2993.91;3299.99;2994.00;ME0709-300926
2026-09-19 17:27:22;Media Expert;Pralka CANDY ProWash 500 BR 26SSR6G-S 6kg Slim 42cm 1200obr AI ProWash, Silent Motion Sterowanie smartfonem;CANDY;Pralki;-;https://www.mediaexpert.pl/agd/pralki-i-suszarki/pralki/pralka-candy-ai-br-26ssr6g-s-6kg-1200-obr;1338.00;1859.00;1338.99;ME0709-300926
2026-09-19 17:27:23;Media Expert;Pralka ASKO W1094W 9kg 57.2cm 1400obr Sterowanie smartfonem;ASKO;Pralki;-;https://www.mediaexpert.pl/agd/pralki-i-suszarki/pralki/pralka-asko-w1094w-9kg-1400-obr;3599.00;4299.00;3799.00;ME0709-300926
2026-09-19 17:27:23;Media Expert;Pralka MPM-5814-PH-47 8kg 1400 obr;MPM;Pralki;-;https://www.mediaexpert.pl/agd/pralki-i-suszarki/pralki/pralka-mpm-5814-ph-47-8kg-1400-obr;1399.99;1499.00;1414.99;ME0709-300926
2026-09-19 17:27:23;Media Expert;Pralka BEKO b300 BM3WFSU37015WAR 7kg Slim 41.8cm 1000obr;BEKO;Pralki;-;https://www.mediaexpert.pl/agd/pralki-i-suszarki/pralki/pralka-beko-bm3wfsu37015war-b100-7kg-1200-obr-a-aquawave;1349.99;1349.99;0.00;
2026-09-19 17:27:23;Media Expert;Pralka ELECTROLUX 500 TimeCare EW2TN35262P 6kg 59.9cm 1200obr;ELECTROLUX;Pralki;-;https://www.mediaexpert.pl/agd/pralki-i-suszarki/pralki/pralka-electrolux-ew2tn35262p-6kg-1200-obr;1299.00;1849.99;1404.99;PNU1809-2409
2026-09-19 17:27:24;Media Expert;Pralka WHIRLPOOL TDLR6261BSPLN 6kg 60cm 1200obr;WHIRLPOOL;Pralki;-;https://www.mediaexpert.pl/agd/pralki-i-suszarki/pralki/pralka-whirlpool-tdlr-6261bs-pln-6kg-1200-obr;1599.00;1719.00;1609.99;ME0109-300926
2026-09-19 17:27:24;Media Expert;Suszarka HISENSE Seria 5i DH5I104BWAB 64 cm Sterowanie smartfonem;HISENSE;Suszarki;-;https://www.mediaexpert.pl/agd/pralki-i-suszarki/suszarki/suszarka-hisense-seria-5i-dh5i104bwab-z-pompa-ciepla-icare-idry-29min-ifit-allergycare-60db-gentledry-connectlife;3698.96;3999.99;3698.97;RW0109-3009
2026-09-19 17:27:24;Media Expert;Suszarka BOSCH Serie 6 WQG243CRPL 61.3 cm;BOSCH;Suszarki;-;https://www.mediaexpert.pl/agd/pralki-i-suszarki/suszarki/suszarka-bosch-serie-6-wqg243crpl-z-pompa-ciepla;3199.00;3599.99;3229.98;ME0709-300926
2026-09-19 17:27:24;Media Expert;Suszarka SHARP KD-NHL9S9GWC-PL 53.4 cm;SHARP;Suszarki;-;https://www.mediaexpert.pl/agd/pralki-i-suszarki/suszarki/suszarka-sharp-kd-nhl9s9gwc-pl-z-pompa-ciepla;1898.00;2599.00;1898.99;ME0709-300926
2026-09-19 17:27:25;Media Expert;Suszarka MIDEA MD210H100BW W-PL z pompą ciepła;MIDEA;Suszarki;-;https://www.mediaexpert.pl/agd/pralki-i-suszarki/suszarki/suszarka-midea-md210h100bw-w-pl-z-pompa-ciepla;2299.00;2699.00;2699.00;ME1809-031026
2026-09-19 17:27:25;Media Expert;Pralko-suszarka ELECTROLUX DelicateCare 900 EW9W161BC 63.6 cm Pompa ciepła Sterowanie smartfonem;ELECTROLUX;Pralko-suszarki;-;https://www.mediaexpert.pl/agd/pralki-i-suszarki/pralko-suszarki/pralko-suszarka-electrolux-ew9w161bc-delicatecare-900-z-pompa-ciepla-woolmark-blue;4295.99;5599.99;4296.00;ME1609-031026
2026-09-19 17:27:25;Media Expert;Pralko-suszarka HAIER X11 HWD120BD16397EUS 61.2 cm Pompa ciepła Funkcje AI Sterowanie smartfonem;HAIER;Pralko-suszarki;-;https://www.mediaexpert.pl/agd/pralki-i-suszarki/pralko-suszarki/pralko-suszarka-haier-hwd120bd16397eus;6319.99;6319.99;0.00;
2026-09-19 17:27:25;Media Expert;Zmywarka AMICA MDFM43E6QW SilentDrive 2.0;AMICA;Zmywarki;-;https://www.mediaexpert.pl/agd/zmywarki-i-akcesoria/zmywarki/zmywarka-amica-mdfm43e6qw-silentdrive-2-0;1199.98;1339.99;1199.99;RW0109-3009
2026-09-19 17:27:26;Media Expert;Zmywarka BOSCH SMS4EKI06E Serie 4 EffcientDry;BOSCH;Zmywarki;-;https://www.mediaexpert.pl/agd/zmywarki-i-akcesoria/zmywarki/zmywarka-bosch-sps4eki24e-1;2548.00;2699.00;2548.99;ME0609-300926
2026-09-19 17:27:26;Media Expert;Zmywarka WHIRLPOOL W8FHP51X MaxiSpace PowerClean Pro Kosz SpaceClean Autootwieranie drzwi 60cm Inox;WHIRLPOOL;Zmywarki;-;https://www.mediaexpert.pl/agd/zmywarki-i-akcesoria/zmywarki/zmywarka-whirlpool-w8f-hp51x;1999.99;2419.00;2299.00;ME1709-091026
2026-09-19 17:27:26;Media Expert;Zmywarka BOSCH SMS4EVI08E;BOSCH;Zmywarki;-;https://www.mediaexpert.pl/agd/zmywarki-i-akcesoria/zmywarki/zmywarka-bosch-sms4evi08e;2599.00;2599.00;0.00;
2026-09-19 17:27:26;Media Expert;Kuchnia HISENSE HEITS5D70BPMPG Air Fry, program Pizza;HISENSE;Kuchnie;-;https://www.mediaexpert.pl/agd/kuchnie/kuchnie-wolnostojace/kuchnia-hisense-heits5d70bpmpg;2549.00;2969.00;2549.92;ME1409-071026
2026-09-19 17:27:27;Media Expert;Kuchnia AMICA 6123GED3.39HZpTsDpNA(W) Termoobieg;AMICA;Kuchnie;-;https://www.mediaexpert.pl/agd/kuchnie/kuchnie-wolnostojace/kuchnia-amica-6123ged3-39hzptsdpna-w;1688.00;1899.99;1688.99;ME1409-031026
2026-09-19 17:27:27;Media Expert;Kuchnia AMICA 617DGE2.33HZPTADPAN(XX) Timer Double Cavity - dwa piekarniki Termoobieg;AMICA;Kuchnie;-;https://www.mediaexpert.pl/agd/kuchnie/kuchnie-wolnostojace/kuchnia-amica-617dge2-23hzptadpan-xx;2379.00;2499.00;2379.99;ME1609-031026
2026-09-19 17:27:27;Media Expert;Kuchnia AMICA 58CE2.315HQ(Xx) Termoobieg;AMICA;Kuchnie;-;https://www.mediaexpert.pl/agd/kuchnie/kuchnie-wolnostojace/kuchnia-amica-58ce2-315hq-xx;1798.00;1798.00;0.00;
2026-09-19 17:27:27;Media Expert;Kuchenka mikrofalowa HISENSE H20MOWP1HG 700W średnica 25.5 cm pojemność 20L Biało-czarny;HISENSE;Mikrofalówki;-;https://www.mediaexpert.pl/agd-male/do-kuchni/kuchnie-mikrofalowe/kuchenka-mikrofalowa-hisense-h20mowp1hg;279.97;329.99;279.98;RW0109-3009
2026-09-19 17:27:27;Media Expert;Kuchenka mikrofalowa SENCOR SMW 7123BK 800W beztalerzowa pojemność 23L;SENCOR;Mikrofalówki;-;https://www.mediaexpert.pl/agd-male/do-kuchni/kuchnie-mikrofalowe/kuchenka-mikrofalowa-sencor-smw-7123bk-800w-beztalerzowa-pojemnosc-23l;429.00;499.00;430.64;ME1809-031026
2026-09-19 17:27:28;Media Expert;Zamrażarka szufladowa MPM 46-ZS-01B 33l;MPM;Zamrażarki;-;https://www.mediaexpert.pl/agd/lodowki-i-zamrazarki/zamrazarki/zamrazarka-mpm-46-zs-01b;514.99;549.00;519.97;ME0809-300926
2026-09-19 17:27:28;Media Expert;Zamrażarka szufladowa CANDY CNUQ2L513EX 169l;CANDY;Zamrażarki;-;https://www.mediaexpert.pl/agd/lodowki-i-zamrazarki/zamrazarki/zamrazarka-candy-cnuq2l513ex;1199.00;1599.00;1498.99;ME0709-300926
2026-09-19 17:27:28;Media Expert;Łącznik do pralek i suszarek SHARP SKD-NW z wysuwaną półką;SHARP;Łączniki pralek i suszarek;-;https://www.mediaexpert.pl/agd/pralki-i-suszarki/laczniki-pralek-i-suszarek/lacznik-sharp-skd-nw;269.99;299.00;299.00;ME1509-031026
2026-09-19 17:27:28;Media Expert;Piekarnik AMICA TED37739ArBA+V STEAM PIZZA Elektryczny Czarny A;AMICA;Piekarniki do zabudowy;-;https://www.mediaexpert.pl/agd-do-zabudowy/piekarniki-do-zabudowy/piekarnik-amica-ted37739arba-v-steam-pizza-elektryczny-czarny-a;1597.00;1899.99;1598.00;ME1209-031026
2026-09-19 17:27:29;Media Expert;Piekarnik elektryczny Candy F ACDI Z600 L Air Fry Termoobieg Prowadnice teleskopowe Czarny;CANDY;Piekarniki do zabudowy;-;https://www.mediaexpert.pl/agd-do-zabudowy/piekarniki-do-zabudowy/piekarnik-candy-f-acdi-z600-l-elektryczny-czarny-a;748.00;999.99;748.99;ME1409-031026
2026-09-19 17:27:29;Media Expert;Piekarnik AMICA ED97699WA+ X-TYPE Steam Elektryczny parowy Biały A+;AMICA;Piekarniki do zabudowy;-;https://www.mediaexpert.pl/agd-do-zabudowy/piekarniki-do-zabudowy/piekarnik-amica-ed97699wa-x-type-steam-elektryczny-parowy-bialy-a;1630.00;1689.98;1638.99;ME1409-031026
2026-09-19 17:27:29;Media Expert;Piekarnik ELECTROLUX CombiQuick 600 EVL6E49X Elektryczny z mikrofalą Stal szlachetna;ELECTROLUX;Piekarniki do zabudowy;-;https://www.mediaexpert.pl/agd-do-zabudowy/piekarniki-do-zabudowy/piekarnik-electrolux-combiquick-600-evl6e49x-elektryczny-z-mikrofala-stal-szlachetna;2808.00;2999.99;2809.00;ME1409-031026
2026-09-19 17:27:29;Media Expert;Piekarnik SAMSUNG NV75T8979RK EO Dual Cook Elektryczny parowy Czarny A+;SAMSUNG;Piekarniki do zabudowy;-;https://www.mediaexpert.pl/agd-do-zabudowy/piekarniki-do-zabudowy/piekarnik-samsung-nv75t8979rk-eo-dual-cook-steam;4799.00;4999.00;4999.00;ME1409-031026
2026-09-19 17:27:30;Media Expert;Piekarnik ELECTROLUX 900 ProAssist EOB9S3ST Elektryczny parowy Czarny matowy A++;ELECTROLUX;Piekarniki do zabudowy;-;https://www.mediaexpert.pl/agd-do-zabudowy/piekarniki-do-zabudowy/piekarnik-electrolux-900-proassist-eob9s3st-elektryczny-parowy-czarny-matowy-a;5799.00;5999.00;5999.00;ME1409-031026
2026-09-19 17:27:30;Media Expert;Piekarnik BEKO b300 BBIS17301BMP Elektryczny parowy Czarny A+ AeroPerfect SteamAssisted;BEKO;Piekarniki do zabudowy;-;https://www.mediaexpert.pl/agd-do-zabudowy/piekarniki-do-zabudowy/piekarnik-beko-bbis17301bmp-b300-elektryczny-parowy-czarny-a;1899.00;1899.00;0.00;
2026-09-19 17:27:30;Media Expert;Płyta indukcyjna z wbudowanym okapem ELECTROLUX ECC83443CZ SaphirMatt® Czarny mat;ELECTROLUX;Płyty do zabudowy;-;https://www.mediaexpert.pl/agd-do-zabudowy/plyty-do-zabudowy/plyta-indukcujna-z-wbudowanym-okapem-electrolux-ecc83443cz;7998.96;8799.99;7998.97;RW0109-3009
2026-09-19 17:27:30;Media Expert;Płyta indukcyjna ELECTROLUX EIV835 SLIM-FIT;ELECTROLUX;Płyty do zabudowy;-;https://www.mediaexpert.pl/agd-do-zabudowy/plyty-do-zabudowy/plyta-indukcyjna-electrolux-eiv835-slim-fit;2846.00;3099.00;2846.99;ME1109-031026
2026-09-19 17:27:30;Media Expert;Płyta ceramiczna MIDEA MCH300D111KO;MIDEA;Płyty do zabudowy;-;https://www.mediaexpert.pl/agd-do-zabudowy/plyty-do-zabudowy/plyta-ceramiczna-midea-mch300d111ko;349.99;399.99;399.99;ME1008-300926
2026-09-19 17:27:31;Media Expert;Płyta indukcyjna BOSCH PIB375FB1E;BOSCH;Płyty do zabudowy;-;https://www.mediaexpert.pl/agd-do-zabudowy/plyty-do-zabudowy/plyta-indukcyjna-bosch-pib375fb1e;1724.00;1814.46;1724.99;ME1609-031026
2026-09-19 17:27:31;Media Expert;Płyta ceramiczna AMICA PC6420ZT;AMICA;Płyty do zabudowy;-;https://www.mediaexpert.pl/agd-do-zabudowy/plyty-do-zabudowy/plyta-ceramiczna-amica-pc6420zt;1134.00;1198.98;1134.98;ME1409-031026
2026-09-19 17:27:31;Media Expert;Płyta indukcyjna z wbudowanym okapem FRANKE Smart 2gether Ellipse FSM 7072 4RC R HI 340.0731.893;FRANKE;Płyty do zabudowy;-;https://www.mediaexpert.pl/agd-do-zabudowy/plyty-do-zabudowy/plyta-indukcyjna-z-wbudowanym-okapem-franke-smart-2gether-ellipse-fsm-7072-4rc-r-hi-340-0731-893;5348.99;6399.99;5349.00;ME1609-031026
2026-09-19 17:27:31;Media Expert;Płyta indukcyjna z okapem ELECTROLUX ECC8549;ELECTROLUX;Płyty do zabudowy;-;https://www.mediaexpert.pl/agd-do-zabudowy/plyty-do-zabudowy/plyta-indukcyjna-z-okapem-electrolux-ecc8549;9699.00;9699.00;0.00;
2026-09-19 17:27:32;Media Expert;Płyta gazowa SIEMENS EN6B6PK40;SIEMENS;Płyty do zabudowy;-;https://www.mediaexpert.pl/agd-do-zabudowy/plyty-do-zabudowy/plyta-gazowa-siemens-en6b6pk40;1099.00;1149.00;1149.00;ME1409-031026
2026-09-19 17:27:32;Media Expert;Płyta gazowa TEKA GZC 75330 XBC ST;TEKA;Płyty do zabudowy;-;https://www.mediaexpert.pl/agd-do-zabudowy/plyty-do-zabudowy/plyta-teka-gzc-75330-xbc-st;1799.00;1898.99;1898.99;ME1409-031026
2026-09-19 17:27:32;Media Expert;Zmywarka WHIRLPOOL WH8IA15AM3TUS0 MaxiSpace PowerClean Pro Kosz SpaceClean 60cm Zawiasy ślizgowe;WHIRLPOOL;Zmywarki do zabudowy;-;https://www.mediaexpert.pl/agd-do-zabudowy/zmywarki-do-zabudowy/zmywarka-whirlpool-wh8ia15am3tus0;3198.96;3519.99;3198.97;RW0109-3009
2026-09-19 17:27:32;Media Expert;Zmywarka ELECTROLUX EEA23220L AirDry 300 45 cm QuickSelect;ELECTROLUX;Zmywarki do zabudowy;-;https://www.mediaexpert.pl/agd-do-zabudowy/zmywarki-do-zabudowy/zmywarka-electrolux-eea23220l;1579.00;1799.00;1589.00;ME0709-190926
2026-09-19 17:27:33;Media Expert;Zmywarka BEKO bPRO700 BDIN38557 Autootwieranie drzwi LedSpot Szuflada na sztućce 60cm;BEKO;Zmywarki do zabudowy;-;https://www.mediaexpert.pl/agd-do-zabudowy/zmywarki-do-zabudowy/zmywarka-beko-bdin38557;1788.00;2099.00;1797.99;ME0709-190926
2026-09-19 17:27:33;Media Expert;Zmywarka AMICA DIF62D4EMIMG;AMICA;Zmywarki do zabudowy;-;https://www.mediaexpert.pl/agd-do-zabudowy/zmywarki-do-zabudowy/zmywarka-amica-dif62d4emimg;1299.00;1499.99;1389.00;WRZESIEN1809
2026-09-19 17:27:33;Media Expert;Zmywarka MPM-45-ZMI-02;MPM;Zmywarki do zabudowy;-;https://www.mediaexpert.pl/agd-do-zabudowy/zmywarki-do-zabudowy/zmywarka-mpm-45-zmi-02;1199.00;1299.00;1299.00;ME0609-300926
2026-09-19 17:27:33;Media Expert;Zmywarka BOSCH SPI6EMS21E;BOSCH;Zmywarki do zabudowy;-;https://www.mediaexpert.pl/agd-do-zabudowy/zmywarki-do-zabudowy/zmywarka-siemens-spi6ems21e;3399.00;3799.00;3489.00;ME0709-190926
2026-09-19 17:27:33;Media Expert;Zmywarka DREAME DZ40Pro;DREAME;Zmywarki do zabudowy;-;https://www.mediaexpert.pl/agd-do-zabudowy/zmywarki-do-zabudowy/zmywarka-dreame-dz40pro;2448.99;2499.00;2449.00;ME0809-300926
2026-09-19 17:27:34;Media Expert;Zmywarka AMICA DIM46C6EBOITH MaxiSpace3;AMICA;Zmywarki do zabudowy;-;https://www.mediaexpert.pl/agd-do-zabudowy/zmywarki-do-zabudowy/zmywarka-amica-dim46c6eboith-a-10kpl-6pr-45cm-44db-a-3kosz;1649.99;1649.99;0.00;
2026-09-19 17:27:34;Media Expert;Lodówka BOSCH Seria 2 KIN96NSE0 No frost 193.5cm;BOSCH;Lodówki do zabudowy;-;https://www.mediaexpert.pl/agd-do-zabudowy/lodowki-i-zamrazarki-do-zabudowy/lodowki-do-zabudowy/lodowka-bosch-kin96nse0;3699.00;4499.00;4499.00;ME1109-031026
2026-09-19 17:27:34;Media Expert;Lodówka WHIRLPOOL Thunder WHC20T593P No frost 193.5;WHIRLPOOL;Lodówki do zabudowy;-;https://www.mediaexpert.pl/agd-do-zabudowy/lodowki-i-zamrazarki-do-zabudowy/lodowki-do-zabudowy/lodowka-whirlpool-whc20-t593-p-nofrost;3349.00;3649.00;3649.00;ME1109-031026
2026-09-19 17:27:34;Media Expert;Lodówka HISENSE RB3B250SAWE No frost 177.2cm;HISENSE;Lodówki do zabudowy;-;https://www.mediaexpert.pl/agd-do-zabudowy/lodowki-i-zamrazarki-do-zabudowy/lodowki-do-zabudowy/lodowka-hisense-rb3b250sawe;2459.99;2459.99;0.00;
2026-09-19 17:27:35;Media Expert;Lodówka MPM-100-CJI-19 82cm;MPM;Lodówki do zabudowy;-;https://www.mediaexpert.pl/agd-do-zabudowy/lodowki-i-zamrazarki-do-zabudowy/lodowki-do-zabudowy/lodowka-mpm-100-cji-19;1094.99;1149.00;1098.99;ME0709-300926
2026-09-19 17:27:35;Media Expert;Okap ELECTROLUX EFG716R Czarny 700m3/h 67dB klasa A;ELECTROLUX;Okapy;-;https://www.mediaexpert.pl/agd-do-zabudowy/okapy-do-zabudowy/okap-electrolux-efg716r;1599.55;1759.99;1599.56;RW0109-3009
2026-09-19 17:27:35;Media Expert;Okap HAIER HADG6CBS4B Czarny 843m3/h 63dB klasa A++;HAIER;Okapy;-;https://www.mediaexpert.pl/agd-do-zabudowy/okapy-do-zabudowy/okap-haier-hadg6cbs4b-czarny;1824.00;2099.99;2019.00;ME1809-031026
2026-09-19 17:27:35;Media Expert;Okap VDB Stil Czarny 648m3/h 69dB klasa B;VDB;Okapy;-;https://www.mediaexpert.pl/agd-do-zabudowy/okapy-do-zabudowy/okap-vdb-stil-czarny;1099.00;1299.00;1299.00;ME1809-031026
2026-09-19 17:27:36;Media Expert;Okap SIEMENS LC97BDN60 Czarny matowy 699 m3/h 56dB klasa A++;SIEMENS;Okapy;-;https://www.mediaexpert.pl/agd-do-zabudowy/okapy-do-zabudowy/okap-siemens-lc97bdn60-czarny-matowy-699-m3-h-56db-klasa-a;2307.00;2806.82;2806.82;ME1809-031026
2026-09-19 17:27:36;Media Expert;Okap BOSCH DWK91LT20 Białe szkło 1007m3/h 51dB klasa A+;BOSCH;Okapy;-;https://www.mediaexpert.pl/agd-do-zabudowy/okapy-do-zabudowy/okap-bosch-dwk91lt20-biale-szklo;3849.00;4349.00;4037.96;ME1809-031026
2026-09-19 17:27:36;Media Expert;Okap AMICA OTP6253BG Czarny 389m3/h 65dB klasa C Automatyczny włącznik/wyłącznik;AMICA;Okapy;-;https://www.mediaexpert.pl/agd-do-zabudowy/okapy-do-zabudowy/okap-amica-otp6253bg-czarny-389m3-h-65db-klasa-c-automatyczny-wlacznik-wylacznik;439.00;549.00;488.83;ME1809-031026
2026-09-19 17:27:36;Media Expert;Okap SIEMENS LI64MA531 Srebrny 404m³/h 62dB klasa A;SIEMENS;Okapy;-;https://www.mediaexpert.pl/agd-do-zabudowy/okapy-do-zabudowy/okap-siemens-li64ma531-srebrny-270m3-h-62db-klasa-a;1094.00;1198.98;1134.97;ME1809-031026
2026-09-19 17:27:37;Media Expert;Okap MAAN Corona Bis 60 Czarne szkło 635m3/h 68dB klasa B;MAAN;Okapy;-;https://www.mediaexpert.pl/agd-do-zabudowy/okapy-do-zabudowy/okap-maan-corona-bis-60;628.00;628.00;0.00;
2026-09-19 17:27:37;Media Expert;Okap AMICA OSC5231B Czarny/czarne szkło 173m3/h 63dB klasa C;AMICA;Okapy;-;https://www.mediaexpert.pl/agd-do-zabudowy/okapy-do-zabudowy/okap-amica-osc5231b;299.00;349.00;314.97;ME1809-031026
2026-09-19 17:27:37;Media Expert;Okap ELECTROLUX LFG916K Czarny 680m3/h 54dB klasa A++ technologia Silent Tech Inteligentne sterowanie Hob2Hood;ELECTROLUX;Okapy;-;https://www.mediaexpert.pl/agd-do-zabudowy/okapy-do-zabudowy/okap-electrolux-lfg916k-942-022-840-czarny-680m3-h-54db-klasa-a;2959.00;3298.93;3298.93;ME1809-031026
2026-09-19 17:27:37;Media Expert;Okap GLOBALO Senturo 60.3 Czarny 525m3/h 66dB klasa B;GLOBALO;Okapy;-;https://www.mediaexpert.pl/agd-do-zabudowy/okapy-do-zabudowy/okap-globalo-senturo-60-3-czarny;1024.00;1159.00;1159.00;ME1809-031026
2026-09-19 17:27:37;Media Expert;Okap VDB Conti 60 Czarny 171m3/h 62db klasa C;VDB;Okapy;-;https://www.mediaexpert.pl/agd-do-zabudowy/okapy-do-zabudowy/okap-vdb-conti-60-czarny;349.00;399.00;399.00;ME1809-031026
2026-09-19 17:27:38;Media Expert;Okap FABER Inka Lux Smart EV8 X 52 Inox 590m3/h 65dB klasa B;FABER;Okapy;-;https://www.mediaexpert.pl/agd-do-zabudowy/okapy-do-zabudowy/okap-faber-inka-lux-smart-ev8-x-52-inox-590m3-h-65db-klasa-b;1379.00;1599.00;1498.99;ME1909-031026
2026-09-19 17:27:38;Media Expert;Okap AKPO WK-9 Lungo 150 Czarny mat 471.3m3/h 65dB klasa B;AKPO;Okapy;-;https://www.mediaexpert.pl/agd-do-zabudowy/okapy-do-zabudowy/okap-akpo-wk-9-lungo-150-czarny-mat-471-3m3-h-65db-klasa-b;4199.00;4749.99;4339.00;ME1509-031026
2026-09-19 17:27:38;Media Expert;Kuchenka mikrofalowa WHIRLPOOL WMD54MBG 1000W średnica 32.5 cm pojemność 31L Szósty zmysł Talerz Crisp Beżowy;WHIRLPOOL;Kuchenki mikrofalowe do zabudowy;-;https://www.mediaexpert.pl/agd-do-zabudowy/kuchnie-mikrofalowe-do-zabudowy/kuchnia-mikrofalowa-whirlpool-wmd54mbg-absolute-poj-31-szampanski;2298.96;2529.99;2298.97;RW0109-3009
2026-09-19 17:27:38;Media Expert;Kuchenka mikrofalowa GORENJE BM201AG1BG;GORENJE;Kuchenki mikrofalowe do zabudowy;-;https://www.mediaexpert.pl/agd-do-zabudowy/kuchnie-mikrofalowe-do-zabudowy/kuchenka-mikrofalowa-gorenje-bm201ag1bg;899.00;948.98;948.98;ME1409-031026
2026-09-19 17:27:39;Media Expert;Pralka do zabudowy AMICA  8kg 1200obr;AMICA;Pralki do zabudowy;-;https://www.mediaexpert.pl/agd-do-zabudowy/pralki-i-suszarki-do-zabudowy/pralki-do-zabudowy/pralka-amica-wabic812alisto-8kg-1200-obr;1594.99;1799.00;1597.00;ME0709-300926
2026-09-19 17:27:39;Media Expert;Pralko-suszarka do zabudowy CANDY BC4S695M6D8-S Funkcje AI Sterowanie smartfonem;CANDY;Pralko-suszarki do zabudowy;-;https://www.mediaexpert.pl/agd-do-zabudowy/pralki-i-suszarki-do-zabudowy/pralko-suszarki-do-zabudowy/pralko-suszarka-candy-prowash-dry-400-bc4s695m6d8-s;1984.99;2099.00;1989.99;ME0709-300926
2026-09-19 17:27:39;Media Expert;Odkurzacz pionowy ELECTROLUX Absolute Hygienic 800 EP83HB25WU Bezprzewodowy;ELECTROLUX;Odkurzacze pionowe;-;https://www.mediaexpert.pl/agd-male/sprzatanie/odkurzacze-pionowe/odkurzacz-pionowy-electrolux-ep83hb25wu;2499.96;2999.99;2499.97;RW0109-3009
2026-09-19 17:27:39;Media Expert;Zestaw z mopem LEIFHEIT Clean Twist Mop Ergo;LEIFHEIT;Mopy;-;https://www.mediaexpert.pl/dom/utrzymanie-czystosci/szczotki-mopy-scierki-wiadra/zestaw-z-mopem-leifheit-clean-twist-mop-ergo-2;119.99;139.99;139.99;ME0109-300926
2026-09-19 17:27:40;Media Expert;Żelazko TEFAL Steam Iron Ultimate 3 FV9852E0;TEFAL;Żelazka;-;https://www.mediaexpert.pl/agd-male/prasowanie-i-pielegnacja-ubran/zelazka/zelazko-tefal-fv9852e0-steam-iron-ultimate-3;409.98;599.00;409.99;ME1309-031026
2026-09-19 17:27:40;Media Expert;Generator pary TEFAL Express Optimal SV4110E0;TEFAL;Generatory pary;-;https://www.mediaexpert.pl/agd-male/prasowanie-i-pielegnacja-ubran/generatory-pary/generator-pary-tefal-sv4110e0;379.00;379.00;0.00;
2026-09-19 17:27:40;Media Expert;Oczyszczacz powietrza ELECTROLUX WA71-305GY Wi‑Fi;ELECTROLUX;Oczyszczacze powietrza;-;https://www.mediaexpert.pl/agd-male/do-domu/oczyszczacze-powietrza/oczyszczacz-powietrza-electrolux-wa71-305gy;1199.73;1299.99;1199.74;RW0109-3009
2026-09-19 17:27:40;Media Expert;Czujnik dymu FIREANGEL FA6120;FIREANGEL;Czujniki;-;https://www.mediaexpert.pl/dom/inteligentny-dom/detektory/czujnik-dymu-fireangel-fa6120;69.00;99.02;89.99;ME0409-300926
2026-09-19 17:27:40;Media Expert;Czujnik zalania ORNO OR-SH-17602 Biały;ORNO;Czujniki;-;https://www.mediaexpert.pl/dom/inteligentny-dom/detektory/czujnik-zalania-orno-or-sh-17602-bialy;69.00;79.99;79.99;ME1009-300926
2026-09-19 17:27:41;Media Expert;Czujnik ruchu NEDIS WIFISM10CWT;NEDIS;Czujniki;-;https://www.mediaexpert.pl/dom/inteligentny-dom/detektory/czujnik-ruchu-nedis-wifism10cwt;79.00;126.58;126.58;ME0409-300926
2026-09-19 17:27:41;Media Expert;Kamera TESLA Secureq SC35 Zewnętrzna, Wi-Fi / LAN / Bluetooth;TESLA;Kamery IP;-;https://www.mediaexpert.pl/komputery-i-tablety/urzadzenia-sieciowe/kamery-ip/kamera-tesla-secureq-sc35-zewnetrzna-wi-fi-lan-bluetooth;289.00;359.00;359.00;ME1009-300926
2026-09-19 17:27:41;Media Expert;Inteligentna żarówka HAMA 176643 E27 4.9W Matter;HAMA;Żarówki;-;https://www.mediaexpert.pl/dom/zarowki/zrodla-swiatla/inteligentna-zarowka-hama-176643-e27-4-9w-matter;69.00;79.99;74.99;ME1009-300926
2026-09-19 17:27:41;Media Expert;Kamera UBIQUITI G5 Flex Zewnętrzna / Wewnętrzna, LAN;UBIQUITI NETWORKS;Kamery IP;-;https://www.mediaexpert.pl/komputery-i-tablety/urzadzenia-sieciowe/kamery-ip/kamera-ubiquiti-g5-flex;579.00;639.00;620.96;ME1009-300926
2026-09-19 17:27:42;Media Expert;Kamera REOLINK Duo Series P750 Zewnętrzna, LAN;REOLINK;Kamery IP;-;https://www.mediaexpert.pl/komputery-i-tablety/urzadzenia-sieciowe/kamery-ip/kamera-reolink-duo-series-p750-zewnetrzna-lan;759.99;759.99;0.00;
2026-09-19 17:27:42;Media Expert;Ekspres DELONGHI Magnifica Evo ECAM290.61.B Czarny;DELONGHI;Ekspresy ciśnieniowe;-;https://www.mediaexpert.pl/agd-male/ekspresy-i-kawa/ekspresy-cisnieniowe/ekspres-automatyczny-ecam290-61-b;1499.00;1589.00;1523.95;ME1109-031026
2026-09-19 17:27:42;Media Expert;Ekspres NIVONA Nivo 9103 Tytan (Cold Brew);NIVONA;Ekspresy ciśnieniowe;-;https://www.mediaexpert.pl/agd-male/ekspresy-i-kawa/ekspresy-cisnieniowe/ekspres-nivona-nivo-9103-tytan;6998.99;7399.00;6999.00;ME0809-300926
2026-09-19 17:27:42;Media Expert;Ekspres SMEG ECF02CREU;SMEG;Ekspresy ciśnieniowe;-;https://www.mediaexpert.pl/agd-male/ekspresy-i-kawa/ekspresy-cisnieniowe/ekspres-smeg-ecf02creu;1249.00;1279.00;1279.00;ME0709-300926
2026-09-19 17:27:43;Media Expert;Ekspres SMEG ECF03WHEU Biały (Cold Brew);SMEG;Ekspresy ciśnieniowe;-;https://www.mediaexpert.pl/agd-male/ekspresy-i-kawa/ekspresy-cisnieniowe/ekspres-smeg-ecf03wheu-cold-brew;1718.96;1999.00;1718.97;ME1009-300926
2026-09-19 17:27:43;Media Expert;Pojemnik na fusy PHILIPS Baristina BAR313 60 Czarny;PHILIPS;Pozostałe akcesoria do ekspresów;-;https://www.mediaexpert.pl/agd-male/ekspresy-i-kawa/akcesoria-do-ekspresow/pojemnik-na-fusy-philips-baristina-czarny;69.99;74.99;74.99;ME0709-300926
2026-09-19 17:27:43;Media Expert;Robot kuchenny planetarny ZELMER ZKR1310G 1300W (2 misy w zestawie);ZELMER;Roboty kuchenne;-;https://www.mediaexpert.pl/agd-male/do-kuchni/roboty-kuchenne/robot-kuchenny-planetarny-zelmer-zkr1310g-1300w-2-misy;599.95;659.99;599.96;RW0109-3009
2026-09-19 17:27:43;Media Expert;Opiekacz GÖTZE & JENSEN SM101;GÖTZE & JENSEN;Opiekacze;-;https://www.mediaexpert.pl/agd-male/do-kuchni/opiekacze/opiekacz-gotze-jensen-sm101;79.99;89.99;89.98;ME0709-300926
2026-09-19 17:27:44;Media Expert;Lodówka turystyczna YOLCO QL40 Czarny;YOLCO;Lodówki turystyczne;-;https://www.mediaexpert.pl/agd/lodowki-i-zamrazarki/lodowki-turystyczne/lodowka-yolco-ql40-czarny;2239.00;2239.00;0.00;
2026-09-19 17:27:44;Media Expert;Kosiarka akumulatorowa STIGA Combi 336e 34 cm, rozdrabnianie, 2 Ah, 48 V, silnik bezszczotkowy, kosz 35L, akumulator 2 Ah;STIGA;Kosiarki akumulatorowe;-;https://www.mediaexpert.pl/dom-i-ogrod/kosiarki-i-podkaszarki/kosiarki-akumulatorowe/kosiarka-akumulatorowa-stiga-combi-336e;1149.99;1179.99;1179.99;WYPRZEDAZ-OGROD26
2026-09-19 17:27:44;Media Expert;Robot koszący BOSCH Visimow 18V-100 06008E1001 Bez przewodu ograniczającego 100 m2;BOSCH_elektronarzedzia;Roboty koszące;-;https://www.mediaexpert.pl/dom-i-ogrod/kosiarki-i-podkaszarki/roboty-koszace/robot-koszacy-bosch-visimow-18v-100-06008e1001-bez-akumulatora-i-ladowarki;1599.00;1729.00;1729.00;ME1109-300926
2026-09-19 17:27:44;Media Expert;Myjka ciśnieniowa BOSCH UniversalAquatak 130 360 Cleaning Kit 0.615.992.629;BOSCH_elektronarzedzia;Myjki ciśnieniowe;-;https://www.mediaexpert.pl/dom-i-ogrod/myjki-wysokocisnieniowe_i_akcesoria/myjki-wysokocisnieniowe/myjka-cisnieniowa-bosch-universalaquatak-130-360-cleaning-kit-0-615-992-629;594.98;699.00;594.99;ME0809-300926
2026-09-19 17:27:44;Media Expert;Łańcuch do piły BOSCH F016800647 40 cm;BOSCH_elektronarzedzia;Łańcuchy do piły;-;https://www.mediaexpert.pl/dom-i-ogrod/maszyny-ogrodowe/lancuchy-do-pily/lancuch-do-pily-bosch-f016800647-40-cm;109.00;119.99;119.99;WYPRZEDAZ-OGROD26
2026-09-19 17:27:45;Media Expert;Szpadel prosty FISKARS Solid 1066717;FISKARS;Łopaty i szpadle;-;https://www.mediaexpert.pl/dom-i-ogrod/narzedzia-ogrodnicze/lopaty-i-szpadle/szpadel-prosty-fiskars-solid-1066717;69.98;90.99;89.11;ME1709-290926
2026-09-19 17:27:45;Media Expert;Żyłka do podkaszarki BOSCH F016800182;BOSCH_elektronarzedzia;Żyłki tnące do kos i podkaszarek;-;https://www.mediaexpert.pl/dom-i-ogrod/kosiarki-i-podkaszarki/zylki-tnace-do-kos-i-podkaszarek/zylka-do-podkaszarki-bosch-f016800182;34.99;38.99;38.99;ME1109-300926
2026-09-19 17:27:45;Media Expert;Lanca spryskująca BOSCH F016800446;BOSCH_elektonarzedzia;Akcesoria do myjek ciśnieniowych;-;https://www.mediaexpert.pl/dom-i-ogrod/myjki-wysokocisnieniowe_i_akcesoria/akcesoria-do-myjek-wysokocisnieniowych/lanca-z-dysza-rotacyjna-ghp-5-55;299.98;369.00;299.99;ME1109-300926
2026-09-19 17:27:45;Media Expert;Wiertarko-wkrętarka BOSCH UniversalImpact 18V-60 06039D7100 SOLO;BOSCH_elektronarzedzia;Wiertarko - wkrętarki;-;https://www.mediaexpert.pl/dom-i-ogrod/elektronarzedzia/wiertarko-wkretarki/wiertarko-wkretarka-akumulatorowa-udarowa-bosch-universalimpact-18v-60;266.06;319.00;299.00;BOSCH-DIY0926L
2026-09-19 17:27:46;Media Expert;Młot wyburzeniowy BOSCH GSH 11 VC Professional 0611336000;BOSCH_elektronarzedzia;Młoty udarowo-obrotowe;-;https://www.mediaexpert.pl/dom-i-ogrod/elektronarzedzia/mloty-udarowo-obrotowe/mlot-udarowy-bosch-gsh-11-vc-professional;3410.00;4439.00;3413.00;ME1109-300926
2026-09-19 17:27:46;Media Expert;Wiertarko-wkrętarka akumulatorowa BOSCH EasyDrill 18V-40 06039D8004;BOSCH_elektronarzedzia;Wiertarko - wkrętarki;-;https://www.mediaexpert.pl/dom-i-ogrod/elektronarzedzia/wiertarko-wkretarki/wiertarko-wkretarka-akumulatorowa-bosch-easydrill-18v-40-06039d8004;323.71;403.08;396.91;ME1109-300926
2026-09-19 17:27:46;Media Expert;Młotowiertarka BOSCH Proffesional L GBH 18V-34 CF;BOSCH_elektronarzedzia;Młoty udarowo-obrotowe;-;https://www.mediaexpert.pl/dom-i-ogrod/elektronarzedzia/mloty-udarowo-obrotowe/mlotowiertarka-bosch-proffesional-l-gbh-18v-34-cf;3965.00;4090.00;4090.00;ME1109-300926
2026-09-19 17:27:46;Media Expert;Frezarka BOSCH AdvancedTrimRouter 18V-8 Combi-Set 06039d5002;BOSCH;Frezarki górnowrzecionowe;-;https://www.mediaexpert.pl/dom-i-ogrod/elektronarzedzia/frezarki-gornowrzecionowe/frezarka-bosch-advancedtrimrouter-18v-8-combi-set-06039d5002;642.00;695.00;695.00;ME1109-300926
2026-09-19 17:27:47;Media Expert;Szlifierka kątowa sieciowa BOSCH GWS 24-230 P;BOSCH_elektronarzedzia;Szlifierki kątowe;-;https://www.mediaexpert.pl/dom-i-ogrod/elektronarzedzia/szlifierki-katowe/szlifierka-katowa-bosch-gws-24-230-p;599.00;678.62;677.65;ME1109-300926
2026-09-19 17:27:47;Media Expert;Strug akumulatorowy BOSCH Professional GHO 185-LI 06015B5021;BOSCH;Strugi;-;https://www.mediaexpert.pl/dom-i-ogrod/elektronarzedzia/strugi/strug-akumulatorowy-bosch-professional-gho-185-li-06015b5021;710.98;873.00;710.99;ME1109-300926
2026-09-19 17:27:47;Media Expert;Klucz udarowy BOSCH Professional GDX 18V-285 06019N2122;BOSCH_elektronarzedzia;Klucze udarowe i pneumatyczne;-;https://www.mediaexpert.pl/dom-i-ogrod/elektronarzedzia/klucze-udarowe-i-pneumatyczne/klucz-udarowy-bosch-professional-gdx-18v-285-06019n2122;1099.00;1229.00;1190.00;ME1109-300926
2026-09-19 17:27:47;Media Expert;Narzędzie wielofunkcyjne BOSCH GOP 55-36 0601231100;BOSCH_elektonarzedzia;Narzędzia wielofunkcyjne;-;https://www.mediaexpert.pl/dom-i-ogrod/elektronarzedzia/narzedzia-wielofunkcyjne/narzedzie-wielofunkcyjne-bosch-gop-55-36-0601231100;999.00;1169.00;1010.00;ME1109-300926
2026-09-19 17:27:47;Media Expert;Pilarka ukosowa BOSCH Professional GCM 18V-254 D (solo);BOSCH_elektronarzedzia;Pilarki ukosowe;-;https://www.mediaexpert.pl/dom-i-ogrod/elektronarzedzia/pilarki-ukosowe/pilarka-ukosowa-bosch-professional-gcm-18v-254-d-solo;2599.00;2827.06;2609.00;ME1109-300926
2026-09-19 17:27:48;Media Expert;Zakrętarka BOSCH Professional GDR 180-LI 06019G5123;BOSCH_elektronarzedzia;Zakrętarki;-;https://www.mediaexpert.pl/dom-i-ogrod/elektronarzedzia/zakretarki/zakretarka-bosch-professional-gdr-180-li-06019g5123;867.00;959.99;868.00;ME1109-300926
2026-09-19 17:27:48;Media Expert;Wyrzynarka BOSCH Professional GST 90 BE 060158F000;BOSCH_elektonarzedzia;Wyrzynarki;-;https://www.mediaexpert.pl/dom-i-ogrod/elektronarzedzia/wyrzynarki/wyrzynarka-bosch-gst-90-be-professional-2;645.00;725.00;725.00;ME1109-300926
2026-09-19 17:27:48;Media Expert;Szlifierka kątowa sieciowa BOSCH GWS 750 S;BOSCH_elektronarzedzia;Szlifierki kątowe;-;https://www.mediaexpert.pl/dom-i-ogrod/elektronarzedzia/szlifierki-katowe/szlifierka-katowa-bosch-gws-750-s;289.00;341.00;292.00;ME1109-300926
2026-09-19 17:27:48;Media Expert;Szlifierka kątowa akumulatorowa BOSCH Professional GWS 18V-8 06019N9004;BOSCH_elektronarzedzia;Szlifierki kątowe;-;https://www.mediaexpert.pl/dom-i-ogrod/elektronarzedzia/szlifierki-katowe/gws-18v-8-115mm-solo-karton;532.00;619.00;534.00;ME1109-300926
2026-09-19 17:27:49;Media Expert;Szlifierka mimośrodowa BOSCH GEX 12V-32;BOSCH_elektronarzedzia;Szlifierki mimośrodowe;-;https://www.mediaexpert.pl/dom-i-ogrod/elektronarzedzia/szlifierki-mimosrodowe/szlifierka-mimosrodowa-bosch-gex-12v-32;1008.99;1327.00;1009.00;ME1109-300926
2026-09-19 17:27:49;Media Expert;Wyrzynarka BOSCH PST 700 E 06033A0020;BOSCH_elektronarzedzia;Wyrzynarki;-;https://www.mediaexpert.pl/dom-i-ogrod/elektronarzedzia/wyrzynarki/wyrzynarka-bosch-pst-700-e-walizka;273.99;389.99;274.00;ME1109-300926
2026-09-19 17:27:49;Media Expert;Zestaw brzeszczotów BOSCH S 1531 L (100 szt.);BOSCH_elektronarzedzia;Brzeszczoty;-;https://www.mediaexpert.pl/dom-i-ogrod/elektronarzedzia/brzeszczoty/brzeszczot-bosch-s-1531-l-top-for-wood;1106.98;1389.99;1106.99;ME1109-300926
2026-09-19 17:27:49;Media Expert;Zestaw wierteł BOSCH 2608833893 (10 szt.);BOSCH_elektronarzedzia;Wiertła;-;https://www.mediaexpert.pl/dom-i-ogrod/elektronarzedzia/wiertla/wiertlo-bosch-2608833893-10-szt;189.99;209.99;196.00;ME1109-300926
2026-09-19 17:27:50;Media Expert;Wiertło BOSCH CYL-9 SoftCeramic 2608587160;BOSCH_elektronarzedzia;Wiertła;-;https://www.mediaexpert.pl/dom-i-ogrod/elektronarzedzia/wiertla/wiertlo-bosch-cyl-9-softceramic-2608587160;19.99;25.99;25.00;ME1109-300926
2026-09-19 17:27:50;Media Expert;Wiertło BOSCH 2608586802;BOSCH_elektronarzedzia;Wiertła;-;https://www.mediaexpert.pl/dom-i-ogrod/elektronarzedzia/wiertla/wiertlo-bosch-2608586802;539.00;759.00;552.99;ME1109-300926
2026-09-19 17:27:50;Media Expert;Blok ścierny BOSCH Expert M480 2608901635;BOSCH;Materiały i papiery ścierne;-;https://www.mediaexpert.pl/dom-i-ogrod/narzedzia-reczne/materialy-scierne/blok-scierny-bosch-expert-m480-2608901635;39.99;49.99;41.98;ME1109-300926
2026-09-19 17:27:50;Media Expert;Laser liniowy BOSCH GCL 2-50 CG;BOSCH_elektronarzedzia;Poziomice i lasery;-;https://www.mediaexpert.pl/dom-i-ogrod/narzedzia-pomiarowe/poziomice-i-lasery/laser-liniowy-bosch-gcl-2-50-cg;2149.00;2398.97;2232.00;ME1109-300926
2026-09-19 17:27:50;Media Expert;Zestaw szczypiec BOSCH 1600A02W7K (4 szt.);BOSCH;Szczypce;-;https://www.mediaexpert.pl/dom-i-ogrod/narzedzia-reczne/szczypce/zestaw-szczypiec-bosch-1600a02w7k-4-szt;149.99;189.00;154.32;ME1109-300926
2026-09-19 17:27:51;Media Expert;Klucz nastawny BOSCH 1600A02W3T;BOSCH;Klucze do rur i nastawne;-;https://www.mediaexpert.pl/dom-i-ogrod/narzedzia-reczne/klucze-do-rur-i-nastawne/klucz-nastawny-bosch-1600a02w3t;199.99;206.57;206.57;ME1109-300926
2026-09-19 17:27:51;Media Expert;Śrubokręt płaski BOSCH Professional 5.5x100mm 1600A01TG0;BOSCH_elektronarzedzia;Wkrętaki;-;https://www.mediaexpert.pl/dom-i-ogrod/narzedzia-reczne/wkretaki/srubokret-plaski-bosch-professional-5-5x100mm-1600a01tg0;34.45;42.24;42.24;ME1109-300926
2026-09-19 17:27:51;Media Expert;Radio budowlane BOSCH Professional GPB18V-3SC 06014A3300;BOSCH;Radia budowlane;-;https://www.mediaexpert.pl/dom-i-ogrod/narzedzia-malarskie/radia-budowlane/radio-budowlane-bosch-professional-gpb18v-3sc-06014a3300;679.00;725.69;704.08;ME1109-300926
2026-09-19 17:27:51;Media Expert;Głowica BOSCH GlassVAC F016800561;BOSCH_elektronarzedzia;Akcesoria do myjek do okien;-;https://www.mediaexpert.pl/agd-male/sprzatanie/akcesoria-do-myjek-do-okien/glowica-bosch-glassvac-f016800561;79.99;89.99;84.00;ME1109-300926
2026-09-19 17:27:52;Media Expert;Kamera inspekcyjna BOSCH GIC120 C 1600A009BA;BOSCH_elektronarzedzia;Diagnostyka samochodowa;-;https://www.mediaexpert.pl/dom-i-ogrod/wyposazenie-warsztatu/diagnostyka-samochodowa/kamera-inspekcyjna-bosch-gic120-c-1600a009ba;999.00;1379.99;1284.00;ME1109-300926
2026-09-19 17:27:52;Media Expert;Akumulator VAYOX VA0255 do latarek czołowych;VAYOX;Akumulatorki;-;https://www.mediaexpert.pl/foto-i-kamery/akcesoria-do-aparatow-i-kamer/akumulatorki/akumulator-vayox-va0255-do-latarek-czolowych;34.99;39.99;39.99;ME0209-300926
2026-09-19 17:27:52;Media Expert;Rower miejski INDIANA Moena S1B 28 cali damski Czarny 2026;INDIANA;Rowery miejskie;-;https://www.mediaexpert.pl/rowery/rowery-miejskie/rower-miejski-indiana-moena-s1b-28-cali-damski-czarny-1;599.99;749.99;699.99;WYPRZEDAZ-ROWERY
2026-09-19 17:27:52;Media Expert;Rower miejski INDIANA Storica 130 7B M21 28 cali męski Kremowy;INDIANA;Rowery miejskie;-;https://www.mediaexpert.pl/rowery/rowery-miejskie/rower-miejski-indiana-storica-130-7b-28-cali-meski-kremowy-1;790.00;2199.99;2199.99;ME0309-300926
2026-09-19 17:27:53;Media Expert;Rower miejski INDIANA Moena S3B 28 cali damski Cappuccino 2025;INDIANA;Rowery miejskie;-;https://www.mediaexpert.pl/rowery/rowery-miejskie/rower-indiana-moena-s3b-capuccino-d2328;899.99;1049.99;999.99;ME2808-300926
2026-09-19 17:27:53;Media Expert;Rower miejski INDIANA Moena A3B 28 cali damski Miętowy;INDIANA;Rowery miejskie;-;https://www.mediaexpert.pl/rowery/rowery-miejskie/rower-miejski-indiana-moena-a3b-28-cali-damski-mietowy;1149.99;1299.99;1249.99;ME2808-300926
2026-09-19 17:27:53;Media Expert;Rower miejski DAWSTAR Moly 1B D20 28 cali damski Biały;DAWSTAR;Rowery miejskie;-;https://www.mediaexpert.pl/rowery/rowery-miejskie/rower-miejski-dawstar-moly-1b-28-cali-damski-bialy-1;499.99;899.99;589.99;ME2808-300926
2026-09-19 17:27:53;Media Expert;Rower górski MTB INDIANA X-Pulser 2.7 D19 27.5 cali damski Czarno-miętowy;INDIANA;Rowery MTB górskie;-;https://www.mediaexpert.pl/rowery/rowery-mtb/rower-gorski-mtb-indiana-x-pulser-2-7-d19-27-5-cali-damski-czarno-mietowy;1198.99;1399.99;1399.99;ME2808-300926
2026-09-19 17:27:54;Media Expert;Rower górski MTB INDIANA X-Pulser 3.9 M21 29 cali męski Granatowo-srebrny;INDIANA;Rowery MTB górskie;-;https://www.mediaexpert.pl/rowery/rowery-mtb/rower-gorski-mtb-indiana-x-pulser-3-9-m21-29-cali-meski-granatowo-srebrny;1599.99;2099.99;1699.99;ME2808-300926
2026-09-19 17:27:54;Media Expert;Rower górski MTB INDIANA X-Pulser 3.7 M19 27.5 cala męski Zielono-czarny;INDIANA;Rowery MTB górskie;-;https://www.mediaexpert.pl/rowery/rowery-mtb/rower-gorski-mtb-indiana-x-pulser-3-7-m19-27-5-cala-meski-zielono-czarny;1699.99;2399.99;1799.99;ME2808-300926
2026-09-19 17:27:54;Media Expert;Rower górski MTB INDIANA X-Pulser 2.7 M21 27.5 cala męski Czarno-szary;INDIANA;Rowery MTB górskie;-;https://www.mediaexpert.pl/rowery/rowery-mtb/rower-gorski-mtb-indiana-x-pulser-2-7-m21-27-5-cala-meski-czarno-szary;1199.99;1599.99;1399.99;ME2808-300926
2026-09-19 17:27:54;Media Expert;Rower górski MTB INDIANA X-Pulser 2.7 M17 27.5 cala męski Niebiesko-pomarańczowy;INDIANA;Rowery MTB górskie;-;https://www.mediaexpert.pl/rowery/rowery-mtb/rower-gorski-mtb-indiana-x-pulser-2-7-m17-27-5-cala-meski-niebiesko-pomaranczowy;1199.99;1599.99;1399.99;ME2808-300926
2026-09-19 17:27:54;Media Expert;Rower górski MTB INDIANA X-Pulser 2.9 M19 29 cali męski Czarno-czerwony;INDIANA;Rowery MTB górskie;-;https://www.mediaexpert.pl/rowery/rowery-mtb/rower-gorski-mtb-indiana-x-pulser-2-9-m19-29-cali-meski-czarno-czerwony-4;1599.99;2199.99;1799.99;ME2808-300926
2026-09-19 17:27:55;Media Expert;Rower górski MTB INDIANA X-Pulser 1.6 M19 26 cali męski Czarno-czerwony;INDIANA;Rowery MTB górskie;-;https://www.mediaexpert.pl/rowery/rowery-mtb/rower-gorski-mtb-indiana-x-pulser-1-6-m19-26-cali-meski-czarno-czerwony-5;999.99;1399.99;1099.99;ME2808-300926
2026-09-19 17:27:55;Media Expert;Rower młodzieżowy INDIANA X-Pulser 2.6 26 cali Niebiesko-czerwony;INDIANA;Rowery młodzieżowe;-;https://www.mediaexpert.pl/rowery/rowery-dzieciece/rowery-junior/rower-mlodziezowy-indiana-x-pulser-2-6-26-cali-dla-chlopca-niebiesko-czerwony;1199.99;1699.99;1299.99;ME2808-300926
2026-09-19 17:27:55;Media Expert;Rower górski MTB KROSS XPRT 9.2 M18 29 cali męski Niebiesko-grafitowy;KROSS;Rowery MTB górskie;-;https://www.mediaexpert.pl/rowery/rowery-mtb/rower-gorski-mtb-kross-xprt-9-2-m18-29-cali-meski-niebiesko-grafitowy;1999.99;2599.99;2199.99;ME2808-300926
2026-09-19 17:27:55;Media Expert;Rower górski MTB KROSS Level 6.0 M17 29 cali męski Rubinowo-srebrny;KROSS;Rowery MTB górskie;-;https://www.mediaexpert.pl/rowery/rowery-mtb/rower-gorski-mtb-kross-level-6-0-m17-29-cali-meski-rubinowo-srebrny;2599.99;3499.99;2599.99;ME2808-300926
2026-09-19 17:27:56;Media Expert;Rower górski MTB ROMET Mustang M7.1 U19 27.5 cala Ciemnoniebieski;ROMET;Rowery MTB górskie;-;https://www.mediaexpert.pl/rowery/rowery-mtb/rower-gorski-mtb-romet-mustang-m7-1-u19-27-5-cala-ciemno-niebieski;1699.99;1899.99;1899.99;ME2808-300926
2026-09-19 17:27:56;Media Expert;Rower górski MTB ROMET Rambler R7.1 U17 27.5 cala Srebrno-czerwono-grafitowy;ROMET;Rowery MTB górskie;-;https://www.mediaexpert.pl/rowery/rowery-mtb/rower-gorski-mtb-romet-rambler-r7-1-u17-27-5-cala-srebrno-czerwono-grafitowy-1;1399.99;2399.99;2399.99;ME2808-300926
2026-09-19 17:27:56;Media Expert;Rower górski MTB ROMET Rambler R7.4 C U18 27.5 cala Grafitowo-srebrno-turkusowy;ROMET;Rowery MTB górskie;-;https://www.mediaexpert.pl/rowery/rowery-mtb/rower-gorski-mtb-romet-rambler-r7-4-c-u18-27-5-cala-grafitowo-srebrno-turkusowy;1899.99;3299.99;3299.99;ME2808-300926
2026-09-19 17:27:56;Media Expert;Rower górski MTB ROMET Rambler R7.3 A U18 27.5 cala Niebiesko-żółty;ROMET;Rowery MTB górskie;-;https://www.mediaexpert.pl/rowery/rowery-mtb/rower-gorski-mtb-romet-rambler-r7-3-a-u18-27-5-cala-niebiesko-zolty;1798.99;3299.99;1799.99;ME2808-300926
2026-09-19 17:27:57;Media Expert;Rower górski MTB INDIANA X-Pulser 2.6 M15 26 cali męski Czarno-zielony;INDIANA;Rowery MTB górskie;-;https://www.mediaexpert.pl/rowery/rowery-mtb/rower-gorski-mtb-indiana-x-pulser-2-6-m15-26-cali-meski-czarno-zielony-4;1399.99;1899.99;1899.99;ME2808-300926
2026-09-19 17:27:57;Media Expert;Rower górski MTB ROMET Monsun 2 29210138-A U21 29 cali Turkusowy;ROMET;Rowery MTB górskie;-;https://www.mediaexpert.pl/rowery/rowery-mtb/rower-gorski-mtb-romet-monsun-2-29210138-a-u21-29-cali-turkusowy;4499.00;6499.99;4999.99;ME2808-300926
2026-09-19 17:27:57;Media Expert;Rower górski MTB ROMET Monsun 2.1 29192265-C U19 29 cali Czarny;ROMET;Rowery MTB górskie;-;https://www.mediaexpert.pl/rowery/rowery-mtb/rower-gorski-mtb-romet-monsun-2-1-29192265-c-u19-29-cali-czarny;4799.99;6999.99;6999.99;ME2808-300926
2026-09-19 17:27:57;Media Expert;Rower górski MTB ROMET Monsun 1.0 29171339-B U17 29 cali Czarny;ROMET;Rowery MTB górskie;-;https://www.mediaexpert.pl/rowery/rowery-mtb/rower-gorski-mtb-romet-monsun-1-0-29171339-b-u17-29-cali-czarny;3299.99;5999.99;5999.99;ME2808-300926
2026-09-19 17:27:57;Media Expert;Rower górski MTB INDIANA X-Pulser 2.7 D17 27.5 cali damski Czarno-miętowy;INDIANA;Rowery MTB górskie;-;https://www.mediaexpert.pl/rowery/rowery-mtb/rower-gorski-mtb-indiana-x-pulser-2-7-d17-27-5-cali-damski-czarno-mietowy-1;1299.99;1899.99;1899.99;ME2808-300926
2026-09-19 17:27:58;Media Expert;Rower górski MTB INDIANA X-Pulser 6.7 M19 27.5 cala męski Czarno-grafitowy 2024;INDIANA;Rowery MTB górskie;-;https://www.mediaexpert.pl/rowery/rowery-mtb/rower-gorski-mtb-indiana-x-pulser-6-7-m19-27-5-cala-meski-czarno-grafitowy;2199.99;3999.99;2399.98;ME2808-300926
2026-09-19 17:27:58;Media Expert;Rower elektryczny INDIANA E-City M18.5 28 cali Czarny;INDIANA;Rowery elektryczne;-;https://www.mediaexpert.pl/rowery/rower-elektryczne/rowery-elektryczne/rower-elektryczny-indiana-e-city-m18-5-28-cali-czarny;2899.99;3199.99;3099.98;ME2808-300926
2026-09-19 17:27:58;Media Expert;Rower elektryczny INDIANA E-Trekking 1.0 U17 28 cali Czarno-niebieski;INDIANA;Rowery elektryczne;-;https://www.mediaexpert.pl/rowery/rower-elektryczne/rowery-elektryczne/rower-elektryczny-indiana-e-trekking-1-0-m17-28-cali-meski-czarno-niebieski;2999.99;4699.99;4699.99;ME2808-300926
2026-09-19 17:27:58;Media Expert;Rower elektryczny ESPERIA Bretagne D18 26 cali Czarny;ESPERIA;Rowery elektryczne;-;https://www.mediaexpert.pl/rowery/rower-elektryczne/rowery-elektryczne/rower-elektryczny-miejski-esperia-bretagne-26-6ss-sunrun-d45-18;2899.99;3299.99;3299.99;ME0809-300926
2026-09-19 17:27:59;Media Expert;Rower elektryczny ROMET E-Rambler 1.0 U18 29 cali Pomarańczowo-grafitowy;ROMET;Rowery elektryczne;-;https://www.mediaexpert.pl/rowery/rower-elektryczne/rowery-elektryczne/rower-elektryczny-romet-e-rambler-1-0-u18-29-cali-pomaranczowo-grafitowy;4999.99;7999.99;7999.99;ME2808-300926
2026-09-19 17:27:59;Media Expert;Rower elektryczny ROMET E-Modeco SUV 1.0 AN D U17 28 cali Złoty;ROMET;Rowery elektryczne;-;https://www.mediaexpert.pl/rowery/rower-elektryczne/rowery-elektryczne/rower-elektryczny-romet-e-modeco-suv-1-0-an-d-u17-28-cali-zloty;5999.99;9999.99;6899.98;ME2808-300926
2026-09-19 17:27:59;Media Expert;Rower elektryczny ROMET E-Orkan 1.0 M18 28 cali Ciemnozielony;ROMET;Rowery elektryczne;-;https://www.mediaexpert.pl/rowery/rower-elektryczne/rowery-elektryczne/rower-elektryczny-romet-e-orkan-1-0-m18-28-cali-ciemnozielony;5498.00;6499.99;5499.00;ME2808-300926
2026-09-19 17:27:59;Media Expert;Rower elektryczny STUCCHI Urban M20 28 cali Czarno-szary;STUCCHI;Rowery elektryczne;-;https://www.mediaexpert.pl/rowery/rower-elektryczne/rowery-elektryczne/rower-elektryczny-stucchi-urban-m20-28-cali-meski-czarno-szary;4299.99;9999.99;5149.99;ME2808-300926
2026-09-19 17:28:00;Media Expert;Rower elektryczny ROMET E-Wigry 1.1. U14 20 cali Srebrny;ROMET;Rowery elektryczne;-;https://www.mediaexpert.pl/rowery/rower-elektryczne/rowery-elektryczne/rower-elektryczny-romet-e-wigry-1-1-u14-20-cali-srebrny;5998.99;6999.99;5999.00;ME2808-300926
2026-09-19 17:28:00;Media Expert;Rower elektryczny INDIANA Pulse M20 28 cali Tytanowo-szary;INDIANA;Rowery elektryczne;-;https://www.mediaexpert.pl/rowery/rower-elektryczne/rowery-elektryczne/rower-elektryczny-indiana-pulse-m20-28-cali-meski-tytanowo-szary;2399.99;4999.99;4999.99;ME0809-300926
2026-09-19 17:28:00;Media Expert;Rower dziecięcy INDIANA Roxy Kid 20 cali Biały Wzrost: 120-135 cm Wiek: 6-8 lat;INDIANA;Rowery dla dzieci;-;https://www.mediaexpert.pl/rowery/rowery-dzieciece/rowery-dzieciece/rower-dzieciecy-indiana-roxy-kid-20-cali-dla-dziewczynki-bialy;499.99;599.99;599.99;ME2808-300926
2026-09-19 17:28:00;Media Expert;Rower dziecięcy SUN BABY Flower Bike 20 cali Różowy Wzrost: 120-135 cm Wiek: 6-10 lat;SUN BABY;Rowery dla dzieci;-;https://www.mediaexpert.pl/rowery/rowery-dzieciece/rowery-dzieciece/rower-dzieciecy-sun-baby-flower-bike-20-cali-dla-dziewczynki-rozowy;798.99;899.99;899.99;ME2808-300926
2026-09-19 17:28:00;Media Expert;Rower dziecięcy SUN BABY Heart Bike 20 cali Shimano Różowy Wzrost: 120-135 cm Wiek: 6-8 lat;SUN BABY;Rowery dla dzieci;-;https://www.mediaexpert.pl/rowery/rowery-dzieciece/rowery-dzieciece/rower-dzieciecy-sun-baby-heart-bike-20-cali-dla-dziewczynki-rozowy-1;799.99;899.99;899.99;ME2808-300926
2026-09-19 17:28:01;Media Expert;Rower dziecięcy SUN BABY Heart Bike 16 cali Malinowy Wzrost: 100-120 cm Wiek: 4-6 lat;SUN BABY;Rowery dla dzieci;-;https://www.mediaexpert.pl/rowery/rowery-dzieciece/rowery-dzieciece/rower-dzieciecy-sun-baby-heart-bike-16-cali-dla-dziewczynki-malinowy;589.99;649.99;649.99;ME2808-300926
2026-09-19 17:28:01;Media Expert;Rower dziecięcy SUN BABY Flower Bike 14 cali Lawendowy Wzrost: 95-110 cm Wiek: 3-5 lat;SUN BABY;Rowery dla dzieci;-;https://www.mediaexpert.pl/rowery/rowery-dzieciece/rowery-dzieciece/rower-dzieciecy-sun-baby-flower-14-cali-dla-dziewczynki-lawendowy;589.99;649.99;649.99;ME2808-300926
2026-09-19 17:28:01;Media Expert;Rower dziecięcy SUN BABY Heart Bike 16 cali Błękitny Wzrost: 100-120 cm Wiek: 4-6 lat;SUN BABY;Rowery dla dzieci;-;https://www.mediaexpert.pl/rowery/rowery-dzieciece/rowery-dzieciece/rower-dzieciecy-sun-baby-heart-bike-16-cali-dla-dziewczynki-blekitny;549.97;699.99;549.98;ME2808-300926
2026-09-19 17:28:01;Media Expert;Rower dziecięcy KARBON Superlight 16 cali Różowy Wzrost: 100-120 cm Wiek: 4-6 lat;KARBON;Rowery dla dzieci;-;https://www.mediaexpert.pl/rowery/rowery-dzieciece/rowery-dzieciece/rower-dzieciecy-karbon-superlight-16-cali-dla-dziewczynki-rozowy;1249.99;1299.99;1299.99;ME2808-300926
2026-09-19 17:28:02;Media Expert;Rower dziecięcy INDIANA Pretty 16 cali Miętowy Wzrost: 100-120 cm Wiek: 4-5 lat;INDIANA;Rowery dla dzieci;-;https://www.mediaexpert.pl/rowery/rowery-dzieciece/rowery-dzieciece/rower-dzieciecy-indiana-pretty-16-cali-dla-dziewczynki-mietowy;589.99;699.99;699.99;ME2808-300926
2026-09-19 17:28:02;Media Expert;Rower dziecięcy SUN BABY Flower Bike 14 cali Niebieski Wzrost: 95-110 cm Wiek: 3-5 lat;SUN BABY;Rowery dla dzieci;-;https://www.mediaexpert.pl/rowery/rowery-dzieciece/rowery-dzieciece/rower-dzieciecy-sun-baby-flower-14-cali-dla-dziewczynki-niebieski;599.99;699.99;699.99;ME2808-300926
2026-09-19 17:28:02;Media Expert;Rowerek biegowy QPLAY Spark Niebieski;QPLAY;Rowerki biegowe;-;https://www.mediaexpert.pl/rowery/rowery-dzieciece/rowerki-biegowe/rowerek-biegowy-qplay-spark-niebieski;169.99;179.99;179.99;ME0209-300926
2026-09-19 17:28:02;Media Expert;Rower dziecięcy DISNEY Kraina Lodu 2 16 cali Błękitny Wzrost: 100-120 cm Wiek: 4-6 lat;DISNEY;Rowery dla dzieci;-;https://www.mediaexpert.pl/rowery/rowery-dzieciece/rowery-dzieciece/rower-dzieciecy-kraina-lodu-2-16;499.99;599.99;599.99;ME2808-300926
2026-09-19 17:28:03;Media Expert;Rower dziecięcy NICKELODEON Psi Patrol 12 cali Czerwony Wzrost: 85-100 cm Wiek: 2-3 lata;NICKELODEON;Rowery dla dzieci;-;https://www.mediaexpert.pl/rowery/rowery-dzieciece/rowery-dzieciece/rower-dzieciecy-nickelodeon-psi-patrol-12-cali-czerwony;299.99;429.99;429.99;ME2808-300926
2026-09-19 17:28:03;Media Expert;Rower dziecięcy HUFFY Extent 24 cali dla chłopca Fioletowy;HUFFY;Rowery dla dzieci;-;https://www.mediaexpert.pl/rowery/rowery-dzieciece/rowery-dzieciece/rower-dzieciecy-huffy-extent-24-cali-dla-chlopca-fioletowy;1299.99;1599.99;1599.99;ME2808-300926
2026-09-19 17:28:03;Media Expert;Rower dziecięcy HUFFY Literide Kids 16 cali Pomarańczowo-czerwony Wzrost: 100-120 cm Wiek: 5-7 lat;HUFFY;Rowery dla dzieci;-;https://www.mediaexpert.pl/rowery/rowery-dzieciece/rowery-dzieciece/rower-dzieciecy-huffy-literide-kids-16-cali-dla-chlopca-pomaranczowo-czerwony;1099.99;1599.99;1299.99;ME2808-300926
2026-09-19 17:28:03;Media Expert;Rower dziecięcy TOIMSA Hello Kitty 12 cali Pudrowy róż Wzrost: 85-100 cm Wiek: 3-5 lat;TOIMSA;Rowery dla dzieci;-;https://www.mediaexpert.pl/rowery/rowery-dzieciece/rowery-dzieciece/rower-dzieciecy-toimsa-hello-kitty-12-cali-dla-dziewczynki-pudrowy-roz;479.99;499.99;499.99;ME2808-300926
2026-09-19 17:28:03;Media Expert;Rower dziecięcy BATCH Kids MTB 20 cali Niebieski Wzrost: 120-135 cm Wiek: 6-9 lat;BATCH;Rowery dla dzieci;-;https://www.mediaexpert.pl/rowery/rowery-dzieciece/rowery-dzieciece/rower-dzieciecy-batch-kids-mtb-20-cali-dla-chlopca-niebieski;2299.99;2999.99;2999.99;ME2808-300926
2026-09-19 17:28:04;Media Expert;Rower dziecięcy KARBON Superlight Automatic 16 cali Fioletowy Wzrost: 100-120 cm Wiek: 4-6 lat;KARBON;Rowery dla dzieci;-;https://www.mediaexpert.pl/rowery/rowery-dzieciece/rowery-dzieciece/rower-dzieciecy-karbon-superlight-automatic-16-cali-dla-chlopca-fioletowy;1299.99;1499.99;1499.99;ME2808-300926
2026-09-19 17:28:04;Media Expert;Rower dziecięcy HUFFY Moto X 18 cali Żółty Wzrost: 115-130 cm Wiek: 5-7 lat;HUFFY;Rowery dla dzieci;-;https://www.mediaexpert.pl/rowery/rowery-dzieciece/rowery-dzieciece/rower-dzieciecy-huffy-moto-x-18-cali-dla-chlopca-zolty;249.99;599.99;599.99;ME2808-300926
2026-09-19 17:28:04;Media Expert;Rower dziecięcy KARBON Jazz 16 cali Limonkowy Wzrost: 100-120 cm Wiek: 4-6 lat;KARBON;Rowery dla dzieci;-;https://www.mediaexpert.pl/rowery/rowery-dzieciece/rowery-dzieciece/rower-dzieciecy-karbon-jazz-16-cali-dla-chlopca-limonkowy;748.99;969.99;749.00;ME2808-300926
2026-09-19 17:28:04;Media Expert;Rowerek biegowy ENERO Love Kitty Różowo-fioletowy;ENERO;Rowerki biegowe;-;https://www.mediaexpert.pl/rowery/rowery-dzieciece/rowerki-biegowe/rowerek-biegowy-jezdzik-enero-love-kitty;99.99;119.99;119.99;ME0209-300926
2026-09-19 17:28:05;Media Expert;Rower młodzieżowy INDIANA Falcon 24 cale dla dziewczynki Niebieski;INDIANA;Rowery młodzieżowe;-;https://www.mediaexpert.pl/rowery/rowery-dzieciece/rowery-junior/rower-mlodziezowy-indiana-falcon-24-cale-dla-dziewczynki-niebieski;899.98;999.99;899.99;ME2808-300926
2026-09-19 17:28:05;Media Expert;Rower młodzieżowy INDIANA X-Pulser 2.4 24 cale dla chłopca Czarno-żółty;INDIANA;Rowery młodzieżowe;-;https://www.mediaexpert.pl/rowery/rowery-dzieciece/rowery-junior/rower-mlodziezowy-indiana-x-pulser-2-4-24-cale-dla-chlopca-czarno-zolty-2;1299.99;1499.99;1499.99;ME2808-300926
2026-09-19 17:28:05;Media Expert;Rower młodzieżowy INDIANA X-Pulser 1.6 26 cali dla dziewczynki Różowy;INDIANA;Rowery młodzieżowe;-;https://www.mediaexpert.pl/rowery/rowery-dzieciece/rowery-junior/rower-mlodziezowy-indiana-x-pulser-1-6-26-cali-dla-dziewczynki-rozowy;999.99;1399.99;1099.98;ME2808-300926
2026-09-19 17:28:05;Media Expert;Rower młodzieżowy ROMET Panda 1 F 24 cale dla dziewczynki Biało-niebieski;ROMET;Rowery młodzieżowe;-;https://www.mediaexpert.pl/rowery/rowery-dzieciece/rowery-junior/rower-mlodziezowy-romet-panda-1-f-24-cale-dla-dziewczynki-bialo-niebieski;1499.99;2199.99;1699.99;ME2808-300926
2026-09-19 17:28:06;Media Expert;Rower młodzieżowy TRAIL 600 Stal 26 cali dla chłopca Czarno-zielony;TRAIL;Rowery młodzieżowe;-;https://www.mediaexpert.pl/rowery/rowery-dzieciece/rowery-junior/rower-mlodziezowy-trail-600-stal-26-cali-dla-chlopca-czarno-zielony;599.99;899.99;899.99;ME0809-300926
2026-09-19 17:28:06;Media Expert;Rower miejski INDIANA Trekker 21B 28 cali damski Czarno-niebieski;INDIANA;Rowery miejskie;-;https://www.mediaexpert.pl/rowery/rowery-miejskie/rower-miejski-indiana-trekker-21b-28-cali-damski-czarno-niebieski;949.99;999.99;999.99;ME2808-300926
2026-09-19 17:28:06;Media Expert;Rower trekkingowy INDIANA X-Road 1.0 M21 26 cali męski Czarny;INDIANA;Rowery trekkingowe;-;https://www.mediaexpert.pl/rowery/rowery-trekkingowe/rower-trekkingowy-indiana-x-road-1-0-m21-26-cali-meski-czarny;899.98;1599.99;899.99;ME2808-300926
2026-09-19 17:28:06;Media Expert;Rower trekkingowy INDIANA Trekker M21 28 cali męski Czarny 2023;INDIANA;Rowery trekkingowe;-;https://www.mediaexpert.pl/rowery/rowery-trekkingowe/rower-trekkingowy-indiana-trekker-m21-28-cali-meski-czarny-1;949.99;999.99;999.99;ME2808-300926
2026-09-19 17:28:06;Media Expert;Rower trekkingowy INDIANA X-Road 3.0 M23 28 cali męski Czarno-brązowy;INDIANA;Rowery trekkingowe;-;https://www.mediaexpert.pl/rowery/rowery-trekkingowe/rower-trekkingowy-indiana-x-road-3-0-m23-28-cali-meski-czarno-brazowy-2;1599.99;1999.99;1799.99;ME2808-300926
2026-09-19 17:28:07;Media Expert;Rower trekkingowy ROMET Wagant SUV L PV B U18 28 cali Biały;ROMET;Rowery trekkingowe;-;https://www.mediaexpert.pl/rowery/rowery-trekkingowe/rower-trekkingowy-romet-wagant-suv-l-pv-b-u18-28-cali-bialy;1199.00;2399.99;1599.99;ME2808-300926
2026-09-19 17:28:07;Media Expert;Rower trekkingowy INDIANA X-Road 1.0 D15 28 cali damski Srebrno-czarny;INDIANA;Rowery trekkingowe;-;https://www.mediaexpert.pl/rowery/rowery-trekkingowe/rower-trekkingowy-indiana-x-road-1-0-d15-28-cali-damski-srebrno-czarny;1299.98;1699.99;1299.99;ME2808-300926
2026-09-19 17:28:07;Media Expert;Rower trekkingowy ROMET Gazela 2.1 A D17 28 cali damski Piaskowy;ROMET;Rowery trekkingowe;-;https://www.mediaexpert.pl/rowery/rowery-trekkingowe/rower-trekkingowy-romet-gazela-2-1-a-d17-28-cali-damski-piaskowy;2299.98;3299.99;2299.99;ME2808-300926
2026-09-19 17:28:07;Media Expert;Rower trekkingowy ROMET Wagant SUV L HT A U18 28 cali Czarny;ROMET;Rowery trekkingowe;-;https://www.mediaexpert.pl/rowery/rowery-trekkingowe/rower-trekkingowy-romet-wagant-suv-l-ht-a-u18-28-cali-czarny;1199.00;2399.99;1599.99;ME2808-300926
2026-09-19 17:28:08;Media Expert;Rower trekkingowy INDIANA X-Road 4.0 M21 28 cali męski Czarno-srebrny;INDIANA;Rowery trekkingowe;-;https://www.mediaexpert.pl/rowery/rowery-trekkingowe/rower-trekkingowy-indiana-x-road-4-0-m21-28-cali-meski-czarno-srebrny;1490.99;2999.99;1999.00;ME0809-300926
2026-09-19 17:28:08;Media Expert;Rower crossowy INDIANA X-Cross 2.0 M17 męski Czarno-czerwony;INDIANA;Rowery crossowe;-;https://www.mediaexpert.pl/rowery/rowery-cross/rower-crossowy-indiana-x-cross-2-0-m17-meski-czarno-czerwony-1;1179.99;1399.99;1199.00;R2808-300926
2026-09-19 17:28:08;Media Expert;Rower crossowy INDIANA X-Cross 4.0 D19 damski Ciemnoszary;INDIANA;Rowery crossowe;-;https://www.mediaexpert.pl/rowery/rowery-cross/rower-crossowy-indiana-x-cross-4-0-d19-damski-ciemnoszary;1899.99;1999.99;1999.99;ME2808-300926
2026-09-19 17:28:08;Media Expert;Rower crossowy INDIANA X-Cross 2.0 D19 damski Czarno-różowy;INDIANA;Rowery crossowe;-;https://www.mediaexpert.pl/rowery/rowery-cross/rower-crossowy-indiana-x-cross-2-0-d19-damski-czarno-rozowy-2;1399.99;2199.99;1499.99;ME2808-300926
2026-09-19 17:28:09;Media Expert;Rower szosowy FONDRIEST Eagle 1.0 U22.5 28 cali Czarno-różowo-seledynowy;FONDRIEST;Rowery szosowe;-;https://www.mediaexpert.pl/rowery/rowery-szosowe/rower-szosowy-fondriest-eagle-1-0-d22-5-28-cali-czarno-rozowo-seledynowy;1690.00;3299.99;1699.99;R2808-300926
2026-09-19 17:28:09;Media Expert;Rower szosowy BOTTECCHIA Duello M19 28 cali Antracytowy;BOTTECCHIA;Rowery szosowe;-;https://www.mediaexpert.pl/rowery/rowery-szosowe/rower-bottecchia-duello-campagnolo-veloce-mix-20s-h48-19-antracyt;1998.99;4169.99;1999.00;ME2808-300926
2026-09-19 17:28:09;Media Expert;Rower gravel MBM Terea U20 28 cali Niebieski;MBM;Rowery gravel;-;https://www.mediaexpert.pl/rowery/rowery-gravel/rower-gravel-mbm-terea-m20-28-cali-meski-niebieski;2199.99;3499.99;3499.99;WYPRZEDAZ-ROWERY
2026-09-19 17:28:09;Media Expert;Rower gravel KROSS Esker 4.0 U21 28 cali Kremowo-czarny;KROSS;Rowery gravel;-;https://www.mediaexpert.pl/rowery/rowery-gravel/rower-kross-esker-4-0-m-28-l-kre-cza-p-ms;3399.99;3899.99;3499.99;ME2808-300926
2026-09-19 17:28:09;Media Expert;Przyczepka rowerowa BELLELLI Trailblazer BEL01BLZ001 41kg Pasy Błękitny;BELLELLI;Przyczepki rowerowe;-;https://www.mediaexpert.pl/rowery/akcesoria-do-rowerow/przyczepki-rowerowe/przyczepka-rowerowa-bellelli-trailblazer-bel01blz001-blekitny;799.99;1799.99;1399.97;R2608-300926
2026-09-19 17:28:10;Media Expert;Przyczepka rowerowa HAMAX Avenida One 45kg Pasy Oliwkowy;HAMAX;Przyczepki rowerowe;-;https://www.mediaexpert.pl/rowery/akcesoria-do-rowerow/przyczepki-rowerowe/przyczepka-rowerowa-hamax-avenida-one-oliwkowy;1999.00;2099.00;1999.99;ME2608-300926
2026-09-19 17:28:10;Media Expert;Kask LAMBORGHINI LA-AC-210003 Czarny z lampką (rozmiar M/L, 55-59 cm);LAMBORGHINI;Kaski rowerowe;-;https://www.mediaexpert.pl/rowery/odziez-rowerowa/kaski-sportowe/kask-rowerowy-lamborghini-la-ac-210003-czarny-rozmiar-m-l;541.99;599.99;599.99;W0408-300926
2026-09-19 17:28:10;Media Expert;Kask rowerowy LAZER Phoenix+ Niebieski Full Face (rozmiar XS, 52-54 cm);LAZER;Kaski rowerowe;-;https://www.mediaexpert.pl/rowery/odziez-rowerowa/kaski-sportowe/kask-rowerowy-lazer-phoenix-niebieski-full-face-rozmiar-xs;319.99;399.99;399.99;ME0209-300926
2026-09-19 17:28:10;Media Expert;Kask rowerowy ABUS Aduro 3.0 Waves Fioletowy Miejski z możliwością zamontowania lampki (rozmiar M, 52-58 cm);ABUS;Kaski rowerowe;-;https://www.mediaexpert.pl/rowery/odziez-rowerowa/kaski-sportowe/kask-rowerowy-abus-aduro-3-0-waves-fioletowy-miejski-rozmiar-m;249.99;319.99;249.99;ME0209-300926
2026-09-19 17:28:11;Media Expert;Zestaw lampek rowerowych SIGMA Buster 400 Set W RL 80;SIGMA;Lampki rowerowe;-;https://www.mediaexpert.pl/rowery/akcesoria-do-rowerow/oswietlenie-rowerowe/zestaw-lampek-rowerowych-sigma-buster-400-set-w-rl-80;164.99;219.90;219.90;ME0209-300926
2026-09-19 17:28:11;Media Expert;Lampka rowerowa ANSMANN 1600-0525;ANSMANN;Lampki rowerowe;-;https://www.mediaexpert.pl/rowery/akcesoria-do-rowerow/oswietlenie-rowerowe/lampka-rowerowa-ansmann-1600-0525;49.99;69.99;69.99;ME0209-300926
2026-09-19 17:28:11;Media Expert;Zestaw lampek rowerowych CATEYE HL-EL160 + SL-LD160-R;CATEYE;Lampki rowerowe;-;https://www.mediaexpert.pl/rowery/akcesoria-do-rowerow/oswietlenie-rowerowe/zestaw-lampek-rowerowych-cateye-hl-el160-sl-ld160-r;99.99;109.99;109.99;ME0209-300926
2026-09-19 17:28:11;Media Expert;Lampka rowerowa TRELOCK LS 653 COB Line Dynamo 8006036;TRELOCK;Lampki rowerowe;-;https://www.mediaexpert.pl/rowery/akcesoria-do-rowerow/oswietlenie-rowerowe/lampka-rowerowa-trelock-ls-653-cob-line-dynamo-8006036;79.99;84.99;84.99;ME0209-300926
2026-09-19 17:28:12;Media Expert;Zestaw lampek rowerowych CATEYE AMPP 900 HL-EL089RC + TL-LD810 VIZ300;CATEYE;Lampki rowerowe;-;https://www.mediaexpert.pl/rowery/akcesoria-do-rowerow/oswietlenie-rowerowe/zestaw-lampek-rowerowych-cateye-ampp-900-hl-el089rc-tl-ld810-viz300;299.99;389.99;389.99;ME0209-300926
2026-09-19 17:28:12;Media Expert;Licznik rowerowy CATEYE GPS AirGPS CC-GPS100 + Czujnik kadencji CDC-30;CATEYE;Liczniki rowerowe;-;https://www.mediaexpert.pl/rowery/akcesoria-do-rowerow/liczniki-rowerowe/licznik-rowerowy-cateye-gps-airgps-cc-gps100-czujnik-kadencji-cdc-30;499.99;599.99;599.99;ME0209-300926
2026-09-19 17:28:12;Media Expert;Nawigacja rowerowa SIGMA Rox 4.0 Endurance Sensor Set Czarny Podświetlany;SIGMA;Nawigacje rowerowe;-;https://www.mediaexpert.pl/rowery/akcesoria-do-rowerow/nawigacje-rowerowe/licznik-rowerowy-sigma-rox-4-0-endurance-sensor-set-czarny-podswietlany;749.99;818.99;818.99;ME0209-300926
2026-09-19 17:28:12;Media Expert;Torba rowerowa na kierownicę WILDMAN GD7X Czarny;WILDMAN;Torby rowerowe;-;https://www.mediaexpert.pl/rowery/akcesoria-do-rowerow/torby-rowerowe/torba-rowerowa-na-kierownice-wildman-gd7x-czarny;59.99;69.99;69.99;ME0209-300926
2026-09-19 17:28:13;Media Expert;Torba rowerowa na ramę SKS Racer Edge;SKS;Torby rowerowe;-;https://www.mediaexpert.pl/rowery/akcesoria-do-rowerow/torby-rowerowe/torba-rowerowa-na-rame-sks-racer-edge;79.99;89.99;89.99;ME0209-300926
2026-09-19 17:28:13;Media Expert;Torba rowerowa na bagażnik AUTHOR A-N495;AUTHOR;Torby rowerowe;-;https://www.mediaexpert.pl/rowery/akcesoria-do-rowerow/torby-rowerowe/torba-rowerowa-na-bagaznik-author-a-n495;139.99;169.99;169.99;ME0209-300926
2026-09-19 17:28:13;Media Expert;Torba rowerowa na kierownicę TOPEAK Frontloader;TOPEAK;Torby rowerowe;-;https://www.mediaexpert.pl/rowery/akcesoria-do-rowerow/torby-rowerowe/torba-rowerowa-topeak-loader-frontloader-na-kierownice-8-litrow;219.99;359.99;359.99;ME0209-300926
2026-09-19 17:28:13;Media Expert;Zapięcie rowerowe ROCKBROS 3240001001 Linka Czarny;ROCKBROS;Zabezpieczenie roweru;-;https://www.mediaexpert.pl/rowery/akcesoria-do-rowerow/zamki-i-zapiecia/zapiecie-rowerowe-rockbros-3240001001-linka-czarny;39.99;56.00;49.90;ME0209-300926
2026-09-19 17:28:13;Media Expert;Zapięcie rowerowe TRELOCK BC 115 8004423 Łańcuch Czarny;TRELOCK;Zabezpieczenie roweru;-;https://www.mediaexpert.pl/rowery/akcesoria-do-rowerow/zamki-i-zapiecia/zapiecie-rowerowe-trelock-bc-115-8004423-lancuch-czarny;49.99;89.99;89.99;ME0209-300926
2026-09-19 17:28:14;Media Expert;Zapięcie rowerowe ABUS Bordo 6000K/90 + SHFL Moneylink Folding Lock Składane Czarny;ABUS;Zabezpieczenie roweru;-;https://www.mediaexpert.pl/rowery/akcesoria-do-rowerow/zamki-i-zapiecia/zapiecie-rowerowe-abus-bordo-6000k-90-shfl-moneylink-folding-lock-skladane-czarny;309.99;449.99;449.99;ME0209-300926
2026-09-19 17:28:14;Media Expert;Zapięcie rowerowe ABUS Star 4508K/150 Linka Zielony;ABUS;Zabezpieczenie roweru;-;https://www.mediaexpert.pl/rowery/akcesoria-do-rowerow/zamki-i-zapiecia/zapiecie-rowerowe-abus-star-4508k-150-linka-zielony;49.99;79.99;58.33;ME0209-300926
2026-09-19 17:28:14;Media Expert;Zapięcie rowerowe TRELOCK KS 415 110-15 Szyfr Linka Czarny;TRELOCK;Zabezpieczenie roweru;-;https://www.mediaexpert.pl/rowery/akcesoria-do-rowerow/zamki-i-zapiecia/zapiecie-rowerowe-trelock-ks-415-110-15-szyfr-linka-czarny;109.99;139.99;139.99;ME0209-300926
2026-09-19 17:28:14;Media Expert;Zapięcie rowerowe ABUS Primo 5510K Linka Czarny;ABUS;Zabezpieczenie roweru;-;https://www.mediaexpert.pl/rowery/akcesoria-do-rowerow/zamki-i-zapiecia/zapiecie-rowerowe-abus-primo-5510k-linka-czarny;59.99;79.99;79.99;ME0209-300926
2026-09-19 17:28:15;Media Expert;Zapięcie rowerowe KRYPTONITE Kryptoflex 2010 004165 KRY Linka Czarny;KRYPTONITE;Zabezpieczenie roweru;-;https://www.mediaexpert.pl/rowery/akcesoria-do-rowerow/zamki-i-zapiecia/zapiecie-rowerowe-kryptonite-kryptoflex-2010-004165-kry-linka-czarny;139.99;169.99;169.99;ME0209-300926
2026-09-19 17:28:15;Media Expert;Zapięcie rowerowe ABUS CC Lock 1102 Linka Niebieski;ABUS;Zabezpieczenie roweru;-;https://www.mediaexpert.pl/rowery/akcesoria-do-rowerow/zamki-i-zapiecia/zapiecie-rowerowe-abus-cc-lock-1102-linka-niebieski;29.99;46.99;46.99;ME0209-300926
2026-09-19 17:28:15;Media Expert;Łyżki do opon PRO PRTL0115;PRO;Inne;-;https://www.mediaexpert.pl/rowery/akcesoria-do-rowerow/inne-rowerowe/lyzki-do-opon-pro-prtl0115;29.99;39.99;39.99;ME0209-300926
2026-09-19 17:28:15;Media Expert;Opona rowerowa CONTINENTAL Contact Speed CO0101406 28'';CONTINENTAL;Opony rowerowe;-;https://www.mediaexpert.pl/rowery/czesci-rowerowe/opony-do-rowerow/opona-rowerowa-continental-contact-speed-co0101406-28;74.99;89.99;89.99;ME0209-300926
2026-09-19 17:28:16;Media Expert;Bidon ELITE Vintage Squeeze 500 ml Czerwony;ELITE;Bidony;-;https://www.mediaexpert.pl/rowery/akcesoria-do-rowerow/bidony-i-koszyki/bidon-elite-vintage-squeeze-500-ml-czerwony;14.99;24.99;24.99;ME0209-300926
2026-09-19 17:28:16;Media Expert;Bidon ELITE Vintage Squeeze 500 ml Różowy;ELITE;Bidony;-;https://www.mediaexpert.pl/rowery/akcesoria-do-rowerow/bidony-i-koszyki/bidon-elite-vintage-squeeze-500-ml-rozowy;14.99;24.99;24.99;ME0209-300926
2026-09-19 17:28:16;Media Expert;Buty rowerowe SHIMANO SH-XC703 Czarny (rozmiar 38);SHIMANO;Buty rowerowe;-;https://www.mediaexpert.pl/rowery/odziez-rowerowa/buty-rowerowe/buty-rowerowe-shimano-sh-xc703-czarny-rozmiar-38;599.99;649.99;649.99;ME0209-300926
2026-09-19 17:28:16;Media Expert;Bidon VR46 VR-AC-210001 500 ml Żółto-niebieski;VR46;Bidony;-;https://www.mediaexpert.pl/rowery/akcesoria-do-rowerow/bidony-i-koszyki/bidon-vr46-vr-ac-210001-500-ml-zolto-niebieski;119.99;129.99;129.99;ME0209-300926
2026-09-19 17:28:16;Media Expert;Spinka KROSS T4CLA000190 (6 szt.);KROSS;Inne;-;https://www.mediaexpert.pl/rowery/akcesoria-do-rowerow/inne-rowerowe/spinka-kross-t4cla000190-6-szt;59.99;79.99;79.99;ME0209-300926
2026-09-19 17:28:17;Media Expert;Wieszak rowerowy HORNIT Clug Pro MTB Plus 7765PCP XXL;HORNIT;Wieszaki na rowery;-;https://www.mediaexpert.pl/rowery/akcesoria-do-rowerow/stojaki-i-wieszaki/wieszak-rowerowy-hornit-clug-pro-mtb-plus-7765pcp-xxl;99.99;109.99;109.99;ME0209-300926
2026-09-19 17:28:17;Media Expert;Osłona przeciwsłoneczna BELLELLI BEL01WBR080001;BELLELLI;Inne;-;https://www.mediaexpert.pl/rowery/akcesoria-do-rowerow/inne-rowerowe/oslona-przeciwsloneczna-bellelli-bel01wbr080001;119.99;179.99;179.99;ME0209-300926
2026-09-19 17:28:17;Media Expert;Etui SP CONNECT SPC+ Xtreme do Apple iPhone Air Czarny;SP CONNECT;Etui na telefony;-;https://www.mediaexpert.pl/smartfony-i-zegarki/akcesoria-do-telefonow/pokrowce-i-etui/etui-sp-connect-spc-xtreme-do-apple-iphone-air-czarny;209.99;269.99;249.99;ME0209-300926
2026-09-19 17:28:17;Media Expert;Przewody rozruchowe EXTRALINK EX.31948;EXTRALINK;Kable rozruchowe;-;https://www.mediaexpert.pl/motoryzacja/akcesoria-do-pojazdow/kable-rozruchowe/przewody-rozruchowe-extralink-ex-31948;54.99;64.99;64.99;ME0209-300926
2026-09-19 17:28:18;Media Expert;Przetwornica AEG 10063 12V/230V 2000W/4000W;AEG;Przetwornice samochodowe;-;https://www.mediaexpert.pl/telewizory-i-rtv/car-audio/przetwornice-samochodowe/przetwornica-napiecia-aeg-sinus-2000w;2399.99;2999.99;2999.99;ME0209-300926
2026-09-19 17:28:18;Media Expert;Osłona antyszronowa CARPASSION Freeze Prestige Mini;CARPASSION;Akcesoria zimowe do samochodów;-;https://www.mediaexpert.pl/motoryzacja/akcesoria-do-pojazdow/akcesoria-zimowe/oslona-przeciwszronowa-freeze-prestige-mini;34.99;49.99;49.99;ME0209-300926
2026-09-19 17:28:18;Media Expert;Bieżnia elektryczna EXTRALINK Moonwalk Flux EX.91414 12km/h;EXTRALINK;Bieżnie elektryczne;-;https://www.mediaexpert.pl/sport-i-rekreacja/fitness-i-silownia/bieznie/bieznia-elektryczna-extralink-moonwalk-flux-ex-91414-12km-h;739.00;799.99;769.00;FLUX-26
2026-09-19 17:28:18;Media Expert;Wioślarz wodno-magnetyczny KINGSMITH WM10 Pro Orzechowy;KINGSMITH;Wioślarze;-;https://www.mediaexpert.pl/sport-i-rekreacja/fitness-i-silownia/wioslarze/wioslarz-wodno-magnetyczny-kingsmith-wm10-pro-orzechowy;2299.00;2699.00;2699.00;R1509-300926
2026-09-19 17:28:19;Media Expert;Ławka do ćwiczeń NIKE BFWL-1199;NIKE;Ławki do ćwiczeń;-;https://www.mediaexpert.pl/sport-i-rekreacja/silownia/lawki/lawka-do-cwiczen-nike-bfwl-1199;829.00;949.00;939.00;ME1409-101026
2026-09-19 17:28:19;Media Expert;Bębenek kasety GARMIN Tacx Campagnolo Neo 2T T2875.51;GARMIN;Akcesoria do trenażerów;-;https://www.mediaexpert.pl/sport-i-rekreacja/trenazery-rowerowe-i-akcesoria/akcesoria-do-trenazerow/bebenek-kasety-garmin-tacx-campagnolo-neo-2t-t2875-51;269.99;299.00;299.00;ME0209-300926
2026-09-19 17:28:19;Media Expert;Bidon ISOSTAR Push Pull 650 ml Czarny;ISOSTAR;Bidony;-;https://www.mediaexpert.pl/rowery/akcesoria-do-rowerow/bidony-i-koszyki/bidon-isostar-push-pull-650-ml-czarny;14.90;19.99;19.99;ME1409-101026
2026-09-19 17:28:19;Media Expert;Hantla PURE2IMPROVE 1068961 (4 kg);PURE2IMPROVE;Hantle i ciężarki;-;https://www.mediaexpert.pl/sport-i-rekreacja/silownia/gryfy-hantle-i-obciazenia/hantla-pure2improve-neopren-4-kg;42.99;54.99;54.99;ME1409-101026
2026-09-19 17:28:19;Media Expert;Zestaw hantli HEAD HA188-2 (2 x 1 kg);HEAD;Hantle i ciężarki;-;https://www.mediaexpert.pl/sport-i-rekreacja/silownia/gryfy-hantle-i-obciazenia/zestaw-hantli-head-ha188-2-2-x-1-kg;39.00;69.99;66.00;ME1409-101026
2026-09-19 17:28:20;Media Expert;Hantla GORILLA SPORTS 2724 (10 kg);GORILLA SPORTS;Hantle i ciężarki;-;https://www.mediaexpert.pl/sport-i-rekreacja/silownia/gryfy-hantle-i-obciazenia/hantla-gorilla-sports-2724-10-kg;129.00;149.99;149.99;ME1409-101026
2026-09-19 17:28:20;Media Expert;Hantla CENTR Smart Stack 50 (22.7 kg);CENTR;Hantle i ciężarki;-;https://www.mediaexpert.pl/sport-i-rekreacja/silownia/gryfy-hantle-i-obciazenia/hantla-centr-smart-stack-50-22-7-kg;799.00;979.00;979.00;ME1409-101026
2026-09-19 17:28:20;Media Expert;Hantla HMS HG Pro (37.5 kg);HMS;Hantle i ciężarki;-;https://www.mediaexpert.pl/sport-i-rekreacja/silownia/gryfy-hantle-i-obciazenia/hantla-hms-hg-pro-37-5-kg;399.00;481.00;448.00;ME1409-101026
2026-09-19 17:28:20;Media Expert;Rękawice treningowe HEAD HA105-XL (rozmiar XL) Niebieski;HEAD;Rękawiczki na siłownię;-;https://www.mediaexpert.pl/sport-i-rekreacja/silownia/rekawice/rekawice-treningowe-head-ha105-xl-rozmiar-xl-niebieski;39.00;59.99;42.90;ME1409-101026
2026-09-19 17:28:21;Media Expert;Hulajnoga elektryczna XRIDER F10 Special Max Edition Czarno-żółty;XRIDER;Hulajnogi elektryczne;-;https://www.mediaexpert.pl/rowery/hulajnogi/hulajnogi-elektryczne/hulajnoga-elektryczna-xrider-f10-special-max-edition-czarno-zolty;2598.00;3499.99;2599.00;ME0309-300926
2026-09-19 17:28:21;Media Expert;Lodówka turystyczna RAVANSON CS-24S;RAVANSON;Lodówki turystyczne;-;https://www.mediaexpert.pl/agd/lodowki-i-zamrazarki/lodowki-turystyczne/lodowka-turystyczna-ravanson-cs-24;200.00;209.99;209.99;ME1409-071026
2026-09-19 17:28:21;Media Expert;Torba na kierownice REBEL ZAB0124;REBEL;Torby i sakwy na hulajnogę;-;https://www.mediaexpert.pl/rowery/hulajnogi/torby-i-sakwy-na-hulajnoge/torba-na-kierownice-rebel-zab0124;44.99;59.73;59.73;ME0209-300926
2026-09-19 17:28:21;Media Expert;Samochód zdalnie sterowany S_LINE RCC302;S-LINE;Samochody zdalnie sterowane;-;https://www.mediaexpert.pl/zabawki/kolejki-i-samochody-zabawkowe/samochody-zdalnie-sterowane/samochod-zdalnie-sterowany-s-line-rcc302;149.97;169.99;149.98;RW0109-3009
2026-09-19 17:28:22;Media Expert;Samochód zdalnie sterowany LEXIBOOK Crosslander Car Laser Battle RCJG1;LEXIBOOK;Samochody zdalnie sterowane;-;https://www.mediaexpert.pl/zabawki/kolejki-i-samochody-zabawkowe/samochody-zdalnie-sterowane/samochod-zdalnie-sterowany-lexibook-crosslander-car-laser-battle-rcjg1;174.99;211.99;209.99;ME1409-200926
2026-09-19 17:28:22;Media Expert;Samochód zdalnie sterowany RW McLaren 675LT 29218M;RW;Samochody zdalnie sterowane;-;https://www.mediaexpert.pl/zabawki/kolejki-i-samochody-zabawkowe/samochody-zdalnie-sterowane/samochod-zdalnie-sterowany-rw-mclaren-675lt-29218m;85.49;129.00;89.99;ME1509-240926
2026-09-19 17:28:22;Media Expert;Betoniarka zdalnie sterowana HUINA 1557H;HUINA;Samochody zdalnie sterowane;-;https://www.mediaexpert.pl/zabawki/kolejki-i-samochody-zabawkowe/samochody-zdalnie-sterowane/betoniarka-zdalnie-sterowana-huina-1557h;114.99;179.99;120.99;ME1509-240926
2026-09-19 17:28:22;Media Expert;Zestaw pojazdów Hot Wheels Premium VW Golf R32 (2004) Volkswagen Golf MK7 JHW49 (2 szt.);HOT WHEELS;Samochody i pojazdy zabawkowe;-;https://www.mediaexpert.pl/zabawki/kolejki-i-samochody-zabawkowe/samochody-i-pojazdy-zabawkowe/zestaw-pojazdow-hot-wheels-premium-vw-golf-r32-2004-volkswagen-golf-mk7-jhw49-2-szt;56.99;83.99;72.00;ME0109-300926
2026-09-19 17:28:23;Media Expert;Samochód Hot Wheels Premium Formuła 1 Mercedes-Benz Lewis Hamilton JBM16;HOT WHEELS;Samochody i pojazdy zabawkowe;-;https://www.mediaexpert.pl/zabawki/kolejki-i-samochody-zabawkowe/samochody-i-pojazdy-zabawkowe/samochod-hot-wheels-premium-formula-1-mercedes-benz-lewis-hamilton-jbm16;29.99;31.96;26.37;ME0109-300926
2026-09-19 17:28:23;Media Expert;Zestaw pojazdów Hot Wheels Silver Series Zamac JLB26 (6 szt.);HOT WHEELS;Samochody i pojazdy zabawkowe;-;https://www.mediaexpert.pl/zabawki/kolejki-i-samochody-zabawkowe/samochody-i-pojazdy-zabawkowe/zestaw-pojazdow-hot-wheels-silver-series-zamac-jlb26-6-szt;73.99;98.53;98.43;ME0109-300926
2026-09-19 17:28:23;Media Expert;Zabawka zegarek KIDS EUROSWAN Hello Kitty HK50153;KIDS EUROSWAN;Zabawki elektroniczne;-;https://www.mediaexpert.pl/zabawki/zabawki-kreatywne/zabawki-elektroniczne/zabawka-zegarek-kids-euroswan-hello-kitty-hk50153;21.99;34.99;23.49;ME1509-240926
2026-09-19 17:28:23;Media Expert;Mata edukacyjna FISHER PRICE Las tropikalny HJW08;FISHER PRICE;Zabawki edukacyjne;-;https://www.mediaexpert.pl/zabawki/zabawki-edukacyjne/zabawki-edukacyjne/mata-edukacyjna-fisher-price-las-tropikalny-hjw08;239.99;256.84;244.99;ME0109-300926
2026-09-19 17:28:23;Media Expert;Zestaw pojazdów Hot Wheels Premium JBM05 (4 szt.);HOT WHEELS;Samochody i pojazdy zabawkowe;-;https://www.mediaexpert.pl/zabawki/kolejki-i-samochody-zabawkowe/samochody-i-pojazdy-zabawkowe/zestaw-pojazdow-hot-wheels-premium-jbm05-4-szt;104.99;129.99;125.57;ME0109-300926
2026-09-19 17:28:24;Media Expert;Gra planszowa LEXIBOOK Harry Potter Szachy CGM300HP;LEXIBOOK;Gry planszowe;-;https://www.mediaexpert.pl/zabawki/gry-planszowe-i-puzzle/gry-planszowe/gra-planszowa-lexibook-harry-potter-szachy-cgm300hp;159.99;207.99;207.99;ME1409-200926
2026-09-19 17:28:24;Media Expert;Zabawka edukacyjna FISHER PRICE Ucz się i śmiej! Telefonik z klapką JMM32;FISHER PRICE;Zabawki edukacyjne;-;https://www.mediaexpert.pl/zabawki/zabawki-edukacyjne/zabawki-edukacyjne/zabawka-edukacyjna-fisher-price-ucz-sie-i-smiej-telefonik-z-klapka-jmm32;39.99;54.85;54.49;ME0109-300926
2026-09-19 17:28:24;Media Expert;Zabawka interaktywna SPIN MASTER Bitzee Interaktywne zwierzątko – Bohaterowie Harry'ego Pottera 6072599;SPIN MASTER;Figurki dla dzieci;-;https://www.mediaexpert.pl/zabawki/lalki-i-figurki/figurki-dla-dzieci/zabawka-interaktywna-spin-master-bitzee-interaktywne-zwierzatko-bohaterowie-harry-ego-pottera-6072599;69.99;131.92;79.90;ME0209-300926
2026-09-19 17:28:24;Media Expert;Figurka MINECRAFT The Creaking Trzeszcz JKR45;MINECRAFT;Figurki dla dzieci;-;https://www.mediaexpert.pl/zabawki/lalki-i-figurki/figurki-dla-dzieci/figurka-minecraft-the-creaking-trzeszcz-jkr45;94.99;126.99;100.45;ME0109-300926
2026-09-19 17:28:25;Media Expert;Kolejka FISHER PRICE Tomek i Przyjaciele Diesel Załadunek na budowie JBW20;FISHER PRICE;Kolejki dla dzieci;-;https://www.mediaexpert.pl/zabawki/kolejki-i-samochody-zabawkowe/kolejki-dla-dzieci/kolejka-fisher-price-tomek-i-przyjaciele-diesel-zaladunek-na-budowie-jbw20;84.99;103.89;80.99;ME0109-300926
2026-09-19 17:28:25;Media Expert;Zabawka gitara klasyczna LEXIBOOK Koci Domek Gabi K200GDH;LEXIBOOK;Instrumenty dla dzieci;-;https://www.mediaexpert.pl/zabawki/instrumenty-dla-dzieci/zabawka-gitara-klasyczna-lexibook-koci-domek-gabi-k200gdh;109.99;124.99;124.99;ME1409-200926
2026-09-19 17:28:25;Media Expert;Krzesełko do karmienia CHICCO My First Doll 00012408000000;CHICCO;Lalki i akcesoria;-;https://www.mediaexpert.pl/zabawki/lalki-i-figurki/lalki-i-akcesoria/krzeselko-do-karmienia-chicco-my-first-doll-00012408000000;69.99;94.56;72.99;ME1509-240926
2026-09-19 17:28:25;Media Expert;Zabawka konsola LEXIBOOK Psi Patrol JL1895PA;LEXIBOOK;Zabawki elektroniczne;-;https://www.mediaexpert.pl/zabawki/zabawki-kreatywne/zabawki-elektroniczne/zabawka-konsola-lexibook-psi-patrol-jl1895pa;99.99;109.99;102.03;ME1409-200926
2026-09-19 17:28:26;Media Expert;Pamiętnik KIDS EUROSWAN BY00009 Bluey Niebieski;KIDS EUROSWAN;Pozostałe zabawki;-;https://www.mediaexpert.pl/zabawki/pozostale-zabawki/pamietnik-kids-euroswan-by00009-bluey-niebieski;22.49;34.99;23.99;ME1509-240926
2026-09-19 17:28:26;Media Expert;Krzesełko do karmienia ASI Martina 3712003;ASI;Lalki i akcesoria;-;https://www.mediaexpert.pl/zabawki/lalki-i-figurki/lalki-i-akcesoria/krzeselko-do-karmienia-asi-martina-3712003;99.99;142.70;109.99;ME1509-240926
2026-09-19 17:28:26;Media Expert;Lalka DISNEY PRINCESS Jewel Reveal Ariel JHL49;DISNEY PRINCESS;Lalki i akcesoria;-;https://www.mediaexpert.pl/zabawki/lalki-i-figurki/lalki-i-akcesoria/lalka-disney-princess-jewel-reveal-ariel-jhl49;106.99;115.30;100.89;ME0109-300926
2026-09-19 17:28:26;Media Expert;Zabawka zegarek z projektorem LEXIBOOK Kraina Lodu II DMW050FZ;LEXIBOOK;Zabawki elektroniczne;-;https://www.mediaexpert.pl/zabawki/zabawki-kreatywne/zabawki-elektroniczne/zabawka-zegarek-z-projektorem-lexibook-kraina-lodu-ii-dmw050fz;44.99;52.99;52.99;ME1409-200926
2026-09-19 17:28:26;Media Expert;Zabawka zegarek z kalendarzem KIDS EUROSWAN Real Madryt RM00017;KIDS EUROSWAN;Zabawki elektroniczne;-;https://www.mediaexpert.pl/zabawki/zabawki-kreatywne/zabawki-elektroniczne/zabawka-zegarek-kids-euroswan-real-madryt-z-kalendarzem-rm00017;36.99;50.42;38.99;ME1509-240926
2026-09-19 17:28:27;Media Expert;Zabawka zegarek LEXIBOOK Barbie DMW060BB;LEXIBOOK;Zabawki elektroniczne;-;https://www.mediaexpert.pl/zabawki/zabawki-kreatywne/zabawki-elektroniczne/zabawka-zegarek-lexibook-barbie-dmw060bb;49.99;76.88;57.99;ME1509-240926
2026-09-19 17:28:27;Media Expert;Zabawka budzik z projektorem LEXIBOOK Psi Patrol RL977PA;LEXIBOOK;Zabawki elektroniczne;-;https://www.mediaexpert.pl/zabawki/zabawki-kreatywne/zabawki-elektroniczne/zabawka-budzik-z-projektorem-lexibook-psi-patrol-rl977pa;59.99;99.99;68.99;ME1509-240926
2026-09-19 17:28:27;Media Expert;Szkatułka na biżuterię KIDS EUROSWAN Kuromi KU00026;KIDS EUROSWAN;Zabawki odgrywanie ról;-;https://www.mediaexpert.pl/zabawki/zabawki-odgrywanie-rol/szkatulka-na-bizuterie-kids-euroswan-kuromi-ku00026;114.99;179.99;120.99;ME1509-240926
2026-09-19 17:28:27;Media Expert;Maskotka Hoody Kin Academy Hipcio HKA0365;Hoody Kin Academy;Pluszaki;-;https://www.mediaexpert.pl/zabawki/zabawki-dla-najmlodszych/pluszaki/maskotka-hk-academy-hipcio-hka0365;29.99;44.99;44.99;ME0409-300926
2026-09-19 17:28:28;Media Expert;Zabawka lampka nocna LEXIBOOK Kraina Lodu II Elsa NLJ01FZ1;LEXIBOOK;Zabawki elektroniczne;-;https://www.mediaexpert.pl/zabawki/zabawki-kreatywne/zabawki-elektroniczne/zabawka-lampka-nocna-lexibook-kraina-lodu-ii-elsa-nlj01fz1;49.99;57.50;51.44;ME1409-200926
2026-09-19 17:28:28;Media Expert;Zabawka budzik z lampką nocną LEXIBOOK Naruto RL800NA;LEXIBOOK;Zabawki elektroniczne;-;https://www.mediaexpert.pl/zabawki/zabawki-kreatywne/zabawki-elektroniczne/zabawka-budzik-z-lampka-nocna-lexibook-naruto-rl800na;109.99;144.99;119.99;ME1409-200926
2026-09-19 17:28:28;Media Expert;Zabawka zegarek z kalendarzem KIDS EUROSWAN Stitch LAS4197;KIDS EUROSWAN;Zabawki elektroniczne;-;https://www.mediaexpert.pl/zabawki/zabawki-kreatywne/zabawki-elektroniczne/zabawka-zegarek-kids-euroswan-stitch-z-kalendarzem-las4197;37.99;45.87;39.99;ME1509-240926
2026-09-19 17:28:28;Media Expert;Maskotka TY Beanie Boos Leopard Livvie 36490;TY;Pluszaki;-;https://www.mediaexpert.pl/zabawki/zabawki-dla-najmlodszych/pluszaki/maskotka-ty-beanie-boos-leopard-livvie-36490;41.79;55.35;43.99;ME1509-240926
2026-09-19 17:28:29;Media Expert;Zabawka CHICCO My Wood Friends Drewniana kryjówka lisów 00012194000000;CHICCO;Pozostałe zabawki;-;https://www.mediaexpert.pl/zabawki/pozostale-zabawki/zabawka-chicco-my-wood-friends-drewniana-kryjowka-lisow-00012194000000;79.79;100.98;83.99;ME1509-240926
2026-09-19 17:28:29;Media Expert;Zabawka mikrofon LEXIBOOK Stitch MIC280D;LEXIBOOK;Zabawki elektroniczne;-;https://www.mediaexpert.pl/zabawki/zabawki-kreatywne/zabawki-elektroniczne/zabawka-mikrofon-lexibook-disney-stitch-mic280d;109.99;135.78;114.99;ME1509-240926
2026-09-19 17:28:29;Media Expert;Samochód zdalnie sterowany CHICCO Fiat 500 00007275000000;CHICCO;Samochody zdalnie sterowane;-;https://www.mediaexpert.pl/zabawki/kolejki-i-samochody-zabawkowe/samochody-zdalnie-sterowane/samochod-zdalnie-sterowany-chicco-fiat-500-00007275000000;137.99;172.91;144.99;ME1509-240926
2026-09-19 17:28:29;Media Expert;Zabawka keyboard LEXIBOOK Bluey K704BY;LEXIBOOK;Instrumenty dla dzieci;-;https://www.mediaexpert.pl/zabawki/instrumenty-dla-dzieci/zabawka-keyboard-lexibook-bluey-k704by;99.99;144.99;104.99;ME1509-240926
2026-09-19 17:28:29;Media Expert;Zabawka zegarek z kamerą LEXIBOOK Sonic The Hedgehog DMW070SN;LEXIBOOK;Zabawki elektroniczne;-;https://www.mediaexpert.pl/zabawki/zabawki-kreatywne/zabawki-elektroniczne/zabawka-zegarek-z-kamera-lexibook-sonic-the-hedgehog-dmw070sn;142.49;199.99;149.99;ME1509-240926
2026-09-19 17:28:30;Media Expert;Lalka małpka ASI Animal Reborn Lola 606240;ASI;Lalki i akcesoria;-;https://www.mediaexpert.pl/zabawki/lalki-i-figurki/lalki-i-akcesoria/lalka-malpka-asi-animal-reborn-lola-606240;179.99;264.39;189.99;ME1509-240926
2026-09-19 17:28:30;Media Expert;Lalka DISNEY PRINCESS Manga Śnieżka Manga JLT59;DISNEY PRINCESS;Lalki i akcesoria;-;https://www.mediaexpert.pl/zabawki/lalki-i-figurki/lalki-i-akcesoria/lalka-disney-princess-manga-sniezka-manga-jlt59;104.99;129.99;118.19;ME0109-300926
2026-09-19 17:28:30;Media Expert;Lalka DISNEY PRINCESS Przenośny Pałac Kopciuszka Zestaw JLK27;DISNEY PRINCESS;Lalki i akcesoria;-;https://www.mediaexpert.pl/zabawki/lalki-i-figurki/lalki-i-akcesoria/lalka-disney-princess-przenosny-palac-kopciuszka-zestaw-jlk27;259.99;329.99;329.99;ME0109-300926
2026-09-19 17:28:30;Media Expert;Tor Hot Wheels Racing Formuła 1 Mega Ósemka JMC90;HOT WHEELS;Samochody i pojazdy zabawkowe;-;https://www.mediaexpert.pl/zabawki/kolejki-i-samochody-zabawkowe/samochody-i-pojazdy-zabawkowe/tor-hot-wheels-racing-formula-1-mega-osemka-jmc90;269.99;359.99;359.99;ME0109-300926
2026-09-19 17:28:31;Media Expert;Zabawka interaktywna PUPPY LUV Piesek Junior Luna DKO0103;PUPPY LUV;Zabawki edukacyjne;-;https://www.mediaexpert.pl/zabawki/zabawki-edukacyjne/zabawki-edukacyjne/zabawka-interaktywna-puppy-luv-piesek-junior-luna-dko0103;49.99;83.36;78.74;ME0409-300926
2026-09-19 17:28:31;Media Expert;Samochód zdalnie sterowany LEXIBOOK Mini Buggy Crosslander RC17;LEXIBOOK;Samochody zdalnie sterowane;-;https://www.mediaexpert.pl/zabawki/kolejki-i-samochody-zabawkowe/samochody-zdalnie-sterowane/samochod-zdalnie-sterowany-lexibook-mini-buggy-crosslander-rc17;49.99;59.99;59.99;ME1409-200926
2026-09-19 17:28:31;Media Expert;Zabawka budzik z lampką nocną LEXIBOOK Asterix i Obelix Idefix RL800AX1;LEXIBOOK;Zabawki elektroniczne;-;https://www.mediaexpert.pl/zabawki/zabawki-kreatywne/zabawki-elektroniczne/zabawka-budzik-z-lampka-nocna-lexibook-asterix-i-obelix-idefix-rl800ax1;119.99;144.99;135.00;ME1409-200926
2026-09-19 17:28:31;Media Expert;Zabawka lampka nocna z głośnikiem LEXIBOOK Disney Frozen NS02FZ;LEXIBOOK;Zabawki elektroniczne;-;https://www.mediaexpert.pl/zabawki/zabawki-kreatywne/zabawki-elektroniczne/zabawka-lampka-nocna-z-glosnikiem-lexibook-disney-frozen-ns02fz;99.99;129.99;129.99;ME1409-200926
2026-09-19 17:28:32;Media Expert;Zabawka słuchawki nauszne LEXIBOOK Toy Story HP010TS;LEXIBOOK;Zabawki elektroniczne;-;https://www.mediaexpert.pl/zabawki/zabawki-kreatywne/zabawki-elektroniczne/zabawka-sluchawki-nauszne-lexibook-toy-story-hp010ts;69.99;84.99;84.99;ME1409-200926
2026-09-19 17:28:32;Media Expert;Robot zdalnie sterowany LEXIBOOK Power Unicorn Robot Jednorożec UNI01;LEXIBOOK;Roboty edukacyjne;-;https://www.mediaexpert.pl/zabawki/zabawki-kreatywne/roboty-edukacyjne/robot-zdalnie-sterowany-lexibook-power-unicorn-robot-jednorozec-uni01;249.99;281.01;281.01;ME1409-200926
2026-09-19 17:28:32;Media Expert;Zabawka keyboard LEXIBOOK Disney Stitch K704D;LEXIBOOK;Instrumenty dla dzieci;-;https://www.mediaexpert.pl/zabawki/instrumenty-dla-dzieci/zabawka-keyboard-lexibook-disney-stitch-k704d;89.99;123.90;119.89;ME1409-200926
2026-09-19 17:28:32;Media Expert;Zabawka krótkofalówki LEXIBOOK Disney Toy Story TW18TS;LEXIBOOK;Zabawki elektroniczne;-;https://www.mediaexpert.pl/zabawki/zabawki-kreatywne/zabawki-elektroniczne/zabawka-krotkofalowki-lexibook-disney-toy-story-tw18ts;119.99;149.99;149.99;ME1409-200926
2026-09-19 17:28:33;Media Expert;Zabawka interaktywna LEXIBOOK Koci Domek Gabi Mata do tańca DM10GDH;LEXIBOOK;Zabawki edukacyjne;-;https://www.mediaexpert.pl/zabawki/zabawki-edukacyjne/zabawki-edukacyjne/zabawka-interaktywna-lexibook-koci-domek-gabi-mata-do-tanca-dm10gdh;179.99;209.99;186.30;ME1409-200926
2026-09-19 17:28:33;Media Expert;Zabawka CHICCO My Wood Friends Drewniana rodzinka 2 Króliczki Zestaw Tata 00012208100000;CHICCO;Pozostałe zabawki;-;https://www.mediaexpert.pl/zabawki/pozostale-zabawki/zabawka-chicco-my-wood-friends-drewniana-rodzinka-2-kroliczki-zestaw-tata-00012208100000;12.79;15.87;13.49;ME1509-240926
2026-09-19 17:28:33;Media Expert;Zestaw kreatywny KIDS EUROSWAN Hello Kitty HK50187;KIDS EUROSWAN;Zabawki kreatywne;-;https://www.mediaexpert.pl/zabawki/zabawki-kreatywne/zabawki-kreatywne/zestaw-kreatywny-kids-euroswan-hello-kitty-hk50187;37.99;45.74;39.99;ME1509-240926
2026-09-19 17:28:33;Media Expert;Maskotka TY Squishy Beanies Marvel Iron Man 39253;TY;Pluszaki;-;https://www.mediaexpert.pl/zabawki/zabawki-dla-najmlodszych/pluszaki/maskotka-ty-squishy-beanies-marvel-iron-man-39253;19.99;29.99;20.99;ME1509-240926
2026-09-19 17:28:33;Media Expert;Maskotka KIDS EUROSWAN Frootimals Melany Melephant FT00015;KIDS EUROSWAN;Pluszaki;-;https://www.mediaexpert.pl/zabawki/zabawki-dla-najmlodszych/pluszaki/maskotka-kids-euroswan-frootimals-melany-melephant-ft00015;37.99;49.99;39.99;ME1509-240926
2026-09-19 17:28:34;Media Expert;Zawieszka do wózka BALIBAZOO Sowa Adela BB80845;BALIBAZOO;Zawieszki do wózka;-;https://www.mediaexpert.pl/zabawki/zabawki-dla-najmlodszych/zawieszki-do-wozka/zawieszka-do-wozka-balibazoo-sowa-adela-bb80845;29.99;43.59;37.49;ME1509-240926
2026-09-19 17:28:34;Media Expert;Zestaw piśmienniczy KIDS EUROSWAN GD00036 Koci Domek Gabi;KIDS EUROSWAN;Pozostałe zabawki;-;https://www.mediaexpert.pl/zabawki/pozostale-zabawki/zestaw-pismienniczy-kids-euroswan-gd00036-koci-domek-gabi;14.99;29.99;15.99;ME1509-240926
2026-09-19 17:28:34;Media Expert;Szkatułka na biżuterię KIDS EUROSWAN WOW Generation WOW00010;KIDS EUROSWAN;Zabawki odgrywanie ról;-;https://www.mediaexpert.pl/zabawki/zabawki-odgrywanie-rol/szkatulka-na-bizuterie-kids-euroswan-wow-generation-wow00010;48.49;64.90;50.99;ME1509-240926
2026-09-19 17:28:34;Media Expert;Robot zdalnie sterowany SILVERLIT Ycoo Jiggo SI 88497;SILVERLIT;Roboty edukacyjne;-;https://www.mediaexpert.pl/zabawki/zabawki-kreatywne/roboty-edukacyjne/zabawka-interaktywna-dumel-jezykowa-dla-najmlodszych-pedzaca-kaczka-dd30823-1;79.79;97.91;84.99;ME1509-240926
2026-09-19 17:28:35;Media Expert;Samochód MAISTO Assembly Line 1993 Ford Mustang SVT Cobra 39537;MAISTO;Modele do sklejania;-;https://www.mediaexpert.pl/zabawki/zabawki-kolekcjonerskie/modele-do-sklejania/samochod-maisto-assembly-line-1993-ford-mustang-svt-cobra-39537;64.99;85.79;74.99;ME1509-240926
2026-09-19 17:28:35;Media Expert;Pistolet na wodę COLOR BABY Aqua World 49496;COLOR BABY;Pistolety na wodę;-;https://www.mediaexpert.pl/zabawki/zabawki-zrecznosciowe-i-plenerowe/pistolety-na-wode/pistolet-na-wode-color-baby-aqua-world-49496;37.99;59.99;39.99;ME1509-240926
2026-09-19 17:28:35;Media Expert;Zabawka zestaw do makijażu MARTINELIA Little Unicorn Magiczny zestaw w etui 44330;Martinelia;Zabawki odgrywanie ról;-;https://www.mediaexpert.pl/zabawki/zabawki-odgrywanie-rol/zabawka-zestaw-do-makijazu-martinelia-little-unicorn-magiczny-zestaw-w-etui-44330;53.99;76.99;56.99;ME1509-240926
2026-09-19 17:28:35;Media Expert;Maskotka TY Beanie Boos Slush Pies 36902;TY;Pluszaki;-;https://www.mediaexpert.pl/zabawki/zabawki-dla-najmlodszych/pluszaki/maskotka-ty-beanie-boos-slush-pies-36902;41.79;64.99;43.99;ME1509-240926
2026-09-19 17:28:36;Media Expert;Parasolka KIDS EUROSWAN Kraina Lodu FR50067;KIDS EUROSWAN;Parasolki;-;https://www.mediaexpert.pl/moda/galanteria-i-dodatki/parasolki/parasolka-kids-euroswan-kraina-lodu-fr50067;24.99;49.90;26.49;ME1509-240926
2026-09-19 17:28:36;Media Expert;Samochód zdalnie sterowany TAIYO McLaren 765LT 220031AT;TAIYO;Samochody zdalnie sterowane;-;https://www.mediaexpert.pl/zabawki/kolejki-i-samochody-zabawkowe/samochody-zdalnie-sterowane/samochod-zdalnie-sterowany-taiyo-mclaren-765lt-220031at;43.99;69.99;45.99;ME1509-240926
2026-09-19 17:28:36;Media Expert;Zabawka COLOR BABY Psi Patrol Pistolet do baniek mydlanych + płyn 39782;COLOR BABY;Bańki mydlane;-;https://www.mediaexpert.pl/zabawki/zabawki-zrecznosciowe-i-plenerowe/banki-mydlane/zabawka-color-baby-psi-patrol-pistolet-do-baniek-mydlanych-plyn-39782;47.49;74.99;49.99;ME1509-240926
2026-09-19 17:28:36;Media Expert;Walkie Talkie z zegarkiem 2w1 KIDS EUROSWAN PW19911 Psi Patrol;KIDS EUROSWAN;Zabawki elektroniczne;-;https://www.mediaexpert.pl/zabawki/zabawki-kreatywne/zabawki-elektroniczne/walkie-talkie-z-zegarkiem-2w1-kids-euroswan-pw19911-psi-patrol;109.99;139.10;116.99;ME1509-240926
2026-09-19 17:28:36;Media Expert;Zestaw kreatywny CRA-Z-ART Softee Dough Salon fryzjerski Syrenki CRDOUGH12;CRA-Z-ART;Zabawki kreatywne;-;https://www.mediaexpert.pl/zabawki/zabawki-kreatywne/zabawki-kreatywne/zestaw-kreatywny-cra-z-art-softee-dough-salon-fryzjerski-syrenki-crdough12;49.99;79.99;52.99;ME1509-240926
2026-09-19 17:28:37;Media Expert;Zabawka krótkofalówki KIDS EUROSWAN Real Madryt RM00045;KIDS EUROSWAN;Zabawki elektroniczne;-;https://www.mediaexpert.pl/zabawki/zabawki-kreatywne/zabawki-elektroniczne/zabawka-krotkofalowki-kids-euroswan-real-madryt-rm00045;125.39;158.17;131.99;ME1509-240926
2026-09-19 17:28:37;Media Expert;Samochód MAISTO Special Edition Volkswagen Beetle 39926;MAISTO;Modele do sklejania;-;https://www.mediaexpert.pl/zabawki/zabawki-kolekcjonerskie/modele-do-sklejania/samochod-maisto-special-edition-volkswagen-beetle-39926;64.99;99.99;74.99;ME1509-240926
2026-09-19 17:28:37;Media Expert;Zestaw do Scrapbookingu KIDS EUROSWAN Wow Generation WOW00126;KIDS EUROSWAN;Zabawki kreatywne;-;https://www.mediaexpert.pl/zabawki/zabawki-kreatywne/zabawki-kreatywne/zestaw-do-scrapbookingu-kids-euroswan-wow-generation-wow00126;53.99;90.31;56.99;ME1509-240926
2026-09-19 17:28:38;Media Expert;Lalka CHICCO My First Doll 00012412000000;CHICCO;Lalki i akcesoria;-;https://www.mediaexpert.pl/zabawki/lalki-i-figurki/lalki-i-akcesoria/lalka-chicco-my-first-doll-00012412000000;79.99;119.42;94.99;ME1509-240926
2026-09-19 17:28:38;Media Expert;Zabawka odkurzacz DIRT DEVIL Kids Ręczny 3w1;DIRT DEVIL;Zabawki odgrywanie ról;-;https://www.mediaexpert.pl/zabawki/zabawki-odgrywanie-rol/zabawka-odkurzacz-dirt-devil-kids-reczny-3w1;79.79;119.99;83.99;ME1509-240926
2026-09-19 17:28:38;Media Expert;Zabawka lampka nocna z głośnikiem LEXIBOOK Naruto NS02NA;LEXIBOOK;Zabawki elektroniczne;-;https://www.mediaexpert.pl/zabawki/zabawki-kreatywne/zabawki-elektroniczne/zabawka-lampka-nocna-z-glosnikiem-lexibook-naruto-ns02na;85.49;126.99;89.99;ME1509-240926
2026-09-19 17:28:38;Media Expert;Zabawka zestaw fryzjerski KLEIN Braun 5855;KLEIN;Zabawki odgrywanie ról;-;https://www.mediaexpert.pl/zabawki/zabawki-odgrywanie-rol/zestaw-fryzjerski-klein-braun-5855;64.99;109.99;84.99;ME1509-240926
2026-09-19 17:28:39;Media Expert;Motocykl zdalnie sterowany CHICCO Vespa Primavera 00010093000000;CHICCO;Samochody zdalnie sterowane;-;https://www.mediaexpert.pl/zabawki/kolejki-i-samochody-zabawkowe/samochody-zdalnie-sterowane/motocykl-zdalnie-sterowany-chicco-vespa-primavera-00010093000000;104.49;151.83;109.99;ME1509-240926
2026-09-19 17:28:39;Media Expert;Zabawka słuchawki nauszne LEXIBOOK 3D LED Toy Story HPBT015TS;LEXIBOOK;Zabawki elektroniczne;-;https://www.mediaexpert.pl/zabawki/zabawki-kreatywne/zabawki-elektroniczne/zabawka-sluchawki-nauszne-lexibook-3d-led-toy-story-hpbt015ts;99.99;149.99;104.99;ME1509-240926
2026-09-19 17:28:39;Media Expert;Maskotka TY Beanie Boos Flaming Gilda 36892;TY;Pluszaki;-;https://www.mediaexpert.pl/zabawki/zabawki-dla-najmlodszych/pluszaki/maskotka-ty-beanie-boos-flaming-gilda-36892;104.49;154.99;109.99;ME1509-240926
2026-09-19 17:28:39;Media Expert;Zabawka pinball LEXIBOOK Naruto JG610NA;LEXIBOOK;Zabawki elektroniczne;-;https://www.mediaexpert.pl/zabawki/zabawki-kreatywne/zabawki-elektroniczne/zabawka-pinball-lexibook-naruto-jg610na;117.79;169.99;123.99;ME1509-240926
2026-09-19 17:28:39;Media Expert;Mata edukacyjna CHICCO Magic Forest Panda 2w1 8058664179251;CHICCO;Zabawki edukacyjne;-;https://www.mediaexpert.pl/zabawki/zabawki-edukacyjne/zabawki-edukacyjne/mata-edukacyjna-chicco-magic-forest-panda-2w1-8058664179251;123.49;179.99;129.99;ME1509-240926
2026-09-19 17:28:40;Media Expert;Zestaw do piasku COLOR BABY Disney Stitch 77895;COLOR BABY;Zabawki do piaskownicy;-;https://www.mediaexpert.pl/zabawki/zabawki-zrecznosciowe-i-plenerowe/zabawki-do-piaskownicy/zestaw-do-piasku-color-baby-disney-stitch-77895;99.99;159.99;104.99;ME1509-240926
2026-09-19 17:28:40;Media Expert;Zabawka głośnik mobilny LEXIBOOK Disney Toy Story BTP585TSZ;LEXIBOOK;Zabawki elektroniczne;-;https://www.mediaexpert.pl/zabawki/zabawki-kreatywne/zabawki-elektroniczne/zabawka-glosnik-mobilny-lexibook-disney-toy-story-btp585tsz;142.49;211.99;149.99;ME1509-240926
2026-09-19 17:28:40;Media Expert;Zabawka DUMEL Discovery Wózek z lodami DD 44587;DUMEL;Zabawki odgrywanie ról;-;https://www.mediaexpert.pl/zabawki/zabawki-odgrywanie-rol/zabawka-dumel-discovery-wozek-z-lodami-dd-44587;129.99;239.99;164.99;ME1509-240926
2026-09-19 17:28:40;Media Expert;Zestaw do piasku COLOR BABY Disney Stitch 77894;COLOR BABY;Zabawki do piaskownicy;-;https://www.mediaexpert.pl/zabawki/zabawki-zrecznosciowe-i-plenerowe/zabawki-do-piaskownicy/zestaw-do-piasku-color-baby-disney-stitch-77894;129.99;209.99;139.49;ME1509-240926
2026-09-19 17:28:41;Media Expert;Jeździk CHICCO Vespa 00009519000000;CHICCO;Jeździki;-;https://www.mediaexpert.pl/rowery/rowery-dzieciece/trojkolowce-i-jezdziki/jezdzik-chicco-vespa-00009519000000;219.99;319.99;245.99;ME1509-240926
2026-09-19 17:28:41;Media Expert;Zabawka supermarket Barbie 5135B;BARBIE;Zabawki odgrywanie ról;-;https://www.mediaexpert.pl/zabawki/zabawki-odgrywanie-rol/zabawka-supermarket-barbie-5135b;244.99;419.99;259.99;ME1509-240926
2026-09-19 17:28:41;Media Expert;Zabawka zegarek LEXIBOOK Harry Potter DMW060HP;LEXIBOOK;Zabawki elektroniczne;-;https://www.mediaexpert.pl/zabawki/zabawki-kreatywne/zabawki-elektroniczne/zabawka-zegarek-lexibook-harry-potter-dmw060hp;64.99;84.99;69.90;ME1409-200926
2026-09-19 17:28:41;Media Expert;Laktator KINDERKRAFT Hands Free MamaFlow Różowy;KINDERKRAFT;Laktatory;-;https://www.mediaexpert.pl/agd-male/dla-dziecka/laktatory/pojedynczy-laktator-kinderkraft-hands-free-mamaflow-pink;244.99;254.99;249.99;ME1109-220926
2026-09-19 17:28:42;Media Expert;Krzesełko do karmienia KINDERKRAFT Enock Brązowy;KINDERKRAFT;Krzesełka do karmienia;-;https://www.mediaexpert.pl/agd-male/dla-dziecka/krzeselka-do-karmienia/krzeselko-do-karmienia-kinderkraft-enock-brazowy;274.99;389.00;286.99;ME1109-220926
