2026-09-19 17:27:04;Media Expert;Komputer MAD DOG GeForce RTX5070 DLSS 4.5 Reflex Edition 2 KRUX-EXO-I09DR32 i5-14400F 32GB RAM 1TB SSD Wi-Fi;MAD DOG;Komputery stacjonarne;-;https://www.mediaexpert.pl/komputery-i-tablety/komputery-pc/komputery-stacjonarne/komputer-mad-dog-geforce-rtx5070-dlss-4-reflex-edition-2-krux-exo-i09dr32-i5-14400f-32gb-ram-1tb-ssd-wi-fi;7399.00;7949.99;7409.99;WRZESIEN1809
2026-09-19 17:27:04;Media Expert;Fotel XQUANTUM ECH300K Czarny;XQUANTUM;Krzesła biurowe;-;https://www.mediaexpert.pl/dom/meble/krzesla-biurowe/fotel-xquantum-ech300k-czarny;339.00;549.99;399.00;WRZESIEN1809
2026-09-19 17:27:05;Media Expert;Piekarnik WHIRLPOOL OMK58CU1SX Elektryczny Inox A+;WHIRLPOOL;Piekarniki do zabudowy;-;https://www.mediaexpert.pl/agd-do-zabudowy/piekarniki-do-zabudowy/piekarnik-whirlpool-omk58cu1sx-elektryczny-inox-a;1099.00;1599.99;1139.00;WRZESIEN1809
2026-09-19 17:27:05;Media Expert;Generator pary PHILIPS PerfectCare Seria 7000 PSG7200/20;PHILIPS;Generatory pary;-;https://www.mediaexpert.pl/agd-male/prasowanie-i-pielegnacja-ubran/generatory-pary/generator-pary-philips-perfectcare-seria-7000-psg7200-20;1190.00;1439.99;1199.00;WRZESIEN1809
2026-09-19 17:27:05;Media Expert;Rower elektryczny TORPADO Venere D18 28 cali Czarny;TORPADO;Rowery elektryczne;-;https://www.mediaexpert.pl/rowery/rower-elektryczne/rowery-elektryczne/rower-elektryczny-torpado-venere-d18-28-cali-damski-czarny;4498.00;4999.99;4499.00;WRZESIEN1809
2026-09-19 17:27:05;Media Expert;Karma dla psa BOZITA Robur Adult Maintenance Mini Kurczak 3 kg;BOZITA;Karmy dla psów;-;https://www.mediaexpert.pl/artykuly-dla-zwierzat/karmy-dla-psow/karma-dla-psa-bozita-robur-adult-maintenance-mini-kurczak-3-kg;60.99;60.99;0.00;
2026-09-19 17:27:06;Media Expert;Słuchawki douszne JBL Live Flex Czarny;JBL;Słuchawki;-;https://www.mediaexpert.pl/telewizory-i-rtv/sluchawki/wszystkie-sluchawki/sluchawki-bluetooth-jbl-live-flex-tws-anc-douszne-czarne;399.99;399.99;0.00;
2026-09-19 17:27:06;Media Expert;Suszarka COSHARE SuperMini Beżowy 800W;COSHARE;Suszarki do włosów;-;https://www.mediaexpert.pl/agd-male/zdrowie-i-uroda/suszarki-do-wlosow/suszarka-coshare-supermini-bezowy-800w;199.99;199.99;0.00;
2026-09-19 17:27:06;Media Expert;"Telewizor LG 43QNED7EB3C 43"" MINILED 4K WebOS TV";LG;Telewizory;-;https://www.mediaexpert.pl/telewizory-i-rtv/telewizory/telewizor-lg-43qned7eb3c-43-miniled-4k-webos-tv;1799.00;2199.99;1899.00;WRZESIEN1809
2026-09-19 17:27:06;Media Expert;Soundbar JVC TH-E434B Czarny 2.1-kanałowy, Bezprzewodowy Subwoofer, HDMI ARC, Bluetooth, Dolby Audio;JVC;Soundbary;-;https://www.mediaexpert.pl/telewizory-i-rtv/kina-domowe/soundbary/soundbar-jvc-th-e434b-czarny-2-1-kanalowy-bezprzewodowy-subwoofer-hdmi-arc-bluetooth-dolby-audio;598.99;689.00;599.00;ME0809-300926
2026-09-19 17:27:06;Media Expert;Wieża BLAUPUNKT MS22BT Orzechowa, Odtw.CD/-R/-RW/MP3/WMA,HDMI ARC, Korektor dźwięku, Złącze optyczne, Wejście AUX;BLAUPUNKT;Wieże;-;https://www.mediaexpert.pl/telewizory-i-rtv/hi-fi-audio/wieze-male/wieza-blaupunkt-ms22bt-orzechowy;404.99;444.99;444.99;ME0709-300926
2026-09-19 17:27:07;Media Expert;Podłogowa kolumna głośnikowa KLIPSCH Reference Premiere RP-8000F Czarna (1 szt.) Obudowa MDF, Typ Bass Reflex, Miedziane membrany;KLIPSCH;Kolumny głośnikowe;-;https://www.mediaexpert.pl/telewizory-i-rtv/kina-domowe/kolumny-audio/kolumna-glosnikowa-klipsch-rp-8000f-czarny-1-szt;2798.98;2999.99;2999.99;ME0209-300926
2026-09-19 17:27:07;Media Expert;Kolumny głośnikowe KLIPSCH R-60M Czarny (2 szt.);KLIPSCH;Kolumny głośnikowe;-;https://www.mediaexpert.pl/telewizory-i-rtv/kina-domowe/kolumny-audio/kolumny-glosnikowe-klipsch-r-60m-czarny-2-szt;1599.00;1999.00;1999.00;ME0909-311026
2026-09-19 17:27:07;Media Expert;Słuchawki powietrzne TIMEKETTLE W4 Pro Szaro-czarny;TIMEKETTLE;Słuchawki;-;https://www.mediaexpert.pl/telewizory-i-rtv/sluchawki/wszystkie-sluchawki/sluchawki-powietrzne-timekettle-w4-pro-szaro-czarny;1399.00;2169.99;1799.00;BTU1009-2409
2026-09-19 17:27:07;Media Expert;Słuchawki powietrzne JBL Sense Pro Szary;JBL;Słuchawki;-;https://www.mediaexpert.pl/telewizory-i-rtv/sluchawki/wszystkie-sluchawki/sluchawki-powietrzne-jbl-sense-pro-szary;474.99;554.98;554.98;ME0609-300926
2026-09-19 17:27:08;Media Expert;Słuchawki dokanałowe OTL The Legend of Zelda Kremowo-złoty;OTL;Słuchawki;-;https://www.mediaexpert.pl/telewizory-i-rtv/sluchawki/wszystkie-sluchawki/sluchawki-dokanalowe-otl-the-legend-of-zelda-kremowo-zloty;103.99;103.99;0.00;
2026-09-19 17:27:08;Media Expert;Głośnik mobilny XMUSIC BTS650P Bluetooth 5.3, 20W, IPX6, Przenośny z TWS, Radio FM, AUX, microSD, Różowy;XMUSIC;Głośniki Bluetooth;-;https://www.mediaexpert.pl/telewizory-i-rtv/hi-fi-audio/glosniki-mobilne/glosnik-mobilny-xmusic-bts650p-bluetooth-rozowy;149.97;169.99;149.98;RW0109-3009
2026-09-19 17:27:08;Media Expert;Radio KENWOOD CR-M25DAB-H Cyfrowe Przenośne Szary;KENWOOD;Radia;-;https://www.mediaexpert.pl/telewizory-i-rtv/drobny-sprzet-rtv/radia/radio-kenwood-cr-m25dab-h-cyfrowe-przenosne-szary;229.99;259.00;234.99;ME0709-300926
2026-09-19 17:27:08;Media Expert;Radioodtwarzacz/Bombox JVC RD-E221B Czarny, Odtw. CD, CD-R, CD-RW, Wejście USB/AUX/Mini-jack, Tuner FM, Zasilanie Bateryjne;JVC;Radioodtwarzacze;-;https://www.mediaexpert.pl/telewizory-i-rtv/drobny-sprzet-rtv/radioodtwarzacze/radioodtwarzacz-jvc-rd-e221b-czarny;209.99;218.00;218.00;ME0709-300926
2026-09-19 17:27:09;Media Expert;Gramofon JVC AL-E534B Czarny, Manualny, Napęd paskowy, Bluetoothn Przedwzmacniacz gramofonowy, Prędkość odtw. 33 1/3,45 obr./min;JVC;Gramofony;-;https://www.mediaexpert.pl/telewizory-i-rtv/hi-fi-audio/gramofony/gramofon-jvc-al-e534b-czarny-manualny-naped-paskowy-predkosc-odtw-33-1-3-45-obr-min;872.00;899.00;899.00;ME0409-311026
2026-09-19 17:27:09;Media Expert;Gramofon LENCO L-30BK Czarny;LENCO;Gramofony;-;https://www.mediaexpert.pl/telewizory-i-rtv/hi-fi-audio/gramofony/l30-gramofon;504.99;559.00;559.00;ME0709-300926
2026-09-19 17:27:09;Media Expert;Radio samochodowe VORDON HT-230 Lincoln Bluetooth Pilot;VORDON;Radia samochodowe;-;https://www.mediaexpert.pl/telewizory-i-rtv/car-audio/radia-samochodowe/radio-samochodowe-vordon-ht-230-lincoln;78.99;149.00;79.98;ME2308-300926
2026-09-19 17:27:09;Media Expert;Kabel HDMI - HDMI NEDIS 3 m;NEDIS;Kable audio-video;-;https://www.mediaexpert.pl/telewizory-i-rtv/kable-telewizyjne-i-audio/przewody-audio-video/kabel-hdmi-hdmi-nedis-3-m-1;129.99;139.99;139.99;ME0109-300926
2026-09-19 17:27:10;Media Expert;Kabel HDMI - HDMI NEDIS 2 m;NEDIS;Kable audio-video;-;https://www.mediaexpert.pl/telewizory-i-rtv/kable-telewizyjne-i-audio/przewody-audio-video/kabel-hdmi-hdmi-nedis-2-m-1;119.99;129.99;129.99;ME0109-300926
2026-09-19 17:27:10;Media Expert;"Laptop LENOVO IdeaPad Slim 5 16AGP11 16"" IPS Ryzen AI 7-445 16GB RAM 512GB SSD Windows 11 Home, Funkcje AI";LENOVO;Laptopy;-;https://www.mediaexpert.pl/komputery-i-tablety/laptopy-i-ultrabooki/laptopy/laptop-lenovo-ideapad-slim-5-16agp11-16-ips-ryzen-ai-7-445-16gb-ram-512gb-ssd-windows-11-home-funkcje-ai;3499.96;4699.99;3499.97;RW0109-3009
2026-09-19 17:27:10;Media Expert;"Tablet APPLE iPad Air 13"" 8 gen. 2026 128 GB Wi-Fi Niebieski";APPLE;Tablety;-;https://www.mediaexpert.pl/komputery-i-tablety/tablety-i-e-booki/tablety/tablet-apple-ipad-air-2026-m4-128gb-13-wifi-blue;3999.00;4199.00;4199.00;ME1709-220926
2026-09-19 17:27:10;Media Expert;"Tablet APPLE iPad 11"" 11 gen. 2025 512 GB 5G Wi-Fi Żółty";APPLE;Tablety;-;https://www.mediaexpert.pl/komputery-i-tablety/tablety-i-e-booki/tablety/tablet-ipad-11-2025-md7r4hc-a-a16-512gb-11-5g-yellow;3749.00;4149.00;3839.99;ME1709-220926
2026-09-19 17:27:10;Media Expert;Tablet graficzny XP-PEN Deco 01 V3 Różowy;XP-PEN;Tablety graficzne;-;https://www.mediaexpert.pl/komputery-i-tablety/akcesoria-komputerowe/tablety-graficzne/tablet-graficzny-xp-pen-deco-01-v3-rozowy;199.00;259.00;249.00;ME1509-270926
2026-09-19 17:27:11;Media Expert;Tablet graficzny WACOM One Small;WACOM;Tablety graficzne;-;https://www.mediaexpert.pl/komputery-i-tablety/akcesoria-komputerowe/tablety-graficzne/tablet-graficzny-wacom-one-small;409.00;409.00;0.00;
2026-09-19 17:27:11;Media Expert;Komputer MAD DOG GeForce RTX5070 DLSS 4.5 Reflex Edition 2 KRUX-EXO-I09DR32 i5-14400F 32GB RAM 1TB SSD Wi-Fi;MAD DOG;Komputery stacjonarne;-;https://www.mediaexpert.pl/komputery-i-tablety/komputery-pc/komputery-stacjonarne/komputer-mad-dog-geforce-rtx5070-dlss-4-reflex-edition-2-krux-exo-i09dr32-i5-14400f-32gb-ram-1tb-ssd-wi-fi;7399.00;7949.99;7409.99;WRZESIEN1809
2026-09-19 17:27:11;Media Expert;"Monitor IIYAMA GB2771HSU-W1 27"" IPS 1920x1080px 240Hz 0.4 ms [MPRT]";IIYAMA;Monitory;-;https://www.mediaexpert.pl/komputery-i-tablety/monitory-led/monitor-iiyama-gb2771hsu-w1-27-ips-1920x1080px-240hz-0-4-ms-mprt;579.00;599.00;599.00;ME0809-200926
2026-09-19 17:27:11;Media Expert;Urządzenie wielofunkcyjne HP Envy 6120e Druk w kolorze, Automatyczny druk dwustronny, Wi-Fi, Instant Ink;HP;Urządzenia wielofunkcyjne;-;https://www.mediaexpert.pl/komputery-i-tablety/drukarki-i-urzadzenia-biurowe/urzadzenia-wielofunkcyjne/urzadzenie-wielofunkcyjne-hp-envy-6120e-druk-w-kolorze-automatyczny-druk-dwustronny-wi-fi-instant-ink;259.00;299.00;279.98;ME1509-270926
2026-09-19 17:27:12;Media Expert;Klawiatura XQUANTUM WK600X Wireless;XQUANTUM;Klawiatury;-;https://www.mediaexpert.pl/komputery-i-tablety/klawiatury-komputerowe/klawiatury/klawiatura-xquantum-wk600x-wireless;199.95;229.99;199.96;RW0109-3009
2026-09-19 17:27:12;Media Expert;Klawiatura LENOVO 310 USB-A Wired Combo;LENOVO;Klawiatury z myszą;-;https://www.mediaexpert.pl/komputery-i-tablety/klawiatury-komputerowe/klawiatury-z-mysza/klawiatura-lenovo-310-usb-a-wired-combo;69.99;129.99;99.99;ME1109-300926
2026-09-19 17:27:12;Media Expert;Mysz HP 510 Czarny;HP;Myszki;-;https://www.mediaexpert.pl/komputery-i-tablety/myszy-komputerowe/myszki-uniwersalne/mysz-hp-510-czarny;49.99;85.99;59.99;ME0708-311026
2026-09-19 17:27:12;Media Expert;Mysz HP 410 Slim Czarno-złoty;HP;Myszki;-;https://www.mediaexpert.pl/komputery-i-tablety/myszy-komputerowe/myszki-uniwersalne/mysz-hp-410-slim-czarno-zloty;59.99;94.00;69.99;ME1509-300926
2026-09-19 17:27:13;Media Expert;Wzmacniacz sieci FRITZ Repeater 2700 2.4 / 5 GHz, Wi-Fi 7 (802.11 a/g/n/ac/ax/be);FRITZ!;Wzmacniacze Wi-Fi;-;https://www.mediaexpert.pl/komputery-i-tablety/urzadzenia-sieciowe/wzmacniacze-wi-fi/wzmacniacz-sieci-fritz-repeater-2700-2-4-5-ghz-wi-fi-7-802-11-a-g-n-ac-ax-be;649.00;819.99;819.99;WRZESIEN1809
2026-09-19 17:27:13;Media Expert;Głośniki EDIFIER G2000 2.0, Komunikacja bezprzewodowa;EDIFIER;Głośniki komputerowe;-;https://www.mediaexpert.pl/komputery-i-tablety/sluchawki-i-glosniki-komputerowe/glosniki-komputerowe/glosniki-edifier-g2000-2-0-komunikacja-bezprzewodowa;204.00;249.00;209.00;ME1909-031026
2026-09-19 17:27:13;Media Expert;Kamera internetowa LOGITECH Brio 4K USB-C Grafitowy;LOGITECH;Kamery internetowe;-;https://www.mediaexpert.pl/komputery-i-tablety/mikrofony-do-komputera-i-akcesoria/kamery-internetowe/kamera-internetowa-logitech-brio-4k-usb-c-grafitowy;699.00;699.00;0.00;
2026-09-19 17:27:13;Media Expert;Płyta główna ASUS TUF Gaming B850M-Plus WiFi;ASUS;Płyty główne;-;https://www.mediaexpert.pl/komputery-i-tablety/podzespoly-komputerowe/plyty-glowne/plyta-glowna-asus-tuf-gaming-b850m-plus-wifi;974.99;1079.00;1079.00;ME0609-300926
2026-09-19 17:27:14;Media Expert;Płyta główna ASUS ROG Strix B760-I Gaming WiFi;ASUS;Płyty główne;-;https://www.mediaexpert.pl/komputery-i-tablety/podzespoly-komputerowe/plyty-glowne/plyta-glowna-asus-rog-strix-b760-i-gaming-wifi;699.00;829.00;823.78;ML2508-200926
2026-09-19 17:27:14;Media Expert;Płyta główna GIGABYTE B550 Aorus Elite AX V2;GIGABYTE;Płyty główne;-;https://www.mediaexpert.pl/komputery-i-tablety/podzespoly-komputerowe/plyty-glowne/plyta-glowna-gigabyte-b550-aorus-elite-ax-v2;549.00;549.00;0.00;
2026-09-19 17:27:14;Media Expert;Obudowa FRACTAL DESIGN Focus 2 RGB TG Clear Tint Czarny;FRACTAL DESIGN;Obudowy do komputera;-;https://www.mediaexpert.pl/komputery-i-tablety/podzespoly-komputerowe/obudowy/obudowa-fractal-design-focus-2-rgb-tg-clear-tint-czarny;299.00;367.86;348.93;ME1509-270926
2026-09-19 17:27:14;Media Expert;Podkładka HUMANS+ROBOTS City of Lights XXL;HUMANS+ROBOTS;Podkładki pod myszkę;-;https://www.mediaexpert.pl/komputery-i-tablety/myszy-komputerowe/podkladki/podkladka-humans-robots-city-of-lights-xxl;79.00;89.00;79.99;ME0609-300926
2026-09-19 17:27:14;Media Expert;Podkładka SECRET GEAR Carpet Diem XD-1;SECRET GEAR;Podkładki pod myszkę;-;https://www.mediaexpert.pl/komputery-i-tablety/myszy-komputerowe/podkladki/podkladka-secret-gear-carpet-diem-xd-1;59.99;59.99;0.00;
2026-09-19 17:27:15;Media Expert;Telefon MAXCOM MM443 Czarny;MAXCOM;Smartfony;-;https://www.mediaexpert.pl/smartfony-i-zegarki/smartfony/telefon-maxcom-mm443-4g-czarny;173.96;179.99;173.97;AK1909-2009
2026-09-19 17:27:15;Media Expert;"Smartfon GARETT OneKid Phone 48MB/16GB 2.8"" 60Hz Niebieski";GARETT;Smartfony;-;https://www.mediaexpert.pl/smartfony-i-zegarki/smartfony/smartfon-garett-onekid-phone-48mb-16gb-2-8-60hz-niebieski;269.99;299.00;299.00;ME1709-220926
2026-09-19 17:27:15;Media Expert;"Smartfon BLACKVIEW Xplore 2 5G 12/256GB 6.73"" 120Hz Czarny";BLACKVIEW;Smartfony;-;https://www.mediaexpert.pl/smartfony-i-zegarki/smartfony/smartfon-blackview-xplore-2-5g-12-256gb-6-73-120hz-czarny-1;2149.00;2449.00;2449.00;ME1709-220926
2026-09-19 17:27:15;Media Expert;"Smartfon APPLE iPhone Air 5G 1TB 6.5"" 120Hz Biały obłok";APPLE;Smartfony;-;https://www.mediaexpert.pl/smartfony-i-zegarki/smartfony/smartfon-apple-iphone-air-5g-cloud-white-1tb;4699.00;7299.99;5498.00;WRZESIEN1809
2026-09-19 17:27:16;Media Expert;Smartband SAMSUNG Fit 3 Różowo-złoty;SAMSUNG;Smartbandy;-;https://www.mediaexpert.pl/smartfony-i-zegarki/smartwatche-i-zegarki/smartbandy/smartband-samsung-fit-3-rozowo-zloty;179.00;199.00;199.00;ME1809-220926
2026-09-19 17:27:16;Media Expert;Apple Watch Ultra 3 GPS + Cellular 49mm koperta tytanowa (czarny) + bransoleta mediolańska z tytanu rozmiar S (czarny);APPLE;Smartwatche;-;https://www.mediaexpert.pl/smartfony-i-zegarki/smartwatche-i-zegarki/smartwatche/smartwatch-apple-watch-ultra3-49-bk-ti-bk-tml-s-pru;3999.00;4299.00;4299.00;ME1709-220926
2026-09-19 17:27:16;Media Expert;Smartring MAXCOM mRing MR100 57.8mm Czarny;MAXCOM;Smart Ringi;-;https://www.mediaexpert.pl/smartfony-i-zegarki/smartwatche-i-zegarki/smart-ringi/smartring-maxcom-mring-mr100-57mm-czarny;149.00;249.00;214.99;ME1908-300926
2026-09-19 17:27:16;Media Expert;Smartring MAXCOM mRing MR200 63mm Czarny;MAXCOM;Smart Ringi;-;https://www.mediaexpert.pl/smartfony-i-zegarki/smartwatche-i-zegarki/smart-ringi/smartring-maxcom-mring-mr200-63mm-czarny;249.00;399.00;359.99;ME1908-300926
2026-09-19 17:27:17;Media Expert;Klawiatura RAZER Ornata V3 TKL;RAZER;Klawiatury;-;https://www.mediaexpert.pl/komputery-i-tablety/klawiatury-komputerowe/klawiatury/klawiatura-razer-ornata-v3-tkl;159.00;179.00;164.00;ME1909-300926
2026-09-19 17:27:17;Media Expert;Klawiatura REDRAGON Aria Pro K527WGL-PRO;REDRAGON;Klawiatury;-;https://www.mediaexpert.pl/komputery-i-tablety/klawiatury-komputerowe/klawiatury/klawiatura-redragon-aria-pro-k527wgl-pro;97.99;129.00;98.00;ME2808-300926
2026-09-19 17:27:17;Media Expert;Mysz A4TECH Bloody R72 Ultra Duo Renegade Sunset;A4TECH;Myszki;-;https://www.mediaexpert.pl/komputery-i-tablety/myszy-komputerowe/myszki-uniwersalne/mysz-a4tech-bloody-r72-ultra-duo-renegade-sunset;138.99;198.98;139.00;ME1509-270926
2026-09-19 17:27:17;Media Expert;Słuchawki JBL Quantum 910 Bezprzewodowe, Nauszne, ANC;JBL;Słuchawki z mikrofonem;-;https://www.mediaexpert.pl/komputery-i-tablety/sluchawki-i-glosniki-komputerowe/sluchawki-z-mikrofonem/sluchawki-jbl-quantum-910;654.99;749.99;749.99;ME0609-300926
2026-09-19 17:27:18;Media Expert;Biurko KENOKO Ibuki 120 x 60 cm Czarny;KENOKO;Biurka regulowane;-;https://www.mediaexpert.pl/dom/meble/biurka-regulowane/biurko-kenoko-ibuki-120-x-60-cm-czarny;574.99;649.00;649.00;ME0709-300926
2026-09-19 17:27:18;Media Expert;Kontroler COBRA QSP571CGY Camo szary;COBRA;Pady;-;https://www.mediaexpert.pl/gaming/kontrolery-pady/kontroler-cobra-qsp571cgy-camo-szary;154.99;169.00;169.00;ME1909-031026
2026-09-19 17:27:18;Media Expert;Kontroler SONY DualSense Czarno-zielony;SONY COMPUTER;Pady;-;https://www.mediaexpert.pl/gaming/kontrolery-pady/kontroler-sony-dualsense-czarno-zielony;319.00;319.00;0.00;
2026-09-19 17:27:18;Media Expert;Aparat NIKON Coolpix P1100 Czarny, 16Mpix, 125x zoom optyczny;NIKON;Aparaty cyfrowe;-;https://www.mediaexpert.pl/foto-i-kamery/aparaty-fotograficzne/aparat-cyfrowy/aparat-nikon-coolpix-p1100-czarny;4349.00;4349.00;0.00;
2026-09-19 17:27:18;Media Expert;Aparat bezlusterkowy CANON EOS R50 Body Czarny, 24.2Mpix, 4K30p;CANON;Aparaty bezlusterkowe;-;https://www.mediaexpert.pl/foto-i-kamery/aparaty-fotograficzne/aparaty-z-wymienna-optyka-bezlustrowce/aparat-canon-eos-r50-bk-body;2799.00;2838.00;2838.00;ME1509-270926
2026-09-19 17:27:19;Media Expert;Wideorejestrator 70MAI Dash Cam A510 + kamera tylna RC11;70MAI;Wideorejestratory;-;https://www.mediaexpert.pl/foto-i-kamery/kamery/wideorejestratory/wideorejestrator-70mai-dash-cam-a510-kamera-tylna-rc11;518.00;518.00;0.00;
2026-09-19 17:27:19;Media Expert;Dron ANTIGRAVITY A1 Explorer Bundle Kamera 360, wideo 2.7K, czas lotu do 22 min, GPS, etui, 3x bateria;ANTIGRAVITY;Drony;-;https://www.mediaexpert.pl/foto-i-kamery/drony-i-akcesoria/drony/dron-antigravity-a1-kamera-360-explorer-bundle;5909.00;6029.00;5962.11;ME1809-270926
2026-09-19 17:27:19;Media Expert;Statyw ULANZI T047 Czarny;ULANZI;Statywy;-;https://www.mediaexpert.pl/foto-i-kamery/akcesoria-do-aparatow-i-kamer/statywy-do-aparatow-i-kamer/statyw-ulanzi-t047-czarny;899.99;1399.00;959.39;L2808-300926
2026-09-19 17:27:19;Media Expert;Lodówka HISENSE Skyline RF5S454GMFE No frost 200cm Czarna;HISENSE;Lodówki;-;https://www.mediaexpert.pl/agd/lodowki-i-zamrazarki/lodowki/lodowka-hisense-rf5s454gmfe-no-frost-200cm-czarna;4298.96;4729.99;4298.97;RW0109-3009
2026-09-19 17:27:20;Media Expert;Lodówka AMICA FK299.2FTZXAA No frost 180cm Srebrna;AMICA;Lodówki;-;https://www.mediaexpert.pl/agd/lodowki-i-zamrazarki/lodowki/lodowka-amica-fk299-2ftzxaa-nofrost-srebrna;1794.99;1999.00;1798.99;ME0709-300926
2026-09-19 17:27:20;Media Expert;Lodówka CANDY Fresco 300 CNCQ2T518DB No frost 182.5cm Czarna;CANDY;Lodówki;-;https://www.mediaexpert.pl/agd/lodowki-i-zamrazarki/lodowki/lodowka-candy-cncq2t518db-no-frost-182-5cm-czarna;1699.00;1799.00;1799.00;ME0709-300926
2026-09-19 17:27:20;Media Expert;Lodówka SAMSUNG RB38C675CS9 EF No frost AI Energy Mode 203cm Szczotkowana stal nierdzewna;SAMSUNG;Lodówki;-;https://www.mediaexpert.pl/agd/lodowki-i-zamrazarki/lodowki/lodowka-samsung-rb38c675cs9-ef-no-frost-203cm-szczotkowana-stal-nierdzewna;2849.00;2999.00;2866.84;ME1409-071026
2026-09-19 17:27:20;Media Expert;Lodówka TEKA RBF 54640 SS No frost 188cm Stal nierdzewna;TEKA;Lodówki;-;https://www.mediaexpert.pl/agd/lodowki-i-zamrazarki/lodowki/lodowka-teka-rbf-54640-ss-no-frost-188cm-stal-nierdzewna;1898.96;2299.00;1898.97;ME1509-071026
2026-09-19 17:27:21;Media Expert;Lodówka WHIRLPOOL WHK 22373 X6EA No frost AI AdaptiveCool 186.5cm Szara;WHIRLPOOL;Lodówki;-;https://www.mediaexpert.pl/agd/lodowki-i-zamrazarki/lodowki/lodowka-whirlpool-whk-22373-x6ea-no-frost-ai-adaptivecool-186-5cm-szara;2499.00;2899.99;2698.98;ME0709-300926
2026-09-19 17:27:21;Media Expert;Lodówka WHIRLPOOL WHK 26372 X5EA1 No frost AI AdaptiveCool 186.5cm Szara;WHIRLPOOL;Lodówki;-;https://www.mediaexpert.pl/agd/lodowki-i-zamrazarki/lodowki/lodowka-whirlpool-whk-26372-x5ea1-no-frost-ai-adaptivecool-186-5cm-szara;2399.00;2399.00;0.00;
2026-09-19 17:27:21;Media Expert;Lodówka HAIER Cube 83 Series 7 HCKR7819DWGB No frost 190cm Czarne szkło;HAIER;Lodówki;-;https://www.mediaexpert.pl/agd/lodowki-i-zamrazarki/lodowki/lodowka-haier-hckr7819dwgb-multi-door-190cm-czarna;4494.99;4990.00;4739.98;ME0709-300926
2026-09-19 17:27:21;Media Expert;Lodówka MPM 427-SBS-06/NL No frost Side by side 177cm Czarna;MPM;Lodówki;-;https://www.mediaexpert.pl/agd/lodowki-i-zamrazarki/lodowki/lodowka-mpm-427-sbs-06-nl-side-by-side-no-frost-177cm-czarna;2794.99;2999.00;2798.99;ME0709-300926
2026-09-19 17:27:22;Media Expert;Lodówka SHARP SJ-MP780D-SL No frost Side by side 4D ION Plasmacluster 183cm Ciemna inox;SHARP;Lodówki;-;https://www.mediaexpert.pl/agd/lodowki-i-zamrazarki/lodowki/lodowka-sharp-sj-mp780d-sl-side-by-side-no-frost-183cm-4d-icon-plasmacluster-ciemny-inox;8539.98;8999.00;8539.99;ME1609-031026
2026-09-19 17:27:22;Media Expert;Witryna chłodnicza przemysłowa BEKO PROFESSIONAL ADN 221S BP;BEKO PROFESSIONAL;Chłodziarki przemysłowe;-;https://www.mediaexpert.pl/agd/agd-przemyslowe/chlodziarki-przemyslowe/witryna-chlodnicza-przemyslowa-beko-professional-adn-221s-bp;3884.99;4099.00;3889.98;ME0709-300926
2026-09-19 17:27:22;Media Expert;Pralka HISENSE Seria 5i WF5I1045BWQ 10.5kg 55cm 1400obr Sterowanie smartfonem;HISENSE;Pralki;-;https://www.mediaexpert.pl/agd/pralki-i-suszarki/pralki/pralka-hisense-seria-5i-wf5i1045bwq-10-5kg-1400-obr-ijet-ifit-autodosing-extra-odplamianie-wifi-connectlife;2698.99;2999.00;2699.00;ME1709-031026
2026-09-19 17:27:22;Media Expert;Pralka BEKO b100 B1W630WBPL 6kg Slim 45cm 1000obr;BEKO;Pralki;-;https://www.mediaexpert.pl/agd/pralki-i-suszarki/pralki/pralka-beko-slim-b100-b1w630wbpl-6kg-1000-obr-15-programow;894.00;1149.00;894.99;ME1909-031026
2026-09-19 17:27:22;Media Expert;Pralka CANDY ProWash 700 BS 49SB8G-S 9kg Slim 46.6cm 1400obr AI Silent Motion Sterowanie smartfonem;CANDY;Pralki;-;https://www.mediaexpert.pl/agd/pralki-i-suszarki/pralki/pralka-candy-ai-bs-49sb8g-s-9kg-1400-obr-proactive-ecowash;1695.00;1749.99;1695.99;ME0709-300926
2026-09-19 17:27:23;Media Expert;Pralka MIELE WWG880 WCS 9kg 60cm 1400obr Sterowanie smartfonem;MIELE;Pralki;-;https://www.mediaexpert.pl/agd/pralki-i-suszarki/pralki/pralka-miele-wwg880-wcs-9kg-1400-obr;5299.00;5899.00;5604.99;ME0709-300926
2026-09-19 17:27:23;Media Expert;Pralka CANDY ProWash 350 GD 48SB8C-16 8kg 53.2cm 1400obr AI Silent Motion;CANDY;Pralki;-;https://www.mediaexpert.pl/agd/pralki-i-suszarki/pralki/pralka-candy-prowash-350-gd-48sb8c-16-8kg-1400-obr;1449.00;1699.99;1597.99;ME0709-300926
2026-09-19 17:27:23;Media Expert;Pralka HAIER I-Pro 2 HW70-BP14929-S 7kg Slim 40.6cm 1400obr;HAIER;Pralki;-;https://www.mediaexpert.pl/agd/pralki-i-suszarki/pralki/pralka-haier-i-pro-3-hw70-bp14929-s-7kg-1400-obr-a;1344.99;1344.99;0.00;
2026-09-19 17:27:23;Media Expert;Pralka TCL Seria P4 FP0944WA0PL 9kg 51.4cm 1400obr;TCL;Pralki;-;https://www.mediaexpert.pl/agd/pralki-i-suszarki/pralki/pralka-tcl-fp0944wa0pl-9kg-1400-obr;1499.00;1499.00;0.00;
2026-09-19 17:27:24;Media Expert;Pralka ELECTROLUX 500 TimeCare EW5TN507FP 7kg 60cm 1000obr;ELECTROLUX;Pralki;-;https://www.mediaexpert.pl/agd/pralki-i-suszarki/pralki/pralka-electrolux-ew5tn507fp-timecare-500-7-kg-1000-obr;1294.99;1399.00;1399.00;ME0109-300926
2026-09-19 17:27:24;Media Expert;Suszarka BEKO b300 XBM3T68239W Slim 47cm;BEKO;Suszarki;-;https://www.mediaexpert.pl/agd/pralki-i-suszarki/suszarki/suszarka-beko-xbm3t68239w;1799.99;2099.00;1839.99;ME0709-300926
2026-09-19 17:27:24;Media Expert;Suszarka WHIRLPOOL MXWSD83MWBSPL Slim 47cm;WHIRLPOOL;Suszarki;-;https://www.mediaexpert.pl/agd/pralki-i-suszarki/suszarki/suszarka-whirlpool-mx-wsd-83m-wbs-pl-z-pompa-ciepla;2396.00;2499.00;2397.00;ME1109-031026
2026-09-19 17:27:24;Media Expert;Suszarka HAIER I-Pro 3 HD80-A2939-S 58 cm;HAIER;Suszarki;-;https://www.mediaexpert.pl/agd/pralki-i-suszarki/suszarki/suszarka-haier-i-pro-3-hd80-a2939-s;1749.00;1999.99;1799.00;WRZESIEN1809
2026-09-19 17:27:25;Media Expert;Suszarka ELECTROLUX 600 GentleCare MEWD268MCEP 66.2 cm;ELECTROLUX;Suszarki;-;https://www.mediaexpert.pl/agd/pralki-i-suszarki/suszarki/suszarka-electrolux-600-gentlecare-mewd268mcep-66-2-cm;2199.00;2599.99;2299.99;WRZESIEN1809
2026-09-19 17:27:25;Media Expert;Pralko-suszarka ELECTROLUX EW9WN161BCE 63.6 cm  Pompa ciepła Sterowanie smartfonem;ELECTROLUX;Pralko-suszarki;-;https://www.mediaexpert.pl/agd/pralki-i-suszarki/pralko-suszarki/pralko-suszarka-electrolux-ew9wn161bce;5394.98;5899.00;5394.99;ME0909-300926
2026-09-19 17:27:25;Media Expert;Pralko-suszarka ELECTROLUX 700 SteamCare EW7W4492P 57.6 cm;ELECTROLUX;Pralko-suszarki;-;https://www.mediaexpert.pl/agd/pralki-i-suszarki/pralko-suszarki/pralko-suszarka-electrolux-ew7w4492p-700-steamcare-absolutecare;2599.00;2599.00;0.00;
2026-09-19 17:27:25;Media Expert;Zmywarka BOSCH SPS4EMI62E ActiveWater Eco, EfficientDry ;BOSCH;Zmywarki;-;https://www.mediaexpert.pl/agd/zmywarki-i-akcesoria/zmywarki/zmywarka-bosch-sps4emi62e;1699.00;2019.99;1798.95;ME0609-300926
2026-09-19 17:27:26;Media Expert;Zmywarka BOSCH SPS4EMI11E;BOSCH;Zmywarki;-;https://www.mediaexpert.pl/agd/zmywarki-i-akcesoria/zmywarki/zmywarka-bosch-sps4emi11e;2278.00;2599.00;2288.00;ME0709-190926
2026-09-19 17:27:26;Media Expert;Zmywarka CANDY Brava CDPH 2L1047W Funkcja Express;CANDY;Zmywarki;-;https://www.mediaexpert.pl/agd/zmywarki-i-akcesoria/zmywarki/zmywarka-candy-brava-cdph-2l1047w;1079.00;1599.99;1079.97;ME1009-300926
2026-09-19 17:27:26;Media Expert;Zmywarka INDESIT IN2FE13CNO7W Push&Go Połowa załadunku Stalowe dno 60cm Biały;INDESIT;Zmywarki;-;https://www.mediaexpert.pl/agd/zmywarki-i-akcesoria/zmywarki/zmywarka-indesit-in2fe13cno7w;999.00;1249.00;1036.99;ME0609-300926
2026-09-19 17:27:26;Media Expert;Kuchnia BEKO FSMT51339DXDT SteamAdd Pieczenie 3D Rożen Grill Termoobieg Wok;BEKO;Kuchnie;-;https://www.mediaexpert.pl/agd/kuchnie/kuchnie-wolnostojace/kuchnia-beko-fsmt51339dxdt;1499.97;1649.99;1499.98;RW0109-3009
2026-09-19 17:27:27;Media Expert;Kuchnia GORENJE GEIT6C60XPG;GORENJE;Kuchnie;-;https://www.mediaexpert.pl/agd/kuchnie/kuchnie-wolnostojace/kuchnia-gorenje-geit6c60xpg;2399.00;2799.00;2498.96;ME1409-031026
2026-09-19 17:27:27;Media Expert;Kuchnia AMICA 515GE2.33ZPMSDPA(CI) Szybki nagrzew;AMICA;Kuchnie;-;https://www.mediaexpert.pl/agd/kuchnie/kuchnie-wolnostojace/kuchnia-amica-515ge2-33zpmsdpa-ci;1894.00;1999.00;1894.99;ME1409-031026
2026-09-19 17:27:27;Media Expert;Kuchnia AMICA 58GED2.33HZpPFQ(W);AMICA;Kuchnie;-;https://www.mediaexpert.pl/agd/kuchnie/kuchnie-wolnostojace/kuchnia-amica-58ged2-33hzppfq-w;1199.00;1199.00;0.00;
2026-09-19 17:27:27;Media Expert;Kuchenka mikrofalowa AMICA AMGF23E1GB 900W średnica 27 cm pojemność 23 L MultiWave System Czarny;AMICA;Mikrofalówki;-;https://www.mediaexpert.pl/agd-male/do-kuchni/kuchnie-mikrofalowe/kuchenka-mikrofalowa-amica-amgf23e1gb;319.00;389.00;383.31;ME1709-031026
2026-09-19 17:27:27;Media Expert;Kuchenka mikrofalowa BEKO MOC20100W2 700W średnica 25.5 cm pojemność 20L Biały;BEKO;Mikrofalówki;-;https://www.mediaexpert.pl/agd-male/do-kuchni/kuchnie-mikrofalowe/kuchenka-mikrofalowa-beko-moc20100w2-700w-srednica-25-5-cm-pojemnosc-20l-bialy;284.00;359.00;284.98;ME1809-031026
2026-09-19 17:27:28;Media Expert;Zamrażarka szufladowa SHARP SJ-UE103T0W-EU 103l;SHARP;Zamrażarki;-;https://www.mediaexpert.pl/agd/lodowki-i-zamrazarki/zamrazarki/zamrazarka-sharp-sj-ue103t0w-eu;896.86;989.89;896.87;RW0109-3009
2026-09-19 17:27:28;Media Expert;Zamrażarka szufladowa SAMSUNG AI RZ80H32HDFEO 323l No frost Szybkie zamrażanie;SAMSUNG;Zamrażarki;-;https://www.mediaexpert.pl/agd/lodowki-i-zamrazarki/zamrazarki/zamrazarka-samsung-ai-rz80h32hdfeo;3999.00;4299.00;4299.00;ME0709-300926
2026-09-19 17:27:28;Media Expert;Zamrażarka skrzyniowa AMICA FS140.3 142l Szybkie zamrażanie;AMICA;Zamrażarki;-;https://www.mediaexpert.pl/agd/lodowki-i-zamrazarki/zamrazarki/zamrazarka-amica-fs140-3;1099.00;1099.00;0.00;
2026-09-19 17:27:28;Media Expert;Piekarnik ELECTROLUX LOC8H39WZ Seria 700 MealAssist SteamCrisp Elektryczny parowy Czarny A+;ELECTROLUX;Piekarniki do zabudowy;-;https://www.mediaexpert.pl/agd-do-zabudowy/piekarniki-do-zabudowy/piekarnik-electrolux-loc8h39wz-seria-700-mealassist-steamcrisp-elektryczny-parowy-czarny-a;3087.96;3399.99;3087.97;RW0109-3009
2026-09-19 17:27:29;Media Expert;Piekarnik GORENJE BO6635E01B Elektryczny Czarny A;GORENJE;Piekarniki do zabudowy;-;https://www.mediaexpert.pl/agd-do-zabudowy/piekarniki-do-zabudowy/piekarnik-gorenje-bo6635e01b-elektryczny-czarny-a;794.98;949.00;794.99;ME1109-301126
2026-09-19 17:27:29;Media Expert;Piekarnik ELECTROLUX EOF6P76BZ Elektryczny Czarny A+;ELECTROLUX;Piekarniki do zabudowy;-;https://www.mediaexpert.pl/agd-do-zabudowy/piekarniki-do-zabudowy/piekarnik-electrolux-eof6p76bz-elektryczny-czarny-a;1799.00;1999.00;1898.97;ME1409-031026
2026-09-19 17:27:29;Media Expert;Piekarnik WHIRLPOOL WOI5S8PM1SXA Elektryczny parowy Czarny-Inox A+ Steam+ Pizza 310 AirFry;WHIRLPOOL;Piekarniki do zabudowy;-;https://www.mediaexpert.pl/agd-do-zabudowy/piekarniki-do-zabudowy/piekarnik-whirlpool-woi5s8pm1sxa-elektryczny-czarny-inox-a;2049.00;2089.00;2089.00;ME1409-031026
2026-09-19 17:27:29;Media Expert;Piekarnik GORENJE BOS67371SYB Elektryczny Czarny A;GORENJE;Piekarniki do zabudowy;-;https://www.mediaexpert.pl/agd-do-zabudowy/piekarniki-do-zabudowy/piekarnik-gorenje-bos67371syb-elektryczny-czarny-a;1380.00;1548.97;1381.71;ME1409-031026
2026-09-19 17:27:30;Media Expert;Piekarnik DREAME Combi OZ60Pro Elektryczny parowy Czarny A++;DREAME;Piekarniki do zabudowy;-;https://www.mediaexpert.pl/agd-do-zabudowy/piekarniki-do-zabudowy/piekarnik-dreame-combi-oz60pro-elektryczny-parowy-czarny-a;3299.00;3399.00;3399.00;ME1409-031026
2026-09-19 17:27:30;Media Expert;Piekarnik Elektryczny BEKO b300 BBIM18300BS AeroPerfect Czarny A;BEKO;Piekarniki do zabudowy;-;https://www.mediaexpert.pl/agd-do-zabudowy/piekarniki-do-zabudowy/piekarnik-beko-bbim18300bs-elektryczny-czarny-a;1099.00;1099.00;0.00;
2026-09-19 17:27:30;Media Expert;Płyta indukcyjna ELECTROLUX LIR60433;ELECTROLUX;Płyty do zabudowy;-;https://www.mediaexpert.pl/agd-do-zabudowy/plyty-do-zabudowy/plyta-indukcyjna-electrolux-lir60433;1185.00;1259.00;1186.00;ME1109-031026
2026-09-19 17:27:30;Media Expert;Płyta indukcyjna ELECTROLUX LIV63431BK;ELECTROLUX;Płyty do zabudowy;-;https://www.mediaexpert.pl/agd-do-zabudowy/plyty-do-zabudowy/plyta-indukcyjna-electrolux-liv63431bk;1429.00;1639.99;1448.99;ME1609-071026
2026-09-19 17:27:30;Media Expert;Płyta indukcyjna AMICA PIT6542PHTSUN 3.0 BL MATT;AMICA;Płyty do zabudowy;-;https://www.mediaexpert.pl/agd-do-zabudowy/plyty-do-zabudowy/plyta-indukcyjna-amica-pit6542phtsun-3-0-bl;1999.00;2199.00;2048.96;ME1509-031026
2026-09-19 17:27:31;Media Expert;Płyta ceramiczna CANDY CDH 30;CANDY;Płyty do zabudowy;-;https://www.mediaexpert.pl/agd-do-zabudowy/plyty-do-zabudowy/plyta-ceramiczna-candy-cdh-30;549.00;649.00;649.00;ME1409-031026
2026-09-19 17:27:31;Media Expert;Płyta indukcyjna HAIER HAMTB86IRCS;HAIER;Płyty do zabudowy;-;https://www.mediaexpert.pl/agd-do-zabudowy/plyty-do-zabudowy/plyta-indukcyjna-haier-hamtb86ircs;2699.00;3099.00;3099.00;ME1409-031026
2026-09-19 17:27:31;Media Expert;Płyta indukcyjna SIEMENS EX875LYC1E;SIEMENS;Płyty do zabudowy;-;https://www.mediaexpert.pl/agd-do-zabudowy/plyty-do-zabudowy/plyta-indukcyjna-siemens-ex875lyc1e;4489.00;4589.00;4498.99;ME1409-031026
2026-09-19 17:27:31;Media Expert;Płyta indukcyjna ELECTROLUX EIV8457 SLIM-FIT;ELECTROLUX;Płyty do zabudowy;-;https://www.mediaexpert.pl/agd-do-zabudowy/plyty-do-zabudowy/plyta-electrolux-eiv8457-multiplebridge-slim-fit;4548.00;4548.00;0.00;
2026-09-19 17:27:32;Media Expert;Płyta gazowa AMICA PGA6101APCB Retro;AMICA;Płyty do zabudowy;-;https://www.mediaexpert.pl/agd-do-zabudowy/plyty-do-zabudowy/plyta-gazowa-amica-pga6101apcb-retro;899.00;949.00;949.00;ME1409-031026
2026-09-19 17:27:32;Media Expert;Płyta gazowa TEKA EX 90.1 5G AI AL DR CI NTB;TEKA;Płyty do zabudowy;-;https://www.mediaexpert.pl/agd-do-zabudowy/plyty-do-zabudowy/plyta-teka-ex-90-1-5g-ai-al-dr-ci-ntb;1199.00;1299.00;1299.00;ME1409-031026
2026-09-19 17:27:32;Media Expert;Zmywarka BEKO b100 DIS35023 LedSpot Quick&Shine 45cm;BEKO;Zmywarki do zabudowy;-;https://www.mediaexpert.pl/agd-do-zabudowy/zmywarki-do-zabudowy/zmywarka-beko-dis35023;1049.99;1279.00;1098.99;ME1709-091026
2026-09-19 17:27:32;Media Expert;Zmywarka SAMSUNG DW50R4071BB;SAMSUNG;Zmywarki do zabudowy;-;https://www.mediaexpert.pl/agd-do-zabudowy/zmywarki-do-zabudowy/zmywarka-samusng-dw50r4071bb-10kpl-6pr-44db-a-3kosz-45cm;1399.00;1599.99;1599.99;WRZESIEN1809
2026-09-19 17:27:33;Media Expert;Zmywarka CANDY Rapido CI 4C4F1A Maxi Tub Trzeci kosz;CANDY;Zmywarki do zabudowy;-;https://www.mediaexpert.pl/agd-do-zabudowy/zmywarki-do-zabudowy/zmywarka-candy-ci-4c4f1a;1318.99;1347.00;1319.00;ME1609-031026
2026-09-19 17:27:33;Media Expert;Zmywarka BEKO bPRO500 BDIS38042Q Szuflada na sztućce Autootwieranie drzwi 45cm;BEKO;Zmywarki do zabudowy;-;https://www.mediaexpert.pl/agd-do-zabudowy/zmywarki-do-zabudowy/zmywarka-beko-bdis38042q;1797.00;2099.00;1798.00;ME0709-190926
2026-09-19 17:27:33;Media Expert;Zmywarka SIEMENS SR61HX16KE VarioSpeed Plus;SIEMENS;Zmywarki do zabudowy;-;https://www.mediaexpert.pl/agd-do-zabudowy/zmywarki-do-zabudowy/zmywarka-siemens-sr61hx16ke;1649.00;2199.00;1684.00;ME0609-300926
2026-09-19 17:27:33;Media Expert;Zmywarka HAIER I-Pro Shine seria 6 Ramię X-spray TimeLight Total Waterblock;HAIER;Zmywarki do zabudowy;-;https://www.mediaexpert.pl/agd-do-zabudowy/zmywarki-do-zabudowy/zmywarka-haier-i-pro-shine-seria-6-xh-4a4f4b;2589.00;2692.00;2599.00;ME0709-190926
2026-09-19 17:27:33;Media Expert;Zmywarka TEKA DFI 46960;TEKA;Zmywarki do zabudowy;-;https://www.mediaexpert.pl/agd-do-zabudowy/zmywarki-do-zabudowy/zmywarka-teka-dfi-46960;1618.99;1697.00;1619.00;ME0609-300926
2026-09-19 17:27:34;Media Expert;Zmywarka BOSCH SPV2IKX10E Aqua Sensor, Aqua Stop;BOSCH;Zmywarki do zabudowy;-;https://www.mediaexpert.pl/agd-do-zabudowy/zmywarki-do-zabudowy/zmywarka-bosch-spv2ikx10e;1499.00;1499.00;0.00;
2026-09-19 17:27:34;Media Expert;Lodówka SAMSUNG BRB80F30BDS0EO No frost AI Energy Mode 193.5cm;SAMSUNG;Lodówki do zabudowy;-;https://www.mediaexpert.pl/agd-do-zabudowy/lodowki-i-zamrazarki-do-zabudowy/lodowki-do-zabudowy/lodowka-samsung-brb80f30bds0eo-ai;3998.96;4399.99;3998.97;RW0109-3009
2026-09-19 17:27:34;Media Expert;Lodówka HAIER HBQW5719E No frost 193.5cm;HAIER;Lodówki do zabudowy;-;https://www.mediaexpert.pl/agd-do-zabudowy/lodowki-i-zamrazarki-do-zabudowy/lodowki-do-zabudowy/lodowka-haier-hbqw5719e;3594.99;3699.99;3599.00;ME0709-300926
2026-09-19 17:27:34;Media Expert;Lodówka SAMSUNG BRB38G705DWWEF No frost AI Energy Mode 193.5cm;SAMSUNG;Lodówki do zabudowy;-;https://www.mediaexpert.pl/agd-do-zabudowy/lodowki-i-zamrazarki-do-zabudowy/lodowki-do-zabudowy/lodowka-samsung-ai-brb38g705dww;4544.99;4544.99;0.00;
2026-09-19 17:27:35;Media Expert;Lodówka WHIRLPOOL WBUL021 81.5cm;WHIRLPOOL;Lodówki do zabudowy;-;https://www.mediaexpert.pl/agd-do-zabudowy/lodowki-i-zamrazarki-do-zabudowy/lodowki-do-zabudowy/lodowka-whirlpool-wbul021;1459.99;1619.00;1479.99;ME0709-300926
2026-09-19 17:27:35;Media Expert;Okap ELECTROLUX LFT819K 942 022 829 Czarne szkło 730m3/h 70dB klasa A;ELECTROLUX;Okapy;-;https://www.mediaexpert.pl/agd-do-zabudowy/okapy-do-zabudowy/okap-electrolux-lft819k-942-022-829-czarne-szklo-730m3-h-70db-klasa-a;1454.00;1749.00;1548.00;ME1809-031026
2026-09-19 17:27:35;Media Expert;Okap HAIER HATS9CBS4BWIFI 90 Czarny 857m3/h 64dB klasa A+;HAIER;Okapy;-;https://www.mediaexpert.pl/agd-do-zabudowy/okapy-do-zabudowy/okap-haier-hats9cbs4b-90-czarny-1;1739.00;2099.00;1899.00;ME1809-031026
2026-09-19 17:27:35;Media Expert;Okap AMICA OKP9552SB Czarny 639m3/h 65dB klasa A++;AMICA;Okapy;-;https://www.mediaexpert.pl/agd-do-zabudowy/okapy-do-zabudowy/okap-amica-okp9552sb-czarny-639m3-h-65db-klasa-a;994.00;1099.00;1099.00;ME1809-031026
2026-09-19 17:27:36;Media Expert;Okap ELECTROLUX LFV639K Czarny 710m3/h 69dB klasa A;ELECTROLUX;Okapy;-;https://www.mediaexpert.pl/agd-do-zabudowy/okapy-do-zabudowy/okap-electrolux-lfv639k-czarny-710m3-h-69db-klasa-a;2229.00;2599.00;2599.00;ME1809-031026
2026-09-19 17:27:36;Media Expert;Okap VDB Welar 60 Automatik Czarny 562m3/h 58dB klasa B;VDB;Okapy;-;https://www.mediaexpert.pl/agd-do-zabudowy/okapy-do-zabudowy/okap-vdb-welar-60-automatik-czarny;1464.00;1599.00;1599.00;ME1809-031026
2026-09-19 17:27:36;Media Expert;Okap ELECTROLUX LFP626AK Czarny 68dB klasa A;ELECTROLUX;Okapy;-;https://www.mediaexpert.pl/agd-do-zabudowy/okapy-do-zabudowy/okap-electrolux-lfp626ak-czarny-68db-klasa-a;954.00;1199.00;1099.99;ME1809-031026
2026-09-19 17:27:36;Media Expert;Okap AMICA OTP6243I Inox;AMICA;Okapy;-;https://www.mediaexpert.pl/agd-do-zabudowy/okapy-do-zabudowy/okap-amica-otp6243i;349.00;379.00;379.00;ME1809-031026
2026-09-19 17:27:37;Media Expert;Okap AMICA OTP5234W Biały 247m3/h 65dB klasa C Automatyczny włącznik/wyłącznik;AMICA;Okapy;-;https://www.mediaexpert.pl/agd-do-zabudowy/okapy-do-zabudowy/okap-amica-otp5234w-bialy-247m3-h-65db-klasa-c-automatyczny-wlacznik-wylacznik;309.00;337.00;337.00;
2026-09-19 17:27:37;Media Expert;Okap AMICA OSC6231I Inox/Szkło 178m3/h 63dB klasa C;AMICA;Okapy;-;https://www.mediaexpert.pl/agd-do-zabudowy/okapy-do-zabudowy/okap-amica-osc6231i-inox-szklo-178m3-h-63db-klasa-c;329.00;399.00;339.00;ME1809-031026
2026-09-19 17:27:37;Media Expert;Okap AMICA OMP6211B Czarny 250m3/h 63dB klasa C Włącznik i wyłącznik oświetlenia;AMICA;Okapy;-;https://www.mediaexpert.pl/agd-do-zabudowy/okapy-do-zabudowy/okap-amica-omp6211b-czarny;314.00;349.95;349.95;ME1809-031026
2026-09-19 17:27:37;Media Expert;Okap AKPO WK-7 Micra 50 Biały 71dB klasa B;AKPO;Okapy;-;https://www.mediaexpert.pl/agd-do-zabudowy/okapy-do-zabudowy/okap-akpo-wk-7-micra-50-bialy;299.00;309.99;309.99;ME1509-031026
2026-09-19 17:27:37;Media Expert;Okap CANDY CBG625/1X Szary 207m3/h 63dB klasa C;CANDY;Okapy;-;https://www.mediaexpert.pl/agd-do-zabudowy/okapy-do-zabudowy/okap-candy-cbg625-1x;324.00;339.99;339.99;ME1909-031026
2026-09-19 17:27:38;Media Expert;Okap MIDEA MH52T01ET22SG Inox 618m³/h 59dB klasa A++ Sterowanie Gestem;MIDEA;Okapy;-;https://www.mediaexpert.pl/agd-do-zabudowy/okapy-do-zabudowy/okap-midea-mh52t01et22sg-inox-59db-klasa-a;439.00;649.99;499.00;ME1809-031026
2026-09-19 17:27:38;Media Expert;Okap AKPO WK-10 Isla Balmera 800 Czarny 576m3h 70db Klasa A;AKPO;Okapy;-;https://www.mediaexpert.pl/agd-do-zabudowy/okapy-do-zabudowy/okap-akpo-wk-10-isla-balmera-800-czarny-576m3h-70db-klasa-a;1199.00;1569.00;1518.00;ME1509-031026
2026-09-19 17:27:38;Media Expert;Kuchenka mikrofalowa BOSCH BFR7221B1;BOSCH;Kuchenki mikrofalowe do zabudowy;-;https://www.mediaexpert.pl/agd-do-zabudowy/kuchnie-mikrofalowe-do-zabudowy/kuchenka-mikrofalowa-bosch-bfr7221b1;3149.00;3489.00;3489.00;ME1409-031026
2026-09-19 17:27:38;Media Expert;Kuchenka mikrofalowa HAIER H38DMWID46NB Grill Czarny;HAIER;Kuchenki mikrofalowe do zabudowy;-;https://www.mediaexpert.pl/agd-do-zabudowy/kuchnie-mikrofalowe-do-zabudowy/kuchenka-mikrofalowa-haier-h38dmwid46nb-grill-czarny;1948.00;2299.00;1949.00;ME1409-031026
2026-09-19 17:27:39;Media Expert;Zamrażarka do zabudowy HISENSE FT3B213SAWE 235l No frost Szybkie zamrażanie;HISENSE;Zamrażarki do zabudowy;-;https://www.mediaexpert.pl/agd-do-zabudowy/lodowki-i-zamrazarki-do-zabudowy/zamrazarki-do-zabudowy/zamrazarka-hisense-ft3b213sawe;2999.96;3299.99;2999.97;RW0109-3009
2026-09-19 17:27:39;Media Expert;Pralka do zabudowy CANDY ProWash 400 BC4S69M6D8J-S 9kg 1600obr Funkcje AI Sterowanie smartfonem;CANDY;Pralki do zabudowy;-;https://www.mediaexpert.pl/agd-do-zabudowy/pralki-i-suszarki-do-zabudowy/pralki-do-zabudowy/pralka-candy-ai-prowash-400-bc4s69m6d8j-s-9kg-1600-obr;1794.99;1999.00;1799.98;ME0709-300926
2026-09-19 17:27:39;Media Expert;Odkurzacz pionowy MOVA S7 Stick Vacuum Bezprzewodowy;MOVA;Odkurzacze pionowe;-;https://www.mediaexpert.pl/agd-male/sprzatanie/odkurzacze-pionowe/mova-s7-stick-vacuum;589.99;1029.99;599.00;WRZESIEN1809
2026-09-19 17:27:39;Media Expert;Mop elektryczny TINECO Floor One S7 Fold Elite (Bezprzewodowy);TINECO;Mopy elektryczne;-;https://www.mediaexpert.pl/agd-male/sprzatanie/mopy-elektryczne/odkurzacz-mopujacy-tineco-floor-one-s7-fold-elite;2497.00;2799.00;2498.00;ME0209-270926
2026-09-19 17:27:40;Media Expert;Żelazko BRAUN FreeStyle 7 FI7276BK z wbudowanym generatorem pary;BRAUN;Żelazka;-;https://www.mediaexpert.pl/agd-male/prasowanie-i-pielegnacja-ubran/zelazka/zelazko-braun-freestyle-7-fi7276bk-z-wbudowanym-generatorem-pary;399.00;429.00;429.00;R1009-111026
2026-09-19 17:27:40;Media Expert;Generator pary PHILIPS PerfectCare Seria 7000 PSG7200/20;PHILIPS;Generatory pary;-;https://www.mediaexpert.pl/agd-male/prasowanie-i-pielegnacja-ubran/generatory-pary/generator-pary-philips-perfectcare-seria-7000-psg7200-20;1190.00;1439.99;1199.00;WRZESIEN1809
2026-09-19 17:27:40;Media Expert;Oczyszczacz powietrza SHARP IGGC2EUP;SHARP;Oczyszczacze powietrza;-;https://www.mediaexpert.pl/agd-male/do-domu/oczyszczacze-powietrza/oczyszczacz-powietrza-sharp-iggc2eup;549.98;685.00;549.99;ME0809-300926
2026-09-19 17:27:40;Media Expert;Osuszacz NOVEEN DH5000 Xline;NOVEEN;Osuszacze powietrza;-;https://www.mediaexpert.pl/agd-male/do-domu/osuszacze-powietrza/osuszacz-noveen-dh5000-xline;576.87;576.87;0.00;
2026-09-19 17:27:40;Media Expert;Inteligentna żarówka LED PHILIPS HUE 212378 9W E27 Bluetooth, ZigBee (2 szt.) + Mostek;PHILIPS HUE;Żarówki;-;https://www.mediaexpert.pl/dom/zarowki/zrodla-swiatla/inteligentna-zarowka-led-philips-hue-212378-9w-e27-bluetooth-zigbee-2-szt-mostek;389.83;429.99;389.84;RW0109-3009
2026-09-19 17:27:41;Media Expert;Czujnik parametrów powietrza NEDIS WIFISA20CBK Wi-Fi;NEDIS;Czujniki;-;https://www.mediaexpert.pl/dom/inteligentny-dom/detektory/czujnik-parametrow-powietrza-nedis-wifisa20cbk-wi-fi;199.00;330.74;330.74;ME0409-300926
2026-09-19 17:27:41;Media Expert;Domofon EURA ADP-34A3;EURA;Domofony;-;https://www.mediaexpert.pl/dom/inteligentny-dom/zestawy-domofonowe/domofon-eura-adp-34a3;289.00;381.51;329.99;ME1009-300926
2026-09-19 17:27:41;Media Expert;Inteligentna żarówka HAMA 176644 E27 4.9W Matter;HAMA;Żarówki;-;https://www.mediaexpert.pl/dom/zarowki/zrodla-swiatla/inteligentna-zarowka-hama-176644-e27-4-9w-matter;69.00;79.00;79.00;ME1009-300926
2026-09-19 17:27:41;Media Expert;Taśma LED PHILIPS HUE Flux 929004297302 10 m Bluetooth/Zigbee;PHILIPS HUE;Inteligentne taśmy LED;-;https://www.mediaexpert.pl/dom/inteligentny-dom/inteligentne-tasmy-led/tasma-led-philips-hue-flux-929004297302-10-m-bluetooth-zigbee;619.00;819.00;679.00;ME1009-300926
2026-09-19 17:27:42;Media Expert;Głowica termostatyczna NEDIS SmartLife ZBHTR20WT ZigBee;NEDIS;Termostaty elektroniczne;-;https://www.mediaexpert.pl/dom/inteligentny-dom/termostaty-elektroniczne/glowica-termostatyczna-nedis-smartlife-zbhtr20wt-zigbee;129.00;179.99;139.00;WRZESIEN1809
2026-09-19 17:27:42;Media Expert;Mop płaski BELDRAY Pet Plus X;BELDRAY;Mopy;-;https://www.mediaexpert.pl/dom/utrzymanie-czystosci/szczotki-mopy-scierki-wiadra/mop-plaski-beldray-pet-plus-x;69.65;79.99;69.66;RW0109-3009
2026-09-19 17:27:42;Media Expert;Ekspres DELONGHI ECAM470.85.MB Eletta Ultra (Spienianie mleka na ciepło i zimno) (Cold Brew);DELONGHI;Ekspresy ciśnieniowe;-;https://www.mediaexpert.pl/agd-male/ekspresy-i-kawa/ekspresy-cisnieniowe/ekspres-delonghi-ecam470-85-mb-eletta-explore-ultra;4698.96;5169.99;4698.97;RW0109-3009
2026-09-19 17:27:42;Media Expert;Ekspres DELONGHI Nespresso Vertuo Up ENV200.GY kawy mrożone;DELONGHI;Ekspresy ciśnieniowe;-;https://www.mediaexpert.pl/agd-male/ekspresy-i-kawa/ekspresy-cisnieniowe/ekspres-delonghi-nespresso-vertuo-up-env200-gy;599.00;799.00;679.98;ME0409-300926
2026-09-19 17:27:43;Media Expert;Ekspres SMEG Minipro EMC02EGMEU Profesjonalny;SMEG;Ekspresy profesjonalne;-;https://www.mediaexpert.pl/agd-male/ekspresy-i-kawa/profesjonalne-ekspresy-do-kawy/ekspres-smeg-minipro-emc02egmeu-profesjonalny;4208.97;4948.00;4208.98;ME0909-300926
2026-09-19 17:27:43;Media Expert;Młynek do kawy SMEG CGF03RDEU Czerwony;SMEG;Młynki do kawy;-;https://www.mediaexpert.pl/agd-male/ekspresy-i-kawa/mlynki-do-kawy/mlynek-do-kawy-smeg-cgf03rdeu-czerwony;668.99;799.00;669.00;ME0909-300926
2026-09-19 17:27:43;Media Expert;Robot kuchenny planetarny BOSCH MUM9B34S27 Optimum 1400W z maszynką do mięsa i blenderem kielichowym;BOSCH;Roboty kuchenne;-;https://www.mediaexpert.pl/agd-male/do-kuchni/roboty-kuchenne/robot-planetarny-bosch-mum9b34s27-optimum-metal-1400w;2119.00;2439.99;2123.70;WRZESIEN1809
2026-09-19 17:27:43;Media Expert;Air Fryer Frytkownica beztłuszczowa HISENSE HAF2400DS 8l z podwójnym koszem;HISENSE;Frytkownice;-;https://www.mediaexpert.pl/agd-male/do-kuchni/frytownice/air-fryer-frytkownica-beztluszczowa-hisense-haf2400ds-8l-z-podwojnym-koszem;499.99;599.00;599.00;WRZESIEN1809
2026-09-19 17:27:43;Media Expert;Lodówka turystyczna kompresorowa WEBBER Bear 05LK040;WEBBER;Lodówki turystyczne;-;https://www.mediaexpert.pl/agd/lodowki-i-zamrazarki/lodowki-turystyczne/lodowka-kompresorowa-webber-bear-05lk040;1189.00;1279.00;1199.00;ME0809-300926
2026-09-19 17:27:44;Media Expert;Kosiarka akumulatorowa BOSCH Rotak18V-34 06008B9N01 34 cm, rozdrabnianie, 18 V, silnik bezszczotkowy, kosz 35L, bez akumulatora;BOSCH_elektronarzedzia;Kosiarki akumulatorowe;-;https://www.mediaexpert.pl/dom-i-ogrod/kosiarki-i-podkaszarki/kosiarki-akumulatorowe/kosiarka-akumulatorowa-bosch-rotak18v-34-06008b9n00;879.00;919.99;919.00;ME1109-300926
2026-09-19 17:27:44;Media Expert;Robot koszący TERRAMOW V1000 Bez przewodu ograniczającego Bluetooth/Wi-Fi 1200 m2;TERRAMOW;Roboty koszące;-;https://www.mediaexpert.pl/dom-i-ogrod/kosiarki-i-podkaszarki/roboty-koszace/robot-koszacy-terramow-v1000;4999.00;5499.99;5499.99;R1109-300926
2026-09-19 17:27:44;Media Expert;Myjka ciśnieniowa BOSCH UniversalAquatak 135 Home & Car Kit 0.615.992.627;BOSCH_elektronarzedzia;Myjki ciśnieniowe;-;https://www.mediaexpert.pl/dom-i-ogrod/myjki-wysokocisnieniowe_i_akcesoria/myjki-wysokocisnieniowe/myjka-cisnieniowa-bosch-universalaquatak-135-home-car-kit-0-615-992-627;698.00;799.99;699.00;R0109-300926
2026-09-19 17:27:44;Media Expert;Łańcuch do piły BOSCH F016800700 40 cm;BOSCH;Łańcuchy do piły;-;https://www.mediaexpert.pl/dom-i-ogrod/maszyny-ogrodowe/lancuchy-do-pily/lancuch-do-pily-bosch-f016800700-40-cm;149.00;159.00;159.00;ME1109-300926
2026-09-19 17:27:45;Media Expert;Łopata prosta FISKARS 1001636;FISKARS;Łopaty i szpadle;-;https://www.mediaexpert.pl/dom-i-ogrod/narzedzia-ogrodnicze/lopaty-i-szpadle/lopata-fiskars-1001636;185.99;239.00;239.00;WYPRZEDAZ-OGROD26
2026-09-19 17:27:45;Media Expert;Kultywator ręczny BOSCH 06008B5500;BOSCH;Kultywatory;-;https://www.mediaexpert.pl/dom-i-ogrod/narzedzia-ogrodnicze/kultywatory/kultywator-reczny-bosch-06008b5500;39.99;49.99;49.00;ME1109-300926
2026-09-19 17:27:45;Media Expert;Wąż ogrodowy FISKARS 3/4'' 25 m 1076047;FISKARS;Węże ogrodowe;-;https://www.mediaexpert.pl/dom-i-ogrod/nawadnianie/weze-ogrodowe/waz-ogrodowy-fiskars-3-4-25-m-1076047;311.99;335.99;335.99;WYPRZEDAZ-OGROD26
2026-09-19 17:27:45;Media Expert;Wiertarko-wkrętarka BOSCH Professional GSB 185-LI 06019K3100 zestaw akumulatorów;BOSCH_elektronarzedzia;Wiertarko - wkrętarki;-;https://www.mediaexpert.pl/dom-i-ogrod/elektronarzedzia/wiertarko-wkretarki/wiertarko-wkretarka-ud-gsb-185-li;685.00;719.00;719.00;ME1109-300926
2026-09-19 17:27:46;Media Expert;Młot udarowo-obrotowy BOSCH GBH 18V-26 D 0611916000;BOSCH_elektronarzedzia;Młoty udarowo-obrotowe;-;https://www.mediaexpert.pl/dom-i-ogrod/elektronarzedzia/mloty-udarowo-obrotowe/gbh-18v-26-d-solo;1049.00;1159.00;1122.46;ME1109-300926
2026-09-19 17:27:46;Media Expert;Wyrzynarka BOSCH Professional GST 185-LI 06015B3021;BOSCH_elektronarzedzia;Wyrzynarki;-;https://www.mediaexpert.pl/dom-i-ogrod/elektronarzedzia/wyrzynarki/wyrzynarka-bosch-professional-gst-185-li-06015b3021;599.00;919.99;689.00;ME1109-300926
2026-09-19 17:27:46;Media Expert;Szlifierka kątowa sieciowa BOSCH Professional GWS 17-125 PS 06017D1300;BOSCH_elektronarzedzia;Szlifierki kątowe;-;https://www.mediaexpert.pl/dom-i-ogrod/elektronarzedzia/szlifierki-katowe/szlifierka-katowa-bosch-professional-gws-17-125-ps-06017d1300;869.00;959.00;874.00;ME1109-300926
2026-09-19 17:27:46;Media Expert;Szlifierka kątowa sieciowa BOSCH Professional GWS 9-115 S0601396101;BOSCH_elektonarzedzia;Szlifierki kątowe;-;https://www.mediaexpert.pl/dom-i-ogrod/elektronarzedzia/szlifierki-katowe/szlifierka-katowa-bosch-professional-gws-9-115-s0601396101;315.00;379.00;318.00;ME1109-300926
2026-09-19 17:27:46;Media Expert;Frezarka BOSCH GKF 600 Professional;BOSCH_elektonarzedzia;Frezarki górnowrzecionowe;-;https://www.mediaexpert.pl/dom-i-ogrod/elektronarzedzia/frezarki-gornowrzecionowe/gkf-600;779.00;939.00;784.00;ME1109-300926
2026-09-19 17:27:47;Media Expert;Szlifierka kątowa sieciowa BOSCH GWS 19-150 CI;BOSCH_elektonarzedzia;Szlifierki kątowe;-;https://www.mediaexpert.pl/dom-i-ogrod/elektronarzedzia/szlifierki-katowe/szlifierka-katowa-bosch-gws-19-150-ci;999.00;1229.99;1144.00;ME1109-300926
2026-09-19 17:27:47;Media Expert;Wiertarko-wkrętarka BOSCH AdvancedImpact 18 06039B510C;BOSCH_elektronarzedzia;Wiertarko - wkrętarki;-;https://www.mediaexpert.pl/dom-i-ogrod/elektronarzedzia/wiertarko-wkretarki/wiertarko-wkretarka-bosch-advancedimpact-18-06039b510c;499.99;589.99;505.00;ME1109-300926
2026-09-19 17:27:47;Media Expert;Frezarka BOSCH GKF 18V-8 06016C2001;BOSCH_elektronarzedzia;Frezarki górnowrzecionowe;-;https://www.mediaexpert.pl/dom-i-ogrod/elektronarzedzia/frezarki-gornowrzecionowe/frezarka-bosch-gkf-18v-8-06016c2001;1019.00;1219.00;1022.00;ME1109-300926
2026-09-19 17:27:47;Media Expert;Pilarka stołowa BOSCH Professional GTS 18V-70 0601B44100;BOSCH_elektronarzedzia;Pilarki stołowe;-;https://www.mediaexpert.pl/dom-i-ogrod/elektronarzedzia/pilarki-stolowe/pilarka-stolowa-bosch-professional-gts-18v-70-0601b44100;2995.00;3445.00;3445.00;ME1109-300926
2026-09-19 17:27:48;Media Expert;Szlifierka oscylacyjna BOSCH GSS 12V-13 06019L0001;BOSCH_elektronarzedzia;Szlifierki oscylacyjne;-;https://www.mediaexpert.pl/dom-i-ogrod/elektronarzedzia/szlifierki-oscylacyjne/szlifierka-oscylacyjna-bosch-gss-12v-13-06019l0001;799.00;919.00;806.00;ME1109-300926
2026-09-19 17:27:48;Media Expert;Zszywacz akumulatorowy BOSCH GTH 18V-14 0601482800;BOSCH_elektronarzedzia;Zszywacze tapicerskie;-;https://www.mediaexpert.pl/dom-i-ogrod/elektronarzedzia/zszywacze-tapicerskie/zszywacz-akumulatorowy-bosch-gth-18v-14-0601482800;1199.00;1390.00;1247.69;ME1109-300926
2026-09-19 17:27:48;Media Expert;Wyrzynarka BOSCH Professional GST 150 CE 0601512000;BOSCH_elektonarzedzia;Wyrzynarki;-;https://www.mediaexpert.pl/dom-i-ogrod/elektronarzedzia/wyrzynarki/wyrzynarka-bosch-gst-150-ce-professional;774.99;1038.00;775.00;ME1109-300926
2026-09-19 17:27:48;Media Expert;Wiertarko-wkrętarka BOSCH Professional GSR 12V-35 06019H8001 SOLO;BOSCH_elektronarzedzia;Wiertarko - wkrętarki;-;https://www.mediaexpert.pl/dom-i-ogrod/elektronarzedzia/wiertarko-wkretarki/wiertarko-wkretarka-akumulatorowa-bosch-professional-gsr-12v-35-06019h8001;639.98;742.02;639.99;ME1109-300926
2026-09-19 17:27:49;Media Expert;Szlifierka mimośrodowa BOSCH 0601372904;BOSCH_elektronarzedzia;Szlifierki mimośrodowe;-;https://www.mediaexpert.pl/dom-i-ogrod/elektronarzedzia/szlifierki-mimosrodowe/szlifierka-mimosrodowa-bosch-0601372904;1078.00;1279.00;1098.00;ME1109-300926
2026-09-19 17:27:49;Media Expert;Młot udarowo-obrotowy BOSCH Professional GBH 187-LI 0611923021;BOSCH_elektronarzedzia;Młoty udarowo-obrotowe;-;https://www.mediaexpert.pl/dom-i-ogrod/elektronarzedzia/mloty-udarowo-obrotowe/gbh-187-li;1748.99;1939.99;1749.00;ME1109-300926
2026-09-19 17:27:49;Media Expert;Wiertło BOSCH 2608586805;BOSCH_elektronarzedzia;Wiertła;-;https://www.mediaexpert.pl/dom-i-ogrod/elektronarzedzia/wiertla/wiertlo-bosch-2608586805;1367.99;1599.99;1368.00;ME1109-300926
2026-09-19 17:27:49;Media Expert;Zestaw wierteł BOSCH 2608833904 (10 szt.);BOSCH_elektronarzedzia;Wiertła;-;https://www.mediaexpert.pl/dom-i-ogrod/elektronarzedzia/wiertla/zestaw-wiertel-bosch-sds-plus-5x-2608833904-10-szt;229.99;269.99;252.00;ME1109-300926
2026-09-19 17:27:50;Media Expert;Wiertło BOSCH 2608831058;BOSCH_elektronarzedzia;Wiertła;-;https://www.mediaexpert.pl/dom-i-ogrod/elektronarzedzia/wiertla/wiertlo-bosch-sds-plus-3-2608831058;79.99;93.49;84.00;ME1109-300926
2026-09-19 17:27:50;Media Expert;Brzeszczot BOSCH S 644 D Top for Wood (100 szt.);BOSCH_elektronarzedzia;Brzeszczoty;-;https://www.mediaexpert.pl/dom-i-ogrod/elektronarzedzia/brzeszczoty/brzeszczot-bosch-s-644-d-top-for-wood;659.00;690.04;681.46;ME1109-300926
2026-09-19 17:27:50;Media Expert;Moduł odbiornika BOSCH GCT 30-42 1600A02GG1;BOSCH;Zestawy akcesoriów do elektronarzędzi;-;https://www.mediaexpert.pl/dom-i-ogrod/elektronarzedzia/zestawy-akcesoriow-do-elektronarzedzi/modul-odbiornika-bosch-gct-30-42-1600a02gg1;174.98;197.05;174.99;ME1109-300926
2026-09-19 17:27:50;Media Expert;Laser krzyżowy BOSCH Quigo Green 0603663CZ0;BOSCH;Poziomice i lasery;-;https://www.mediaexpert.pl/dom-i-ogrod/narzedzia-pomiarowe/poziomice-i-lasery/laser-krzyzowy-bosch-quigo-green-0603663cz0;211.98;260.77;260.77;BOSCH-DIY0926
2026-09-19 17:27:50;Media Expert;Adapter BOSCH Professional F016800454;BOSCH_elektronarzedzia;Akcesoria do myjek do okien;-;https://www.mediaexpert.pl/agd-male/sprzatanie/akcesoria-do-myjek-do-okien/adapter-bosch-professional;109.99;145.00;121.00;ME1109-300926
2026-09-19 17:27:51;Media Expert;Wkrętak płaski BOSCH SL4. 5x100 1600A01TF9;BOSCH;Wkrętaki;-;https://www.mediaexpert.pl/dom-i-ogrod/narzedzia-reczne/wkretaki/wkretak-plaski-bosch-sl4-5x100-1600a01tf9;30.99;35.10;31.00;ME1109-300926
2026-09-19 17:27:51;Media Expert;Wkrętak BOSCH 1600A01V0F;BOSCH;Wkrętaki;-;https://www.mediaexpert.pl/dom-i-ogrod/narzedzia-reczne/wkretaki/wkretak-bosch-1600a01v0f;42.20;59.99;42.29;ME1109-300926
2026-09-19 17:27:51;Media Expert;Radio budowlane BOSCH Professional GPB 18V-2 SC 06014A3100;BOSCH_elektronarzedzia;Radia budowlane;-;https://www.mediaexpert.pl/dom-i-ogrod/narzedzia-malarskie/radia-budowlane/radio-budowlane-bosch-professional-gpb-18v-2-sc-06014a3100;639.00;680.21;662.04;ME1109-300926
2026-09-19 17:27:51;Media Expert;Szuflada narzędziowa BOSCH LS-Tray 92 Professional;BOSCH_elektonarzedzia;Przechowywanie narzędzi;-;https://www.mediaexpert.pl/dom-i-ogrod/narzedzia-reczne/przechowywanie-narzedzi/szuflada-narzedziowa-bosch-ls-tray-92-professional-1600a001rx;79.99;90.12;84.00;ME1109-300926
2026-09-19 17:27:52;Media Expert;Kaseta BOSCH i-BOXX 53 Professional;BOSCH_elektonarzedzia;Walizki narzędziowe;-;https://www.mediaexpert.pl/dom-i-ogrod/narzedzia-reczne/walizki-narzedziowe/system-walizkowy-bosch-i-boxx-53-professional;69.99;106.00;70.00;ME1109-300926
2026-09-19 17:27:52;Media Expert;Adapter podróżny SKROSS 1.103165 (Globalny);SKROSS;Adaptery podróżne;-;https://www.mediaexpert.pl/dom/inteligentny-dom/adaptery-podrozne/adapter-podrozny-skross-1-103165-globalny;114.99;129.99;119.99;ME0109-300926
2026-09-19 17:27:52;Media Expert;Rower miejski SIROX Paris Retro 26 cali damski Czerwony;SIROX;Rowery miejskie;-;https://www.mediaexpert.pl/rowery/rowery-miejskie/rower-miejski-sirox-paris-retro-26-cali-damski-czerwony;349.99;999.99;499.99;ME2808-300926
2026-09-19 17:27:52;Media Expert;Rower miejski INDIANA Moena S1B 28 cali damski Biały 2026;INDIANA;Rowery miejskie;-;https://www.mediaexpert.pl/rowery/rowery-miejskie/rower-miejski-indiana-moena-s1b-28-cali-damski-bialy-1;599.99;899.99;699.99;ME2808-300926
2026-09-19 17:27:53;Media Expert;Rower miejski INDIANA Storica 130 1B M21 28 cali męski Kremowy;INDIANA;Rowery miejskie;-;https://www.mediaexpert.pl/rowery/rowery-miejskie/rower-miejski-indiana-storica-130-1b-28-cali-meski-kremowy;860.00;1499.99;879.99;ME0309-300926
2026-09-19 17:27:53;Media Expert;Rower miejski INDIANA Moena A3B 28 cali Czarny;INDIANA;Rowery miejskie;-;https://www.mediaexpert.pl/rowery/rowery-miejskie/rower-miejski-indiana-moena-a3b-28-cali-czarny;1699.98;1999.99;1699.99;ME2808-300926
2026-09-19 17:27:53;Media Expert;Rower miejski INDIANA Storica 141 3B D21 28 cali damski Kremowy;INDIANA;Rowery miejskie;-;https://www.mediaexpert.pl/rowery/rowery-miejskie/rower-miejski-indiana-storica-141-3b-28-cali-damski-kremowy;899.99;1699.99;1699.99;ME2808-300926
2026-09-19 17:27:53;Media Expert;Rower górski MTB ROMET Mustang 2.0 (1) U18 29 cali Antracytowy;ROMET;Rowery MTB górskie;-;https://www.mediaexpert.pl/rowery/rowery-mtb/rower-gorski-mtb-romet-mustang-2-1-u18-29-cali-antracytowy;2999.99;4299.99;3299.99;R1009-300926
2026-09-19 17:27:53;Media Expert;Rower górski MTB INDIANA X-Pulser 3.9 M19 29 cali męski Granatowo-srebrny;INDIANA;Rowery MTB górskie;-;https://www.mediaexpert.pl/rowery/rowery-mtb/rower-gorski-mtb-indiana-x-pulser-3-9-m19-29-cali-meski-granatowo-srebrny;1599.99;2099.99;1699.98;ME2808-300926
2026-09-19 17:27:54;Media Expert;Rower górski MTB INDIANA X-Pulser 1.9 M19 29 cali męski Szaro-czarny;INDIANA;Rowery MTB górskie;-;https://www.mediaexpert.pl/rowery/rowery-mtb/rower-gorski-mtb-indiana-x-pulser-1-9-m19-29-cali-meski-szaro-czarny;1199.99;1699.99;1399.99;ME2808-300926
2026-09-19 17:27:54;Media Expert;Rower górski MTB INDIANA X-Pulser 2.9 M19 29 cali męski Zielony;INDIANA;Rowery MTB górskie;-;https://www.mediaexpert.pl/rowery/rowery-mtb/rower-gorski-mtb-indiana-x-pulser-2-9-m19-29-cali-meski-zielony;1299.99;1799.99;1399.99;ME2808-300926
2026-09-19 17:27:54;Media Expert;Rower górski MTB INDIANA X-Pulser 2.7 M21 27.5 cala męski Niebiesko-pomarańczowy;INDIANA;Rowery MTB górskie;-;https://www.mediaexpert.pl/rowery/rowery-mtb/rower-gorski-mtb-indiana-x-pulser-2-7-m21-27-5-cala-meski-niebiesko-pomaranczowy;1199.99;1599.99;1399.99;ME2808-300926
2026-09-19 17:27:54;Media Expert;Rower górski MTB INDIANA X-Pulser 3.9 M17 29 cali męski Granatowo-srebrny;INDIANA;Rowery MTB górskie;-;https://www.mediaexpert.pl/rowery/rowery-mtb/rower-gorski-mtb-indiana-x-pulser-3-9-m17-29-cali-meski-granatowo-srebrny;1049.98;2099.99;1049.99;ME0809-300926
2026-09-19 17:27:55;Media Expert;Rower górski MTB INDIANA X-Pulser 2.7 M19 27.5 cala męski Niebiesko-pomarańczowy;INDIANA;Rowery MTB górskie;-;https://www.mediaexpert.pl/rowery/rowery-mtb/rower-gorski-mtb-indiana-x-pulser-2-7-m19-27-5-cala-meski-niebiesko-pomaranczowy;1199.99;1599.99;1399.99;ME2808-300926
2026-09-19 17:27:55;Media Expert;Rower górski MTB INDIANA X-Pulser 3.6 M15 26 cali męski Grafitowo-limonkowy;INDIANA;Rowery MTB górskie;-;https://www.mediaexpert.pl/rowery/rowery-mtb/rower-gorski-mtb-indiana-x-pulser-3-6-m15-26-cali-meski-grafitowo-limonkowy;1499.99;1799.99;1699.99;ME2808-300926
2026-09-19 17:27:55;Media Expert;Rower górski MTB INDIANA X-Pulser 2.7 D15 27.5 cala damski Czarno-miętowy;INDIANA;Rowery MTB górskie;-;https://www.mediaexpert.pl/rowery/rowery-mtb/rower-gorski-mtb-indiana-x-pulser-2-7-d15-27-5-cala-damski-czarno-mietowy-4;1399.99;1599.99;1599.99;ME2808-300926
2026-09-19 17:27:55;Media Expert;Rower górski MTB INDIANA X-Pulser 5.9 M23 29 cali Czarno-grafitowy;INDIANA;Rowery MTB górskie;-;https://www.mediaexpert.pl/rowery/rowery-mtb/rower-gorski-mtb-indiana-x-pulser-5-9-m23-29-cali-czarno-grafitowy;2199.98;3699.99;2199.99;ME2808-300926
2026-09-19 17:27:56;Media Expert;Rower górski MTB ROMET Mustang M7.1 U21 27.5 cala Ciemnoniebieski;ROMET;Rowery MTB górskie;-;https://www.mediaexpert.pl/rowery/rowery-mtb/rower-gorski-mtb-romet-mustang-m7-1-u21-27-5-cala-ciemno-niebieski;1699.99;1899.99;1899.99;ME2808-300926
2026-09-19 17:27:56;Media Expert;Rower górski MTB ROMET Rambler R7.1 C U19 27.5 cala Granatowy;ROMET;Rowery MTB górskie;-;https://www.mediaexpert.pl/rowery/rowery-mtb/rower-gorski-mtb-romet-rambler-r7-1-c-u19-27-5-cala-granatowy;1399.99;2399.99;2399.99;ME2808-300926
2026-09-19 17:27:56;Media Expert;Rower górski MTB ROMET Rambler R7.3 U20 27.5 cala Granatowo-pomarańczowy;ROMET;Rowery MTB górskie;-;https://www.mediaexpert.pl/rowery/rowery-mtb/rower-gorski-mtb-romet-rambler-r7-3-u20-27-5-cala-granatowo-pomaranczowy;1799.99;3299.99;3299.99;ME2808-300926
2026-09-19 17:27:56;Media Expert;Rower górski MTB INDIANA X-Pulser 2.9 M21 29 cali męski Czarno-czerwony;INDIANA;Rowery MTB górskie;-;https://www.mediaexpert.pl/rowery/rowery-mtb/rower-gorski-mtb-indiana-x-pulser-2-9-m21-29-cali-meski-czarno-czerwony-5;1599.99;2599.99;1699.99;ME2808-300926
2026-09-19 17:27:56;Media Expert;Rower górski MTB INDIANA X-Pulser 1.6 D17 26 cali damski Złoty;INDIANA;Rowery MTB górskie;-;https://www.mediaexpert.pl/rowery/rowery-mtb/rower-gorski-mtb-indiana-x-pulser-1-6-d17-26-cali-damski-zloty;999.99;1599.99;1099.98;ME2808-300926
2026-09-19 17:27:57;Media Expert;Rower górski MTB ROMET Monsun 2.0 29211345-C U21 29 cali Turkusowy;ROMET;Rowery MTB górskie;-;https://www.mediaexpert.pl/rowery/rowery-mtb/rower-gorski-mtb-romet-monsun-2-0-29211345-c-u21-29-cali-turkusowy;3999.99;5999.99;5999.99;ME2808-300926
2026-09-19 17:27:57;Media Expert;Rower górski MTB ROMET Monsun 2.1 29192265-B U19 29 cali Czarny;ROMET;Rowery MTB górskie;-;https://www.mediaexpert.pl/rowery/rowery-mtb/rower-gorski-mtb-romet-monsun-2-1-29192265-b-u19-29-cali-czarny;4799.99;6999.99;6999.99;ME2808-300926
2026-09-19 17:27:57;Media Expert;Rower górski MTB ROMET Monsun 2.0 29191344-C U19 29 cali Turkusowy;ROMET;Rowery MTB górskie;-;https://www.mediaexpert.pl/rowery/rowery-mtb/rower-gorski-mtb-romet-monsun-2-0-29191344-c-u19-29-cali-turkusowy;3999.99;5999.99;5999.99;ME2808-300926
2026-09-19 17:27:57;Media Expert;Rower górski MTB INDIANA X-Pulser 1.6 D15 26 cali damski Szałwiowo-grafitowy;INDIANA;Rowery MTB górskie;-;https://www.mediaexpert.pl/rowery/rowery-mtb/rower-gorski-mtb-indiana-x-pulser-1-6-d15-26-cali-damski-szalwiowo-grafitowy;1099.99;1399.99;1399.99;ME2808-300926
2026-09-19 17:27:58;Media Expert;Rower górski MTB INDIANA X-Pulser 6.7 M21 27.5 cala męski Czarno-grafitowy 2024;INDIANA;Rowery MTB górskie;-;https://www.mediaexpert.pl/rowery/rowery-mtb/rower-gorski-mtb-indiana-x-pulser-6-7-m21-27-5-cala-meski-czarno-grafitowy;2199.99;2999.99;2499.98;ME2808-300926
2026-09-19 17:27:58;Media Expert;Rower górski MTB INDIANA X-Pulser 5.9 M19 29 cali męski Grafitowy;INDIANA;Rowery MTB górskie;-;https://www.mediaexpert.pl/rowery/rowery-mtb/rower-gorski-mtb-indiana-x-pulser-5-9-m19-29-cali-meski-grafitowy;2799.99;3699.99;3699.99;ME1009-300926
2026-09-19 17:27:58;Media Expert;Rower elektryczny GREENTIME Swing D18 28 cali Ciemnoszary;GREENTIME;Rowery elektryczne;-;https://www.mediaexpert.pl/rowery/rower-elektryczne/rowery-elektryczne/rower-elektryczny-greentime-swing-d18-28-cali-ciemnoszary;4999.99;6499.99;5499.99;WYPRZEDAZ-ROWERY
2026-09-19 17:27:58;Media Expert;Rower elektryczny BOTTARI Cruiser FAT Nilox J3 NG M19 20 cali Czarno-żółty;BOTTARI;Rowery elektryczne;-;https://www.mediaexpert.pl/rowery/rower-elektryczne/rowery-elektryczne/rower-elektryczny-cruiser-fat-nilox-j3-ng-20-lg-czarno-zolty;2499.99;6499.99;3999.99;ME2808-300926
2026-09-19 17:27:59;Media Expert;Rower elektryczny ROMET E-Modeco SUV 1.0 AN U19 28 cali Złoty;ROMET;Rowery elektryczne;-;https://www.mediaexpert.pl/rowery/rower-elektryczne/rowery-elektryczne/rower-elektryczny-romet-e-modeco-suv-1-0-an-u19-28-cali-zloty;5998.00;8999.99;5999.99;ME2808-300926
2026-09-19 17:27:59;Media Expert;Rower elektryczny INDIANA Pulse M20 28 cali Czarny;INDIANA;Rowery elektryczne;-;https://www.mediaexpert.pl/rowery/rower-elektryczne/rowery-elektryczne/rower-elektryczny-indiana-pulse-m20-28-cali-meski-czarny;2399.99;4999.99;2799.99;ME2808-300926
2026-09-19 17:27:59;Media Expert;Rower elektryczny ROMET E-Modeco URB 2.0 U19 28 cali Brązowo-czarny;ROMET;Rowery elektryczne;-;https://www.mediaexpert.pl/rowery/rower-elektryczne/rowery-elektryczne/rower-elektryczny-romet-e-modeco-urb-2-0-u19-28-cali-brazowo-czarny;8499.99;9999.99;9999.99;ME2808-300926
2026-09-19 17:27:59;Media Expert;Rower elektryczny FISCHER Cita Retro D19 28 cali Czerwony;FISCHER;Rowery elektryczne;-;https://www.mediaexpert.pl/rowery/rower-elektryczne/rowery-elektryczne/rower-elektryczny-miejski-fischer-cita-retro-2-0-d48-czerwony;5299.99;7499.99;7499.99;ME2808-300926
2026-09-19 17:28:00;Media Expert;Rower elektryczny INDIANA E-Trekking 3.0 D18 28 cali damski Ciemnozielony;INDIANA;Rowery elektryczne;-;https://www.mediaexpert.pl/rowery/rower-elektryczne/rowery-elektryczne/rower-elektryczny-indiana-e-trekking-3-0-d18-28-cali-ciemnozielony;4499.99;5999.99;4999.99;ME2808-300926
2026-09-19 17:28:00;Media Expert;Rower elektryczny KROSS Hexagon Boost 345 M17 29 cali Turkusowo-biały;KROSS;Rowery elektryczne;-;https://www.mediaexpert.pl/rowery/rower-elektryczne/rowery-elektryczne/rower-elektryczny-kross-hexagon-boost-345-m17-29-cali-turkusowo-bialy;3299.99;3999.99;3999.99;ME0809-300926
2026-09-19 17:28:00;Media Expert;Rower dziecięcy INDIANA Roxy Kid 20 cali dla dziewczynki Różowy;INDIANA;Rowery dla dzieci;-;https://www.mediaexpert.pl/rowery/rowery-dzieciece/rowery-dzieciece/rower-dzieciecy-indiana-roxy-kid-20-cali-dla-dziewczynki-rozowy;599.99;899.99;699.98;WYPRZEDAZ-ROWERY
2026-09-19 17:28:00;Media Expert;Rower dziecięcy INDIANA Mili 20 cali Różowy Wzrost: 120-135 cm Wiek: 6-8 lat;INDIANA;Rowery dla dzieci;-;https://www.mediaexpert.pl/rowery/rowery-dzieciece/rowery-dzieciece/rower-indiana-mili-20-rozowy-r26;699.99;899.99;799.99;ME2808-300926
2026-09-19 17:28:00;Media Expert;Rower dziecięcy INDIANA Mili 20 cali Miętowy Wzrost: 120-135 cm Wiek: 6-8 lat;INDIANA;Rowery dla dzieci;-;https://www.mediaexpert.pl/rowery/rowery-dzieciece/rowery-dzieciece/rower-dzieciecy-indiana-mili-20-cali-dla-dziewczynki-mietowy;599.99;899.99;699.98;ME2808-300926
2026-09-19 17:28:01;Media Expert;Rower dziecięcy TOIMSA Świnka Peppa 14 cali Różowy Wzrost: 95-110 cm Wiek: 4-6 lat;TOIMSA;Rowery dla dzieci;-;https://www.mediaexpert.pl/rowery/rowery-dzieciece/rowery-dzieciece/rower-dzieciecy-toimsa-swinka-peppa-14-cali-dla-dziewczynki-1;498.99;549.99;499.99;ME2808-300926
2026-09-19 17:28:01;Media Expert;Rower dziecięcy INDIANA Cool 14 cali Zielony Wzrost: 95-110 cm Wiek: 4-5 lat;INDIANA;Rowery dla dzieci;-;https://www.mediaexpert.pl/rowery/rowery-dzieciece/rowery-dzieciece/rower-dzieciecy-indiana-cool-14-cali-dla-chlopca-zielony;549.99;599.99;599.99;ME2808-300926
2026-09-19 17:28:01;Media Expert;Rower dziecięcy SUN BABY Tracker 16 cali Czarno-pomarańczowy Wzrost: 100-120 cm Wiek: 4-6 lat;SUN BABY;Rowery dla dzieci;-;https://www.mediaexpert.pl/rowery/rowery-dzieciece/rowery-dzieciece/rower-dzieciecy-sun-baby-tracker-16-cali-dla-chlopca-pomaranczowy;599.99;699.99;699.99;ME2808-300926
2026-09-19 17:28:01;Media Expert;Rower dziecięcy HUFFY Disney Auta 16 cali Czerwony Wzrost: 100-120 cm Wiek: 5-7 lat;HUFFY;Rowery dla dzieci;-;https://www.mediaexpert.pl/rowery/rowery-dzieciece/rowery-dzieciece/rower-dzieciecy-huffy-disney-auta-16-cali-dla-chlopca-czerwony-1;399.98;549.99;399.99;ME2808-300926
2026-09-19 17:28:02;Media Expert;Rower dziecięcy DINO BIKES Batman 16 cali Czarny Wzrost: 100-120 cm Wiek: 4-6 lat;DINO BIKES;Rowery dla dzieci;-;https://www.mediaexpert.pl/rowery/rowery-dzieciece/rowery-dzieciece/rower-dzieciecy-dino-bikes-batman-16-cali-dla-chlopca;399.99;649.99;649.99;ME0809-300926
2026-09-19 17:28:02;Media Expert;Rower dziecięcy SUN BABY Heart Bike 16 cali Morelowy Wzrost: 100-120 cm Wiek: 4-6 lat;SUN BABY;Rowery dla dzieci;-;https://www.mediaexpert.pl/rowery/rowery-dzieciece/rowery-dzieciece/rower-dzieciecy-sun-baby-heart-bike-16-cali-dla-dziewczynki-morelowy;589.99;639.99;599.99;ME2808-300926
2026-09-19 17:28:02;Media Expert;Rowerek biegowy MILLY MALLY Marshall Czarny;Milly Mally;Rowerki biegowe;-;https://www.mediaexpert.pl/rowery/rowery-dzieciece/rowerki-biegowe/rowerek-biegowy-milly-mally-marshall-czarny;129.99;139.99;139.99;ME0209-300926
2026-09-19 17:28:02;Media Expert;Rower dziecięcy KARBON Superlight 18 cali Czerwony Wzrost: 115-130 cm Wiek: 5-7 lat;KARBON;Rowery dla dzieci;-;https://www.mediaexpert.pl/rowery/rowery-dzieciece/rowery-dzieciece/rower-dzieciecy-karbon-superlight-18-cali-dla-chlopca-czerwony;1349.99;1399.99;1399.99;ME2808-300926
2026-09-19 17:28:03;Media Expert;Rower dziecięcy SUN BABY Tiger Bike 16 cali Żółto-szary Wzrost: 100-120 cm Wiek: 4-6 lat;SUN BABY;Rowery dla dzieci;-;https://www.mediaexpert.pl/rowery/rowery-dzieciece/rowery-dzieciece/rower-dzieciecy-sun-baby-tiger-bike-16-cali-dla-chlopca-zolto-szary;599.99;699.99;699.99;ME2808-300926
2026-09-19 17:28:03;Media Expert;Rower dziecięcy KARBON Jazz 16 cali Miętowy Wzrost: 100-120 cm Wiek: 4-6 lat;KARBON;Rowery dla dzieci;-;https://www.mediaexpert.pl/rowery/rowery-dzieciece/rowery-dzieciece/rower-dzieciecy-karbon-jazz-16-cali-dla-dziewczynki-mietowy;748.99;969.99;749.00;ME2808-300926
2026-09-19 17:28:03;Media Expert;Rower dziecięcy HUFFY Literide Kids 14 cali Różowy Wzrost: 95- 110 cm Wiek: 4-6 lat;HUFFY;Rowery dla dzieci;-;https://www.mediaexpert.pl/rowery/rowery-dzieciece/rowery-dzieciece/rower-dzieciecy-huffy-literide-kids-14-cali-dla-dziewczynki-rozowy;899.98;1399.99;899.99;ME2808-300926
2026-09-19 17:28:03;Media Expert;Rower dziecięcy TOIMSA My Little Pony 12 cali Błękitny Wzrost: 85-100 cm Wiek: 3-5 lat;TOIMSA;Rowery dla dzieci;-;https://www.mediaexpert.pl/rowery/rowery-dzieciece/rowery-dzieciece/rower-dzieciecy-toimsa-my-little-pony-12-cali-dla-dziewczynki;429.99;479.99;479.99;ME2808-300926
2026-09-19 17:28:03;Media Expert;Rower dziecięcy SUN BABY Tiger Bike 14 cali Pomarańczowo-turkusowy Wzrost: 95-110 cm Wiek: 4-5 lat;SUN BABY;Rowery dla dzieci;-;https://www.mediaexpert.pl/rowery/rowery-dzieciece/rowery-dzieciece/rower-dzieciecy-sun-baby-tiger-bike-14-cali-dla-chlopca-pomaranczowo-turkusowy;549.99;699.99;598.99;ME2808-300926
2026-09-19 17:28:04;Media Expert;Rower dziecięcy KARBON Superlight Automatic 16 cali Czerwony Wzrost: 100-120 cm Wiek: 4-6 lat;KARBON;Rowery dla dzieci;-;https://www.mediaexpert.pl/rowery/rowery-dzieciece/rowery-dzieciece/rower-dzieciecy-karbon-superlight-automatic-16-czerwony;1299.99;1499.99;1499.99;ME2808-300926
2026-09-19 17:28:04;Media Expert;Rower dziecięcy DISNEY Toy Story 14 cali Niebieski Wzrost: 95-110 cm Wiek: 4-5 lat;DISNEY;Rowery dla dzieci;-;https://www.mediaexpert.pl/rowery/rowery-dzieciece/rowery-dzieciece/rower-dzieciecy-toystory-14-niebiesko-zielony;249.99;449.99;449.99;ME2808-300926
2026-09-19 17:28:04;Media Expert;Rower dziecięcy KARBON Jazz 16 cali Zielony Wzrost: 100-120 cm Wiek: 4-6 lat;KARBON;Rowery dla dzieci;-;https://www.mediaexpert.pl/rowery/rowery-dzieciece/rowery-dzieciece/rower-dzieciecy-karbon-jazz-16-cali-dla-chlopca-zielony;748.99;969.99;749.00;ME2808-300926
2026-09-19 17:28:04;Media Expert;Rower dziecięcy ROMET Rambler Fit 20100743-A 20 cali Niebieski Wzrost:110-124 cm Wiek:6-8 lat;ROMET;Rowery dla dzieci;-;https://www.mediaexpert.pl/rowery/rowery-dzieciece/rowery-dzieciece/rower-dzieciecy-romet-rambler-fit-20100743-a-20-cali-niebieski-wzrost-110-124-cm-wiek-6-8-lat;1099.00;1699.99;1699.99;ME2808-300926
2026-09-19 17:28:05;Media Expert;Rower dziecięcy TOIMSA Superman 14 cali Niebieski Wzrost: 95-110 cm Wiek: 4-6 lat;TOIMSA;Rowery dla dzieci;-;https://www.mediaexpert.pl/rowery/rowery-dzieciece/rowery-dzieciece/rower-dzieciecy-toimsa-superman-14-cali-dla-chlopca;449.99;599.99;599.99;ME0809-300926
2026-09-19 17:28:05;Media Expert;Rower młodzieżowy INDIANA Falcon 24 cale Czarno-zielony;INDIANA;Rowery młodzieżowe;-;https://www.mediaexpert.pl/rowery/rowery-dzieciece/rowery-junior/rower-mlodziezowy-indiana-falcon-24-cale-czarno-zielony;749.99;899.99;899.99;WYPRZEDAZ-ROWERY
2026-09-19 17:28:05;Media Expert;Rower młodziezowy KROSS XPRT JR 24 cale dla dziewczynki Fioletowy;KROSS;Rowery młodzieżowe;-;https://www.mediaexpert.pl/rowery/rowery-dzieciece/rowery-junior/rower-mlodziezowy-kross-xprt-jr-24-cale-dla-dziewczynki-fioletowy;1799.99;2199.99;2199.99;ME2808-300926
2026-09-19 17:28:05;Media Expert;Rower młodzieżowy ROMET Panda 1 E 24 cale dla dziewczynki Biało-niebieski;ROMET;Rowery młodzieżowe;-;https://www.mediaexpert.pl/rowery/rowery-dzieciece/rowery-junior/rower-mlodziezowy-romet-panda-1-e-24-cale-dla-dziewczynki-bialo-niebieski;1699.99;2199.99;2199.99;ME2808-300926
2026-09-19 17:28:06;Media Expert;Rower dziecięcy MBM Instinct Freestyle 20 cali Czarno-pomarańczowy Wzrost: 120-135 cm Wiek: 6-8 lat;MBM;Rowery dla dzieci;-;https://www.mediaexpert.pl/rowery/rowery-dzieciece/rowery-dzieciece/rower-dzieciecy-mbm-instinct-freestyle-20-cali-dla-chlopca-czarno-pomaranczowy;899.99;1059.99;1059.99;ME2808-300926
2026-09-19 17:28:06;Media Expert;Rower trekkingowy INDIANA X-Road 3.0 D17 28 cali damski Czarno-fioletowy;INDIANA;Rowery trekkingowe;-;https://www.mediaexpert.pl/rowery/rowery-trekkingowe/rower-trekkingowy-indiana-x-road-3-0-d17-28-cali-damski-czarno-fioletowy-5;1599.99;2499.99;1799.99;WYPRZEDAZ-ROWERY
2026-09-19 17:28:06;Media Expert;Rower trekkingowy INDIANA X-Road 4.0 M23 28 cali męski Czarno-srebrny;INDIANA;Rowery trekkingowe;-;https://www.mediaexpert.pl/rowery/rowery-trekkingowe/rower-trekkingowy-indiana-x-road-4-0-m23-28-cali-meski-czarno-srebrny;1390.00;2999.99;1399.99;ME0309-300926
2026-09-19 17:28:06;Media Expert;Rower trekkingowy INDIANA X-Road 4.0 M21 28 cali Deli męski Czarny;INDIANA;Rowery trekkingowe;-;https://www.mediaexpert.pl/rowery/rowery-trekkingowe/rower-trekkingowy-indiana-x-road-4-0-m21-28-cali-deli-meski-czarny;1390.00;2999.99;1399.99;ME0309-300926
2026-09-19 17:28:07;Media Expert;Rower trekkingowy INDIANA X-Road 1.0 M21 28 cali Czarny;INDIANA;Rowery trekkingowe;-;https://www.mediaexpert.pl/rowery/rowery-trekkingowe/rower-trekkingowy-indiana-x-road-1-0-m21-28-cali-czarny;1299.98;1699.99;1299.99;ME2808-300926
2026-09-19 17:28:07;Media Expert;Rower trekkingowy ROMET Wagant Suv L HT U20 28 cali Zielony;ROMET;Rowery trekkingowe;-;https://www.mediaexpert.pl/rowery/rowery-trekkingowe/rower-trekkingowy-romet-wagant-suv-l-ht-u20-28-cali-zielony;1199.00;2399.99;1599.99;ME2808-300926
2026-09-19 17:28:07;Media Expert;Rower trekkingowy INDIANA X-Road 1.0 M23 28 cali męski Jasnobrązowy;INDIANA;Rowery trekkingowe;-;https://www.mediaexpert.pl/rowery/rowery-trekkingowe/rower-trekkingowy-indiana-x-road-1-0-m23-28-cali-meski-jasnobrazowy;899.99;1499.99;1499.99;ME2808-300926
2026-09-19 17:28:07;Media Expert;Rower trekkingowy ROMET Wagant Suv H PV B U18 28 cali Zielony;ROMET;Rowery trekkingowe;-;https://www.mediaexpert.pl/rowery/rowery-trekkingowe/rower-trekkingowy-romet-wagant-suv-h-pv-b-u18-28-cali-zielony;1199.00;2399.99;1599.99;ME2808-300926
2026-09-19 17:28:07;Media Expert;Rower trekkingowy ROMET Wagant SUV L PV U18 28 cali Czarny;ROMET;Rowery trekkingowe;-;https://www.mediaexpert.pl/rowery/rowery-trekkingowe/rower-trekkingowy-romet-wagant-suv-l-pv-u18-28-cali-czarny;1199.00;2399.99;1599.99;ME2808-300926
2026-09-19 17:28:08;Media Expert;Rower trekkingowy INDIANA X-Road 1.0 M21 28 cali Deli Cyclone męski Czarny;INDIANA;Rowery trekkingowe;-;https://www.mediaexpert.pl/rowery/rowery-trekkingowe/rower-trekkingowy-indiana-x-road-1-0-m21-28-cali-meski-czarny;599.99;1029.99;689.99;ME2808-300926
2026-09-19 17:28:08;Media Expert;Rower crossowy INDIANA X-Cross 4.0 M19 męski Czarny;INDIANA;Rowery crossowe;-;https://www.mediaexpert.pl/rowery/rowery-cross/rower-indiana-x-cross-4-0-m19-czarny-2022;1290.99;1799.99;1299.99;ME0809-300926
2026-09-19 17:28:08;Media Expert;Rower crossowy INDIANA X-Cross 3.0 M17 męski Czarno-niebieski;INDIANA;Rowery crossowe;-;https://www.mediaexpert.pl/rowery/rowery-cross/rower-crossowy-indiana-x-cross-3-0-m17-meski-czarno-niebieski;1799.99;1999.99;1899.99;ME2808-300926
2026-09-19 17:28:08;Media Expert;Rower crossowy INDIANA X-Cross 2.0 D15 damski Czarno-różowy;INDIANA;Rowery crossowe;-;https://www.mediaexpert.pl/rowery/rowery-cross/rower-crossowy-indiana-x-cross-2-0-d15-damski-czarno-rozowy-2;1199.98;2199.99;1199.99;ME2808-300926
2026-09-19 17:28:09;Media Expert;Rower szosowy INDIANA Racing M22 28 cali Czerwony;INDIANA;Rowery szosowe;-;https://www.mediaexpert.pl/rowery/rowery-szosowe/rower-szosowy-indiana-racing-m22-28-cali-meski-czerwony;1099.99;1399.99;1399.99;ME2808-300926
2026-09-19 17:28:09;Media Expert;Rower szosowy BOTTECCHIA Duello M17 28 cali Czerwony mat;BOTTECCHIA;Rowery szosowe;-;https://www.mediaexpert.pl/rowery/rowery-szosowe/rower-bottecchia-duello-campagnolo-veloce-mix-20s-h44-17-matowy-czerwony;1998.99;4169.99;1999.00;ME2808-300926
2026-09-19 17:28:09;Media Expert;Rower gravel ROMET Nyk U22 28 cali Brązowo-beżowy 2024;ROMET;Rowery gravel;-;https://www.mediaexpert.pl/rowery/rowery-gravel/rower-gravel-romet-nyk-u22-28-cali-brazowo-bezowy-2024;6499.99;8499.99;8499.99;ME2808-300926
2026-09-19 17:28:09;Media Expert;Rower gravel ROMET Aspre 2.1 2856M108-A U22 28 cali Ciemnożółty;ROMET;Rowery gravel;-;https://www.mediaexpert.pl/rowery/rowery-gravel/rower-gravel-romet-aspre-2-1-2856m108-a-u22-28-cali-ciemnozolty;3799.99;5299.99;4399.99;ME2808-300926
2026-09-19 17:28:10;Media Expert;Przyczepka rowerowa HAMAX Outback One 34kg Pasy Zielono-czarny;HAMAX;Przyczepki rowerowe;-;https://www.mediaexpert.pl/rowery/akcesoria-do-rowerow/przyczepki-rowerowe/przyczepka-rowerowa-hamax-outback-one-zielono-czarny;3249.99;3399.99;3399.99;ME2608-300926
2026-09-19 17:28:10;Media Expert;Przyczepka rowerowa HAMAX Cotoon Twin 42kg Pasy Szaro-czarny;HAMAX;Przyczepki rowerowe;-;https://www.mediaexpert.pl/rowery/akcesoria-do-rowerow/przyczepki-rowerowe/przyczepka-rowerowa-hamax-cotoon-twin-szaro-czarny;3779.00;4999.99;4399.00;ME2608-300926
2026-09-19 17:28:10;Media Expert;Kask rowerowy VAYOX Street VA0423GREM Szary Miejski z lampką (rozmiar M, 55-58 cm);VAYOX;Kaski rowerowe;-;https://www.mediaexpert.pl/rowery/odziez-rowerowa/kaski-sportowe/kask-rowerowy-vayox-street-va0423grem-szary-miejski-z-lampka-rozmiar-m;99.99;129.00;109.00;ME0209-300926
2026-09-19 17:28:10;Media Expert;Kask rowerowy LAZER Maze KinetiCore Zielony Miejski z możliwością zamontowania lampki (rozmiar S/M, 50-56 cm);LAZER;Kaski rowerowe;-;https://www.mediaexpert.pl/rowery/odziez-rowerowa/kaski-sportowe/kask-rowerowy-lazer-maze-kineticore-zielony-miejski-rozmiar-s-m;119.99;149.99;149.99;ME0209-300926
2026-09-19 17:28:10;Media Expert;Kask rowerowy LAZER Cerro KinetiCore Żółto-zielony MTB z możliwością zamontowania lampki (rozmiar S, 52-56 cm);LAZER;Kaski rowerowe;-;https://www.mediaexpert.pl/rowery/odziez-rowerowa/kaski-sportowe/kask-rowerowy-lazer-cerro-kineticore-zolto-zielony-mtb-rozmiar-s;229.99;289.99;289.99;ME0209-300926
2026-09-19 17:28:11;Media Expert;Kask rowerowy LAZER Coyote KinetiCore Biały mat MTB z możliwością zamontowania lampki (rozmiar L, 58-61 cm);LAZER;Kaski rowerowe;-;https://www.mediaexpert.pl/rowery/odziez-rowerowa/kaski-sportowe/kask-rowerowy-lazer-coyote-kineticore-bialy-mat-mtb-rozmiar-l;249.99;359.99;325.00;ME0209-300926
2026-09-19 17:28:11;Media Expert;Zestaw lampek rowerowych CATEYE Ampp 500S + Viz 150;CATEYE;Lampki rowerowe;-;https://www.mediaexpert.pl/rowery/akcesoria-do-rowerow/oswietlenie-rowerowe/zestaw-lampek-rowerowych-cateye-ampp-500s-viz-150;199.99;225.40;225.40;ME0209-300926
2026-09-19 17:28:11;Media Expert;Zestaw lampek rowerowych SIGMA Aura 60 Infinity;SIGMA;Lampki rowerowe;-;https://www.mediaexpert.pl/rowery/akcesoria-do-rowerow/oswietlenie-rowerowe/zestaw-lampek-rowerowych-sigma-aura-60-infinity;179.99;279.90;207.01;ME0209-300926
2026-09-19 17:28:11;Media Expert;Lampka rowerowa TRELOCK LS 440 Lighthammer;TRELOCK;Lampki rowerowe;-;https://www.mediaexpert.pl/rowery/akcesoria-do-rowerow/oswietlenie-rowerowe/lampka-rowerowa-trelock-ls-440-lighthammer;179.99;239.99;239.99;ME0209-300926
2026-09-19 17:28:12;Media Expert;Lampka rowerowa KRYPTONITE Avenue F-65;KRYPTONITE;Lampki rowerowe;-;https://www.mediaexpert.pl/rowery/akcesoria-do-rowerow/oswietlenie-rowerowe/lampka-rowerowa-kryptonite-avenue-f-65;89.99;99.99;99.99;ME0209-300926
2026-09-19 17:28:12;Media Expert;Licznik rowerowy CATEYE Enduro CC-ED400;CATEYE;Liczniki rowerowe;-;https://www.mediaexpert.pl/rowery/akcesoria-do-rowerow/liczniki-rowerowe/licznik-rowerowy-cateye-enduro-cc-ed400;69.99;78.49;78.49;ME0209-300926
2026-09-19 17:28:12;Media Expert;Nawigacja rowerowa SIGMA Rox 4.0 Biały Podświetlany;SIGMA;Nawigacje rowerowe;-;https://www.mediaexpert.pl/rowery/akcesoria-do-rowerow/nawigacje-rowerowe/licznik-rowerowy-sigma-rox-4-0-bialy;599.99;619.99;619.99;ME0209-300926
2026-09-19 17:28:12;Media Expert;Torba rowerowa podsiodłowa SKS Trail Saddle Bag M 12044;SKS;Torby rowerowe;-;https://www.mediaexpert.pl/rowery/akcesoria-do-rowerow/torby-rowerowe/torba-rowerowa-podsiodlowa-sks-trail-saddle-bag-m-12044;99.99;129.99;129.99;ME0209-300926
2026-09-19 17:28:13;Media Expert;Torba rowerowa podsiodłowa ROCKBROS AS-013 Czarny;ROCKBROS;Torby rowerowe;-;https://www.mediaexpert.pl/rowery/akcesoria-do-rowerow/torby-rowerowe/torba-rowerowa-podsiodlowa-rockbros-as-013-czarny;129.99;199.99;199.99;ME0209-300926
2026-09-19 17:28:13;Media Expert;Torebka Crossbody SKINARMA Fardel Czarny;SKINARMA;Torby rowerowe;-;https://www.mediaexpert.pl/rowery/akcesoria-do-rowerow/torby-rowerowe/torebka-crossbody-skinarma-fardel-czarny;219.99;304.99;304.99;ME0209-300926
2026-09-19 17:28:13;Media Expert;Sakwa rowerowa URBAN PRIME UP-BAG-EBK;URBAN PRIME;Sakwy rowerowe;-;https://www.mediaexpert.pl/rowery/akcesoria-do-rowerow/torby-i-sakwy/sakwa-rowerowa-urban-prime-up-bag-ebk;319.99;349.99;349.99;ME0209-300926
2026-09-19 17:28:13;Media Expert;Zapięcie rowerowe ABUS Bordo Lite 6055K/85 + SR Folding lock Składane Czarny;ABUS;Zabezpieczenie roweru;-;https://www.mediaexpert.pl/rowery/akcesoria-do-rowerow/zamki-i-zapiecia/zapiecie-rowerowe-abus-bordo-lite-6055k-85-sr-folding-lock-skladane-czarny;224.99;297.55;288.43;ME0209-300926
2026-09-19 17:28:13;Media Expert;Zapięcie rowerowe ABUS 4204K/110 Łańcuch Różowy;ABUS;Zabezpieczenie roweru;-;https://www.mediaexpert.pl/rowery/akcesoria-do-rowerow/zamki-i-zapiecia/zapiecie-rowerowe-abus-4204k-110-lancuch-rozowy;219.99;259.99;259.99;ME0209-300926
2026-09-19 17:28:14;Media Expert;Zapięcie rowerowe TRELOCK PK 360 8004864 Linka Czarny;TRELOCK;Zabezpieczenie roweru;-;https://www.mediaexpert.pl/rowery/akcesoria-do-rowerow/zamki-i-zapiecia/zapiecie-rowerowe-trelock-pk-360-8004864-linka-czarny;144.99;159.99;159.99;ME0209-300926
2026-09-19 17:28:14;Media Expert;Zapięcie rowerowe ABUS Star 4508K/150 Linka Czarny;ABUS;Zabezpieczenie roweru;-;https://www.mediaexpert.pl/rowery/akcesoria-do-rowerow/zamki-i-zapiecia/zapiecie-rowerowe-abus-star-4508k-150-linka-czarny;49.99;59.99;59.99;ME0209-300926
2026-09-19 17:28:14;Media Expert;Zapięcie rowerowe ABUS 2208/65 Linka;ABUS;Zabezpieczenie roweru;-;https://www.mediaexpert.pl/rowery/akcesoria-do-rowerow/zamki-i-zapiecia/zapiecie-rowerowe-abus-2208-65-linka;49.99;59.99;59.99;ME0209-300926
2026-09-19 17:28:14;Media Expert;Zapięcie rowerowe ABUS Ultimate 420K/170HB230 + USH U-lock Czerwony;ABUS;Zabezpieczenie roweru;-;https://www.mediaexpert.pl/rowery/akcesoria-do-rowerow/zamki-i-zapiecia/zapiecie-rowerowe-abus-ultimate-420k-170hb230-ush-u-lock-czerwony;249.99;299.99;290.48;ME0209-300926
2026-09-19 17:28:15;Media Expert;Zapięcie rowerowe KRYPTONITE Messenger Mini U-lock;KRYPTONITE;Zabezpieczenie roweru;-;https://www.mediaexpert.pl/rowery/akcesoria-do-rowerow/zamki-i-zapiecia/zapiecie-rowerowe-kryptonite-messenger-mini-u-lock;299.99;336.99;335.99;ME0209-300926
2026-09-19 17:28:15;Media Expert;Zapięcie rowerowe ABUS Color 3506K/120 Linka;ABUS;Zabezpieczenie roweru;-;https://www.mediaexpert.pl/rowery/akcesoria-do-rowerow/zamki-i-zapiecia/zapiecie-rowerowe-abus-color-3506k-120-linka;29.99;34.99;34.99;ME0209-300926
2026-09-19 17:28:15;Media Expert;Nabój CO2 SKS Airchamp 5 x 16 g;SKS;Inne;-;https://www.mediaexpert.pl/rowery/akcesoria-do-rowerow/inne-rowerowe/naboj-co2-sks-airchamp-5-x-16-g;29.99;39.99;39.99;ME0209-300926
2026-09-19 17:28:15;Media Expert;Opona rowerowa CONTINENTAL Contact Speed CO0101414 28'';CONTINENTAL;Opony rowerowe;-;https://www.mediaexpert.pl/rowery/czesci-rowerowe/opony-do-rowerow/opona-rowerowa-continental-contact-speed-co0101414-28;80.99;89.99;89.99;ME0209-300926
2026-09-19 17:28:16;Media Expert;Błotniki rowerowe SKS Bluemels Basic 11812;SKS;Błotniki rowerowe;-;https://www.mediaexpert.pl/rowery/akcesoria-do-rowerow/blotniki/blotniki-rowerowe-sks-bluemels-basic-11812;109.99;119.99;119.99;ME0209-300926
2026-09-19 17:28:16;Media Expert;Chwyt do kierownicy OXFORD HG805GY Szary;OXFORD;Rączki do rowerów;-;https://www.mediaexpert.pl/rowery/akcesoria-do-rowerow/raczki-do-rowerow/chwyt-do-kierownicy-oxford-hg805gy-szary;29.99;39.99;39.99;ME0209-300926
2026-09-19 17:28:16;Media Expert;Buty rowerowe SHIMANO SH-GE500 Niebieski (rozmiar 42);SHIMANO;Buty rowerowe;-;https://www.mediaexpert.pl/rowery/odziez-rowerowa/buty-rowerowe/buty-rowerowe-shimano-sh-ge500-niebieski-rozmiar-42;309.99;329.99;329.99;ME0209-300926
2026-09-19 17:28:16;Media Expert;Błotniki rowerowe SKS Raceblade Pro 11319;SKS;Błotniki rowerowe;-;https://www.mediaexpert.pl/rowery/akcesoria-do-rowerow/blotniki/blotniki-rowerowe-sks-raceblade-pro-11319;119.99;129.99;124.56;ME0209-300926
2026-09-19 17:28:16;Media Expert;Spinka KROSS T4CLA000075 (6 szt.);KROSS;Inne;-;https://www.mediaexpert.pl/rowery/akcesoria-do-rowerow/inne-rowerowe/spinka-kross-t4cla000075-6-szt;49.99;59.99;59.99;ME0209-300926
2026-09-19 17:28:17;Media Expert;Spinka KROSS T4CLA000191 (6 szt.);KROSS;Inne;-;https://www.mediaexpert.pl/rowery/akcesoria-do-rowerow/inne-rowerowe/spinka-kross-t4cla000191-6-szt;54.99;69.99;69.99;ME0209-300926
2026-09-19 17:28:17;Media Expert;Rękawiczki rowerowe SHIMANO Explorer (rozmiar S) Czarny;SHIMANO;Rękawiczki rowerowe;-;https://www.mediaexpert.pl/rowery/odziez-rowerowa/rekawiczki-rowerowe/rekawiczki-rowerowe-shimano-explorer-rozmiar-s-czarny;89.99;119.99;119.99;ME0209-300926
2026-09-19 17:28:17;Media Expert;Kask motocyklowy TORQ 202 Czarny (rozmiar XS);TORQ;Kaski motocyklowe;-;https://www.mediaexpert.pl/motoryzacja/akcesoria-motocyklowe/kaski/kask-motocyklowy-torq-torq-202-czarny-rozmiar-xs;129.99;249.99;249.99;ME0209-300926
2026-09-19 17:28:17;Media Expert;Roleta przeciwsłoneczna do samochodu DISNEY Kraina Lodu 2 9343;DISNEY;Rolety i zasłonki samochodowe;-;https://www.mediaexpert.pl/motoryzacja/akcesoria-do-pojazdow/rolety-i-zaslonki-samochodowe/roleta-przeciwsloneczna-disney-kraina-lodu-2;29.99;34.99;34.99;ME0209-300926
2026-09-19 17:28:18;Media Expert;Zestaw do czyszczenia FIELDMANN 1001;FIELDMANN;Akcesoria do mycia samochodu;-;https://www.mediaexpert.pl/motoryzacja/akcesoria-do-pojazdow/akcesoria-do-mycia-samochodu/zestaw-do-czyszczenia-fieldmann-1001;49.99;57.00;57.00;ME0209-300926
2026-09-19 17:28:18;Media Expert;Prostownik AEG 10616;AEG;Prostowniki;-;https://www.mediaexpert.pl/dom-i-ogrod/wyposazenie-warsztatu/prostowniki/prostownik-aeg-10616;89.99;99.99;99.99;ME0209-300926
2026-09-19 17:28:18;Media Expert;Bieżnia elektryczna UREVO Foldi Mini 1677W 10km/h;UREVO;Bieżnie elektryczne;-;https://www.mediaexpert.pl/sport-i-rekreacja/fitness-i-silownia/bieznie/bieznia-elektryczna-urevo-foldi-mini-1677w-10km-h;999.00;1129.00;1069.00;R1509-300926
2026-09-19 17:28:18;Media Expert;Wioślarz wodno-magnetyczny KINGSMITH WM10 Pro Dąb Czerwony;KINGSMITH;Wioślarze;-;https://www.mediaexpert.pl/sport-i-rekreacja/fitness-i-silownia/wioslarze/wioslarz-wodno-magnetyczny-kingsmith-wm10-pro-dab-czerwony;2399.00;2699.00;2673.68;R1509-300926
2026-09-19 17:28:19;Media Expert;Wyciąg do ćwiczeń MARBO SPORT MH-W108;MARBO SPORT;Wyciągi do ćwiczeń;-;https://www.mediaexpert.pl/sport-i-rekreacja/silownia/wyciagi-do-cwiczen/wyciag-marbo-sport-mh-w108;269.00;309.99;279.00;ME1109-201026
2026-09-19 17:28:19;Media Expert;Nakrętka osi GARMIN Shimano Nexus T1416;GARMIN;Akcesoria do trenażerów;-;https://www.mediaexpert.pl/sport-i-rekreacja/trenazery-rowerowe-i-akcesoria/akcesoria-do-trenazerow/nakretka-osi-garmin-shimano-nexus-t1416;49.99;59.99;54.99;ME0209-300926
2026-09-19 17:28:19;Media Expert;Zestaw adapterów GARMIN Tacx 135 x 10/135 x 12 T2885;GARMIN;Akcesoria do trenażerów;-;https://www.mediaexpert.pl/sport-i-rekreacja/trenazery-rowerowe-i-akcesoria/akcesoria-do-trenazerow/zestaw-adapterow-garmin-tacx-135-x-10-135-x-12-t2885;169.99;169.99;0.00;
2026-09-19 17:28:19;Media Expert;Butelka szklana WATERDROP Relax Przeźroczysty;WATERDROP;Butelki na wodę;-;https://www.mediaexpert.pl/agd-male/akcesoria-kuchenne/butelki-na-wode/butelka-szklana-waterdrop-relax-przezroczysty;106.99;126.90;117.22;ME1409-101026
2026-09-19 17:28:20;Media Expert;Hantla HMS Hex Pro (22.5 kg);HMS;Hantle i ciężarki;-;https://www.mediaexpert.pl/sport-i-rekreacja/silownia/gryfy-hantle-i-obciazenia/hantla-hms-hex-pro-22-5-kg;229.00;275.00;275.00;ME1409-101026
2026-09-19 17:28:20;Media Expert;Obciążenie EB FIT Hammertone (15 kg);EB FIT;Obciążenia;-;https://www.mediaexpert.pl/sport-i-rekreacja/silownia/obciazenia/obciazenie-eb-fit-hammertone-15-kg;119.00;225.00;213.99;ME1409-101026
2026-09-19 17:28:20;Media Expert;Hantla HMS HPC (32.5 kg);HMS;Hantle i ciężarki;-;https://www.mediaexpert.pl/sport-i-rekreacja/silownia/gryfy-hantle-i-obciazenia/hantla-hms-hpc-32-5-kg;529.00;630.00;586.00;ME1409-101026
2026-09-19 17:28:20;Media Expert;Hantla GORILLA SPORTS 2614 (30 kg);GORILLA SPORTS;Hantle i ciężarki;-;https://www.mediaexpert.pl/sport-i-rekreacja/silownia/gryfy-hantle-i-obciazenia/hantla-gorilla-sports-2614-30-kg;399.00;450.00;419.00;ME1409-101026
2026-09-19 17:28:20;Media Expert;Hantla EB FIT 1039183 3w1 (10 kg);EB FIT;Hantle i ciężarki;-;https://www.mediaexpert.pl/sport-i-rekreacja/silownia/gryfy-hantle-i-obciazenia/hantla-eb-fit-1039183-3w1-10-kg;59.00;99.77;70.98;ME1409-101026
2026-09-19 17:28:21;Media Expert;"Hulajnoga elektryczna RUPTOR R1 V2 10 80 km 500W Amortyzacja 10"" Czarny";RUPTOR;Hulajnogi elektryczne;-;https://www.mediaexpert.pl/rowery/hulajnogi/hulajnogi-elektryczne/hulajnoga-elektryczna-ruptor-r1-v2-10-80-km-500w-10-czarny;1699.99;1899.00;1799.99;ME1408-300926
2026-09-19 17:28:21;Media Expert;Deska SUP EXTRALINK SUP-1010 350 x 81 x 15 cm;EXTRALINK;Deski SUP;-;https://www.mediaexpert.pl/sport-i-rekreacja/sporty-wodne/deski-sup/deska-sup-extralink-sup-1010-350-x-81-x-15-cm;749.00;999.99;749.99;ME0409-300926
2026-09-19 17:28:21;Media Expert;Plecak NEO 63-131 Zielony;NEO;Plecaki;-;https://www.mediaexpert.pl/sport-i-rekreacja/turystyka/plecaki/plecak-wodoodporny-600d;196.79;242.00;196.89;ME0409-300926
2026-09-19 17:28:21;Media Expert;Samochód zdalnie sterowany RASTAR Lamborghini Sesto 49200;RASTAR;Samochody zdalnie sterowane;-;https://www.mediaexpert.pl/zabawki/kolejki-i-samochody-zabawkowe/samochody-zdalnie-sterowane/samochod-zdalnie-sterowany-rastar-lamborghini-sesto-49200;114.99;191.29;120.99;ME1509-240926
2026-09-19 17:28:22;Media Expert;Samochód zdalnie sterowany LEXIBOOK Crosslander Little Explorer RC11;LEXIBOOK;Samochody zdalnie sterowane;-;https://www.mediaexpert.pl/zabawki/kolejki-i-samochody-zabawkowe/samochody-zdalnie-sterowane/samochod-zdalnie-sterowany-lexibook-crosslander-little-explorer-rc11;139.99;169.99;169.99;ME1409-200926
2026-09-19 17:28:22;Media Expert;Samochód zdalnie sterowany RASTAR Ferrari FXX K Evo 79200;RASTAR;Samochody zdalnie sterowane;-;https://www.mediaexpert.pl/zabawki/kolejki-i-samochody-zabawkowe/samochody-zdalnie-sterowane/samochod-rc-rastar-ferrari-fxx-k-evo-1-14;132.99;169.53;139.99;ME1509-240926
2026-09-19 17:28:22;Media Expert;Wywrotka zdalnie sterowana HUINA 1556H;HUINA;Samochody zdalnie sterowane;-;https://www.mediaexpert.pl/zabawki/kolejki-i-samochody-zabawkowe/samochody-zdalnie-sterowane/wywrotka-zdalnie-sterowana-huina-1556h;114.99;179.99;120.99;ME1509-240926
2026-09-19 17:28:22;Media Expert;Koparka zdalnie sterowana HUINA 1579H;HUINA;Samochody zdalnie sterowane;-;https://www.mediaexpert.pl/zabawki/kolejki-i-samochody-zabawkowe/samochody-zdalnie-sterowane/koparka-zdalnie-sterowana-huina-1579h;179.99;289.99;189.99;ME1509-240926
2026-09-19 17:28:23;Media Expert;Figurka MATTEL Disney Pixar Toy Story 5 Playscale Buzz Astral z dźwiękami JKV26;MATTEL;Figurki dla dzieci;-;https://www.mediaexpert.pl/zabawki/lalki-i-figurki/figurki-dla-dzieci/figurka-mattel-disney-pixar-toy-story-5-playscale-buzz-astral-z-dzwiekami-jkv26;74.99;119.59;79.99;ME0109-300926
2026-09-19 17:28:23;Media Expert;Konsola LEXIBOOK Stitch JL3180D;LEXIBOOK;Zabawki elektroniczne;-;https://www.mediaexpert.pl/zabawki/zabawki-kreatywne/zabawki-elektroniczne/konsola-lexibook-disney-stitch-jl3180d;189.99;209.99;191.74;ME1409-200926
2026-09-19 17:28:23;Media Expert;Figurka MATTEL Disney Pixar Toy Story 5 Buzz Astral JKL97;MATTEL;Figurki dla dzieci;-;https://www.mediaexpert.pl/zabawki/lalki-i-figurki/figurki-dla-dzieci/figurka-mattel-disney-pixar-toy-story-5-buzz-astral-jkl97;159.99;184.99;166.99;ME0109-300926
2026-09-19 17:28:23;Media Expert;Mata edukacyjna FISHER PRICE Z pianinkiem Muzyczne zwierzątka HWY57;FISHER PRICE;Zabawki edukacyjne;-;https://www.mediaexpert.pl/zabawki/zabawki-edukacyjne/zabawki-edukacyjne/mata-edukacyjna-fisher-price-z-pianinkiem-muzyczne-zwierzatka-hwy57;209.99;240.00;221.45;ME0109-300926
2026-09-19 17:28:23;Media Expert;Zabawka miotła KLEIN Pure Fresh KL 6609;KLEIN;Zabawki odgrywanie ról;-;https://www.mediaexpert.pl/zabawki/zabawki-odgrywanie-rol/miotla-drewniana-ulicowa-czarno-biala;14.99;18.99;15.99;ME1509-240926
2026-09-19 17:28:24;Media Expert;Zabawka edukacyjna FISHER PRICE Piramidka sensoryczna z przyssawką JHB46;FISHER PRICE;Zabawki edukacyjne;-;https://www.mediaexpert.pl/zabawki/zabawki-edukacyjne/zabawki-edukacyjne/zabawka-edukacyjna-fisher-price-piramidka-sensoryczna-z-przyssawka-jhb46;46.99;51.00;51.00;ME0109-300926
2026-09-19 17:28:24;Media Expert;Lalka DISNEY PRINCESS Arielka Magiczna przemiana JLK19;DISNEY PRINCESS;Lalki i akcesoria;-;https://www.mediaexpert.pl/zabawki/lalki-i-figurki/lalki-i-akcesoria/lalka-disney-princess-arielka-magiczna-przemiana-jlk19;117.99;126.00;126.00;ME0109-300926
2026-09-19 17:28:24;Media Expert;Zabawka edukacyjna FISHER PRICE Piramidka GRF09;FISHER PRICE;Zabawki edukacyjne;-;https://www.mediaexpert.pl/zabawki/zabawki-edukacyjne/zabawki-edukacyjne/zabawka-edukacyjna-fisher-price-piramidka-grf09;29.99;33.00;31.96;ME0109-300926
2026-09-19 17:28:24;Media Expert;Figurka MINECRAFT Smok Endu Atak Smoczy oddech JKC13;MINECRAFT;Figurki dla dzieci;-;https://www.mediaexpert.pl/zabawki/lalki-i-figurki/figurki-dla-dzieci/figurka-minecraft-smok-endu-atak-smoczy-oddech-jkc13;149.99;209.99;170.08;ME0109-300926
2026-09-19 17:28:25;Media Expert;Zabawka interaktywna FISHER-PRICE Little People Muzyczny pociąg Myszki Miki JKB04;FISHER PRICE;Zabawki edukacyjne;-;https://www.mediaexpert.pl/zabawki/zabawki-edukacyjne/zabawki-edukacyjne/zabawka-interaktywna-fisher-price-little-people-muzyczny-pociag-myszki-miki-jkb04;99.99;111.93;111.93;ME0109-300926
2026-09-19 17:28:25;Media Expert;Zabawka słuchawki nauszne LEXIBOOK Spider-Man HPBT010SP;LEXIBOOK;Zabawki elektroniczne;-;https://www.mediaexpert.pl/zabawki/zabawki-kreatywne/zabawki-elektroniczne/zabawka-sluchawki-nauszne-lexibook-spider-man-hpbt010sp;84.99;109.99;109.99;ME1409-200926
2026-09-19 17:28:25;Media Expert;Zabawka ksylofon CHICCO 00012241000000;CHICCO;Instrumenty dla dzieci;-;https://www.mediaexpert.pl/zabawki/instrumenty-dla-dzieci/zabawka-ksylofon-chicco-00012241000000;32.99;45.02;34.49;ME1509-240926
2026-09-19 17:28:25;Media Expert;Zabawka słuchawki nauszne LEXIBOOK Stitch HP015D;LEXIBOOK;Zabawki elektroniczne;-;https://www.mediaexpert.pl/zabawki/zabawki-kreatywne/zabawki-elektroniczne/zabawka-sluchawki-nauszne-lexibook-stitch-hp015d;79.99;99.99;88.57;ME1409-200926
2026-09-19 17:28:26;Media Expert;Zawieszka do wózka BALIBAZOO Pszczółka Na Łące BB82586;BALIBAZOO;Zawieszki do wózka;-;https://www.mediaexpert.pl/zabawki/zabawki-dla-najmlodszych/zawieszki-do-wozka/zawieszka-do-wozka-balibazoo-pszczolka-na-lace-bb82586;33.49;40.32;34.99;ME1509-240926
2026-09-19 17:28:26;Media Expert;Zabawka pinball LEXIBOOK Stitch JG610D;LEXIBOOK;Gry planszowe;-;https://www.mediaexpert.pl/zabawki/gry-planszowe-i-puzzle/gry-planszowe/zabawka-pinball-lexibook-disney-stitch-jg610d;117.79;159.99;123.99;ME1509-240926
2026-09-19 17:28:26;Media Expert;Kolejka FISHER PRICE Tomek i Przyjaciele Dostawa beczek Załaduj i wystrzel JDF26;FISHER PRICE;Kolejki dla dzieci;-;https://www.mediaexpert.pl/zabawki/kolejki-i-samochody-zabawkowe/kolejki-dla-dzieci/kolejka-fisher-price-tomek-i-przyjaciele-dostawa-beczek-zaladuj-i-wystrzel-jdf26;209.99;218.03;189.37;ME0109-300926
2026-09-19 17:28:26;Media Expert;Zabawka budzik z projektorem LEXIBOOK Spider-Man RL977SP;LEXIBOOK;Zabawki elektroniczne;-;https://www.mediaexpert.pl/zabawki/zabawki-kreatywne/zabawki-elektroniczne/zabawka-budzik-z-projektorem-lexibook-marvel-spider-man-rl977sp;84.99;89.99;89.99;ME1409-200926
2026-09-19 17:28:26;Media Expert;Wywrotka KLEIN Volvo KL 2423;KLEIN;Samochody i pojazdy zabawkowe;-;https://www.mediaexpert.pl/zabawki/kolejki-i-samochody-zabawkowe/samochody-i-pojazdy-zabawkowe/wywrotka-volvo-skala-1-24;29.99;41.25;30.99;ME1509-240926
2026-09-19 17:28:27;Media Expert;Zabawka CHICCO My Wood Friends Zestaw kolekcjonerski 00012476000000;CHICCO;Pozostałe zabawki;-;https://www.mediaexpert.pl/zabawki/pozostale-zabawki/zabawka-chicco-my-wood-friends-zestaw-kolekcjonerski-00012476000000;65.99;92.03;68.99;ME1509-240926
2026-09-19 17:28:27;Media Expert;Maskotka DISNEY Kubuś Puchatek Kłapouchy;DISNEY;Pluszaki;-;https://www.mediaexpert.pl/zabawki/zabawki-dla-najmlodszych/pluszaki/maskotka-disney-kubus-puchatek-klapouchy;114.99;149.99;120.99;ME1509-240926
2026-09-19 17:28:27;Media Expert;Zabawka smartwatch KIDS EUROSWAN Stitch LAS4088;KIDS EUROSWAN;Zabawki elektroniczne;-;https://www.mediaexpert.pl/zabawki/zabawki-kreatywne/zabawki-elektroniczne/zabawka-smartwatch-kids-euroswan-stitch-las4088;184.99;246.85;194.99;ME1509-240926
2026-09-19 17:28:27;Media Expert;Maskotka Hoody Kin Academy Królik HKA0364;Hoody Kin Academy;Pluszaki;-;https://www.mediaexpert.pl/zabawki/zabawki-dla-najmlodszych/pluszaki/maskotka-hk-academy-krolik-hka0364;29.99;44.99;44.99;ME0409-300926
2026-09-19 17:28:28;Media Expert;Pamiętnik LEXIBOOK Disney Stitch SD50D;LEXIBOOK;Zabawki elektroniczne;-;https://www.mediaexpert.pl/zabawki/zabawki-kreatywne/zabawki-elektroniczne/pamietnik-lexibook-disney-stitch-sd50d;109.99;159.99;151.12;ME1409-200926
2026-09-19 17:28:28;Media Expert;Zabawka zegarek z projektorem LEXIBOOK Psi Patrol DMW050PA;LEXIBOOK;Zabawki elektroniczne;-;https://www.mediaexpert.pl/zabawki/zabawki-kreatywne/zabawki-elektroniczne/zabawka-zegarek-z-projektorem-lexibook-psi-patrol-dmw050pa;49.99;59.99;50.58;ME1409-200926
2026-09-19 17:28:28;Media Expert;Figurka CRA-Z-ART Stitch SLIM01D (1 figurka);CRA-Z-ART;Figurki dla dzieci;-;https://www.mediaexpert.pl/zabawki/lalki-i-figurki/figurki-dla-dzieci/figurka-cra-z-art-stitch-slim01d-1-figurka;28.49;34.28;29.99;ME1509-240926
2026-09-19 17:28:28;Media Expert;Zabawka interaktywna SILVERLIT Zomlings In The Town Biopod Zombie Single SI88695 (1 zabawka);SILVERLIT;Zabawki edukacyjne;-;https://www.mediaexpert.pl/zabawki/zabawki-edukacyjne/zabawki-edukacyjne/zabawka-interaktywna-silverlit-zomlings-in-the-town-biopod-zombie-single-si88695-1-zabawka;26.59;39.99;27.99;ME1509-240926
2026-09-19 17:28:29;Media Expert;Samochód MAISTO Special Edition Jeep Renegade 31282;MAISTO;Samochody i pojazdy zabawkowe;-;https://www.mediaexpert.pl/zabawki/kolejki-i-samochody-zabawkowe/samochody-i-pojazdy-zabawkowe/samochod-maisto-special-edition-jeep-renegade-31282;58.89;79.99;61.99;ME1509-240926
2026-09-19 17:28:29;Media Expert;Zabawka gitara elektryczna LEXIBOOK Disney Stitch K260D;LEXIBOOK;Instrumenty dla dzieci;-;https://www.mediaexpert.pl/zabawki/instrumenty-dla-dzieci/zabawka-gitara-elektryczna-lexibook-disney-stitch-k260d;99.99;125.61;104.99;ME1509-240926
2026-09-19 17:28:29;Media Expert;Zabawka zegarek z kamerą LEXIBOOK Stitch DMW070D;LEXIBOOK;Zabawki elektroniczne;-;https://www.mediaexpert.pl/zabawki/zabawki-kreatywne/zabawki-elektroniczne/zabawka-zegarek-z-kamera-lexibook-stitch-dmw070d;137.99;171.60;144.99;ME1509-240926
2026-09-19 17:28:29;Media Expert;Zabawka budzik z lampką nocną LEXIBOOK Świnka Peppa RL800PP;LEXIBOOK;Zabawki elektroniczne;-;https://www.mediaexpert.pl/zabawki/zabawki-kreatywne/zabawki-elektroniczne/zabawka-budzik-z-lampka-nocna-lexibook-swinka-peppa-rl800pp;99.99;144.99;104.99;ME1509-240926
2026-09-19 17:28:29;Media Expert;Maskotka KIDROBOT Phunny Batman KR14798;KIDROBOT;Pluszaki;-;https://www.mediaexpert.pl/zabawki/zabawki-dla-najmlodszych/pluszaki/maskotka-kidrobot-phunny-batman-kr14798;43.99;94.99;46.49;ME1509-240926
2026-09-19 17:28:30;Media Expert;Skarbonka LEXIBOOK Disney Stitch JG140D;LEXIBOOK;Zabawki elektroniczne;-;https://www.mediaexpert.pl/zabawki/zabawki-kreatywne/zabawki-elektroniczne/skarbonka-lexibook-disney-stitch-jg140d;129.99;211.00;137.99;ME1509-240926
2026-09-19 17:28:30;Media Expert;Samochód MATTEL WWE Slambulance karetka do rozbijania JMR51;MATTEL;Samochody i pojazdy zabawkowe;-;https://www.mediaexpert.pl/zabawki/kolejki-i-samochody-zabawkowe/samochody-i-pojazdy-zabawkowe/samochod-mattel-wwe-slambulance-karetka-do-rozbijania-jmr51;234.99;329.99;329.99;ME0109-300926
2026-09-19 17:28:30;Media Expert;Lalka Barbie Sleepover Reveal Piżama Party z niespodzianką JMR89;BARBIE;Lalki i akcesoria;-;https://www.mediaexpert.pl/zabawki/lalki-i-figurki/lalki-i-akcesoria/lalka-barbie-sleepover-reveal-pizama-party-z-niespodzianka-jmr89;79.99;109.99;109.99;ME0109-300926
2026-09-19 17:28:30;Media Expert;Tor Hot Wheels RC + 2 samochody Ferrari JTF40;HOT WHEELS;Samochody i pojazdy zabawkowe;-;https://www.mediaexpert.pl/zabawki/kolejki-i-samochody-zabawkowe/samochody-i-pojazdy-zabawkowe/tor-hot-wheels-rc-2-samochody-ferrari-jtf40;469.99;593.35;593.35;ME0109-300926
2026-09-19 17:28:31;Media Expert;Zestaw figurek BLUEY Czas na deser BLU18916;BLUEY;Figurki z bajek;-;https://www.mediaexpert.pl/zabawki/lalki-i-figurki/figurki-z-bajek/zestaw-figurek-bluey-czas-na-deser-blu18916;49.99;66.20;66.20;ME0409-300926
2026-09-19 17:28:31;Media Expert;Zabawka zegarek z kamerą LEXIBOOK Spider-Man DMW071SP;LEXIBOOK;Zabawki elektroniczne;-;https://www.mediaexpert.pl/zabawki/zabawki-kreatywne/zabawki-elektroniczne/zabawka-zegarek-z-kamera-lexibook-spider-man-dmw071sp;179.99;214.99;214.99;ME1409-200926
2026-09-19 17:28:31;Media Expert;Zabawka keyboard LEXIBOOK Disney Princess K704DP;LEXIBOOK;Instrumenty dla dzieci;-;https://www.mediaexpert.pl/zabawki/instrumenty-dla-dzieci/zabawka-keyboard-lexibook-disney-princess-k704dp;119.99;144.99;135.00;ME1409-200926
2026-09-19 17:28:31;Media Expert;Zabawka budzik z projektorem LEXIBOOK Vaiana RL977VN;LEXIBOOK;Zabawki elektroniczne;-;https://www.mediaexpert.pl/zabawki/zabawki-kreatywne/zabawki-elektroniczne/zabawka-budzik-z-projektorem-lexibook-vaiana-rl977vn;84.99;109.99;109.99;ME1409-200926
2026-09-19 17:28:32;Media Expert;Zabawka budzik z lampką nocną LEXIBOOK Avengers Iron Man RL800AV2;LEXIBOOK;Zabawki elektroniczne;-;https://www.mediaexpert.pl/zabawki/zabawki-kreatywne/zabawki-elektroniczne/zabawka-budzik-z-lampka-nocna-lexibook-marvel-avengers-iron-man-rl800av2;119.99;144.99;144.99;ME1409-200926
2026-09-19 17:28:32;Media Expert;Zabawka aparat natychmiastowy LEXIBOOK Bluey DJ150BY;LEXIBOOK;Zabawki elektroniczne;-;https://www.mediaexpert.pl/zabawki/zabawki-kreatywne/zabawki-elektroniczne/zabawka-aparat-natychmiastowy-lexibook-bluey-dj150by;299.99;348.27;338.99;ME1409-200926
2026-09-19 17:28:32;Media Expert;Zabawka mikrofon LEXIBOOK Barbie S160BB;LEXIBOOK;Zabawki elektroniczne;-;https://www.mediaexpert.pl/zabawki/zabawki-kreatywne/zabawki-elektroniczne/zabawka-mikrofon-lexibook-barbie-s160bb;149.99;169.27;169.27;ME1409-200926
2026-09-19 17:28:32;Media Expert;Zabawka budzik z lampką nocną LEXIBOOK Disney Toy Story RL800TS;LEXIBOOK;Zabawki elektroniczne;-;https://www.mediaexpert.pl/zabawki/zabawki-kreatywne/zabawki-elektroniczne/zabawka-budzik-z-lampka-nocna-lexibook-disney-toy-story-rl800ts;119.99;149.99;149.99;ME1409-200926
2026-09-19 17:28:33;Media Expert;Zabawka budzik z lampką nocną LEXIBOOK Star Wars Mandalorian Grogu RL800SW;LEXIBOOK;Zabawki elektroniczne;-;https://www.mediaexpert.pl/zabawki/zabawki-kreatywne/zabawki-elektroniczne/zabawka-budzik-z-lampka-nocna-lexibook-star-wars-mandalorian-grogu-rl800sw;119.99;144.99;144.99;ME1409-200926
2026-09-19 17:28:33;Media Expert;Zestaw rolek uzupełniających LEXIBOOK Star Cam DJ150A;LEXIBOOK;Pozostałe zabawki;-;https://www.mediaexpert.pl/zabawki/pozostale-zabawki/zestaw-rolek-uzupelniajacych-lexibook-star-cam-dj150a;54.99;64.99;64.99;ME1409-200926
2026-09-19 17:28:33;Media Expert;Zabawka CHICCO My Wood Friends Rodziny z farmy Krówki 00012668700000;CHICCO;Pozostałe zabawki;-;https://www.mediaexpert.pl/zabawki/pozostale-zabawki/zabawka-chicco-my-wood-friends-rodziny-z-farmy-krowki-00012668700000;19.99;27.66;20.99;ME1509-240926
2026-09-19 17:28:33;Media Expert;Maskotka TY Squishy Beanies Star Wars C-3PO 39260;TY;Pluszaki;-;https://www.mediaexpert.pl/zabawki/zabawki-dla-najmlodszych/pluszaki/maskotka-ty-squishy-beanies-star-wars-c-3po-39260;19.99;29.99;20.99;ME1509-240926
2026-09-19 17:28:33;Media Expert;Zestaw piśmienniczy KIDS EUROSWAN Real Madryt RM00021;KIDS EUROSWAN;Pozostałe zabawki;-;https://www.mediaexpert.pl/zabawki/pozostale-zabawki/zestaw-pismienniczy-kids-euroswan-real-madryt-rm00021;47.49;58.90;49.99;ME1509-240926
2026-09-19 17:28:34;Media Expert;Maskotka TY Beanie Bellies Witt Lis 43214;TY;Pluszaki;-;https://www.mediaexpert.pl/zabawki/zabawki-dla-najmlodszych/pluszaki/maskotka-ty-beanie-bellies-witt-lis-43214;41.79;55.35;43.99;ME1509-240926
2026-09-19 17:28:34;Media Expert;Masa plastyczna CRA-Z-ART Softee Dough CRDOUGH2;CRA-Z-ART;Zabawki kreatywne;-;https://www.mediaexpert.pl/zabawki/zabawki-kreatywne/zabawki-kreatywne/masa-plastyczna-cra-z-art-softee-dough-crdough2;14.99;29.99;20.49;ME1509-240926
2026-09-19 17:28:34;Media Expert;Zestaw figurek EPEE Brudaski w kąpieli Kotki EP60364;EPEE;Figurki dla dzieci;-;https://www.mediaexpert.pl/zabawki/lalki-i-figurki/figurki-dla-dzieci/zestaw-figurek-epee-brudaski-w-kapieli-kotki-ep60364;79.79;95.50;83.99;ME1509-240926
2026-09-19 17:28:34;Media Expert;Zabawka interaktywna CHICCO Sense & Focus Jezdzacy Jelonek Baby 00012165000000;CHICCO;Zabawki edukacyjne;-;https://www.mediaexpert.pl/zabawki/zabawki-edukacyjne/zabawki-edukacyjne/zabawka-interaktywna-chicco-sense-focus-jezdzacy-jelonek-baby-00012165000000;39.99;57.99;42.49;ME1509-240926
2026-09-19 17:28:35;Media Expert;Zabawka miotła GARDENA Ogrodnicza dla dzieci;GARDENA;Zabawki odgrywanie ról;-;https://www.mediaexpert.pl/zabawki/zabawki-odgrywanie-rol/zabawka-miotla-gardena-ogrodnicza-dla-dzieci;39.49;59.99;41.49;ME1509-240926
2026-09-19 17:28:35;Media Expert;Zestaw do piasku COLOR BABY Świnka Peppa 77336;COLOR BABY;Zabawki do piaskownicy;-;https://www.mediaexpert.pl/zabawki/zabawki-zrecznosciowe-i-plenerowe/zabawki-do-piaskownicy/zestaw-do-piasku-color-baby-swinka-peppa-77336;33.49;54.99;34.99;ME1509-240926
2026-09-19 17:28:35;Media Expert;Zabawka zestaw do stylizacji paznokci MARTINELIA Let's Be Mermaids Treasure 85438;Martinelia;Zabawki odgrywanie ról;-;https://www.mediaexpert.pl/zabawki/zabawki-odgrywanie-rol/zabawka-zestaw-do-stylizacji-paznokci-martinelia-let-s-be-mermaids-treasure-85438;53.99;76.99;56.99;ME1509-240926
2026-09-19 17:28:35;Media Expert;Maskotka TY Beanie Bellies Fritz Pies 43213;TY;Pluszaki;-;https://www.mediaexpert.pl/zabawki/zabawki-dla-najmlodszych/pluszaki/maskotka-ty-beanie-bellies-fritz-pies-43213;41.79;64.99;43.99;ME1509-240926
2026-09-19 17:28:36;Media Expert;Zestaw kreatywny KIDS EUROSWAN Kuromi KU00014;KIDS EUROSWAN;Zabawki kreatywne;-;https://www.mediaexpert.pl/zabawki/zabawki-kreatywne/zabawki-kreatywne/zestaw-kreatywny-kids-euroswan-kuromi-ku00014;65.99;89.99;68.99;ME1509-240926
2026-09-19 17:28:36;Media Expert;Podkładka KIDS EUROSWAN ST00149 Stitch;KIDS EUROSWAN;Podkładki pod myszkę;-;https://www.mediaexpert.pl/komputery-i-tablety/myszy-komputerowe/podkladki/podkladka-kids-euroswan-st00149-stitch;43.99;69.99;46.49;ME1509-240926
2026-09-19 17:28:36;Media Expert;Zabawka zestaw do makijażu MARTINELIA My Best Friends Plecak 85455;Martinelia;Zabawki odgrywanie ról;-;https://www.mediaexpert.pl/zabawki/zabawki-odgrywanie-rol/zabawka-zestaw-do-makijazu-martinelia-my-best-friends-plecak-85455;65.99;92.99;68.99;ME1509-240926
2026-09-19 17:28:36;Media Expert;Miecz LEXIBOOK Naruto RP20NA;LEXIBOOK;Zabawki kolekcjonerskie;-;https://www.mediaexpert.pl/gaming/akcesoria-do-gier/zabawki-kolekcjonerskie/miecz-lexibook-naruto-rp20na;75.99;104.99;79.99;ME1509-240926
2026-09-19 17:28:36;Media Expert;Zabawka zegarek LEXIBOOK Naruto DMW060NA;LEXIBOOK;Zabawki elektroniczne;-;https://www.mediaexpert.pl/zabawki/zabawki-kreatywne/zabawki-elektroniczne/zabawka-zegarek-lexibook-naruto-dmw060na;54.99;84.99;57.99;ME1509-240926
2026-09-19 17:28:37;Media Expert;Zabawka odkurzacz DIRT DEVIL Kids;DIRT DEVIL;Zabawki odgrywanie ról;-;https://www.mediaexpert.pl/zabawki/zabawki-odgrywanie-rol/zabawka-odkurzacz-dirt-devil-kids;58.89;89.99;61.99;ME1509-240926
2026-09-19 17:28:37;Media Expert;Maskotka TY Beanie Boos Turbo Żółw 38880;TY;Pluszaki;-;https://www.mediaexpert.pl/zabawki/zabawki-dla-najmlodszych/pluszaki/maskotka-ty-beanie-boos-turbo-zolw-38880;104.49;137.13;109.99;ME1509-240926
2026-09-19 17:28:37;Media Expert;Zabawka edukacyjna CHICCO Książeczka Miasto Bilingual ABC 00012547000130;CHICCO;Zabawki edukacyjne;-;https://www.mediaexpert.pl/zabawki/zabawki-edukacyjne/zabawki-edukacyjne/zabawka-edukacyjna-chicco-ksiazeczka-miasto-bilingual-abc-00012547000130;53.99;88.80;56.99;ME1509-240926
2026-09-19 17:28:37;Media Expert;Pistolet na wodę COLOR BABY Aqua World Electrica 47658;COLOR BABY;Pistolety na wodę;-;https://www.mediaexpert.pl/zabawki/zabawki-zrecznosciowe-i-plenerowe/pistolety-na-wode/pistolet-na-wode-color-baby-aqua-world-electrica-47658;58.89;94.99;61.99;ME1509-240926
2026-09-19 17:28:38;Media Expert;Zabawka zestaw do makijażu MARTINELIA Lulu & Duki Plecak 85477;Martinelia;Zabawki odgrywanie ról;-;https://www.mediaexpert.pl/zabawki/zabawki-odgrywanie-rol/zabawka-zestaw-do-makijazu-martinelia-lulu-duki-plecak-85477;89.99;129.27;94.99;ME1509-240926
2026-09-19 17:28:38;Media Expert;Maskotka KIDROBOT Phunny Wednesday Addams KR18262;KIDROBOT;Pluszaki;-;https://www.mediaexpert.pl/zabawki/zabawki-dla-najmlodszych/pluszaki/maskotka-kidrobot-phunny-wednesday-addams-kr18262;39.99;80.12;46.49;ME1509-240926
2026-09-19 17:28:38;Media Expert;Zabawka słuchawki nauszne LEXIBOOK Superman HPBT010SU;LEXIBOOK;Zabawki elektroniczne;-;https://www.mediaexpert.pl/zabawki/zabawki-kreatywne/zabawki-elektroniczne/zabawka-sluchawki-nauszne-lexibook-superman-hpbt010su;85.49;126.99;89.99;ME1509-240926
2026-09-19 17:28:38;Media Expert;Zabawka słuchawki dokanałowe KIDS EUROSWAN WOW Generation WOW00124 (1 słuchawki);KIDS EUROSWAN;Zabawki elektroniczne;-;https://www.mediaexpert.pl/zabawki/zabawki-kreatywne/zabawki-elektroniczne/zabawka-sluchawki-dokanalowe-kids-euroswan-wow-generation-wow00124-1-sluchawki;64.99;109.41;84.99;ME1509-240926
2026-09-19 17:28:39;Media Expert;Zabawka smartwatch KIDS EUROSWAN Hello Kitty HK50129;KIDS EUROSWAN;Zabawki elektroniczne;-;https://www.mediaexpert.pl/zabawki/zabawki-kreatywne/zabawki-elektroniczne/zabawka-smartwatch-kids-euroswan-hello-kitty-hk50129;170.99;217.85;179.99;ME1509-240926
2026-09-19 17:28:39;Media Expert;Zabawka mikrofon LEXIBOOK Bluey MIC240BY;LEXIBOOK;Zabawki elektroniczne;-;https://www.mediaexpert.pl/zabawki/zabawki-kreatywne/zabawki-elektroniczne/zabawka-mikrofon-lexibook-bluey-mic240by;114.99;164.99;120.99;ME1509-240926
2026-09-19 17:28:39;Media Expert;Maskotka TY Beanie Boos Tygrys Tundra 90227;TY;Pluszaki;-;https://www.mediaexpert.pl/zabawki/zabawki-dla-najmlodszych/pluszaki/maskotka-ty-beanie-boos-tygrys-tundra-90227;104.49;154.99;109.99;ME1509-240926
2026-09-19 17:28:39;Media Expert;Pamiętnik LEXIBOOK Stitch Angel SD50D1;LEXIBOOK;Zabawki elektroniczne;-;https://www.mediaexpert.pl/zabawki/zabawki-kreatywne/zabawki-elektroniczne/pamietnik-lexibook-stitch-angel-sd50d1;117.79;169.99;123.99;ME1509-240926
2026-09-19 17:28:39;Media Expert;Zabawka głośnik mobilny LEXIBOOK Disney Kraina Lodu K102FZ;LEXIBOOK;Zabawki elektroniczne;-;https://www.mediaexpert.pl/zabawki/zabawki-kreatywne/zabawki-elektroniczne/zabawka-glosnik-mobilny-lexibook-disney-kraina-lodu-k102fz;99.99;156.26;106.99;ME1509-240926
2026-09-19 17:28:40;Media Expert;Zabawka zestaw do makijażu CRA-Z-ART My Look Zestaw beauty CRSS24;CRA-Z-ART;Zabawki odgrywanie ról;-;https://www.mediaexpert.pl/zabawki/zabawki-odgrywanie-rol/zabawka-zestaw-do-makijazu-cra-z-art-my-look-zestaw-beauty-crss24;99.99;159.99;104.99;ME1509-240926
2026-09-19 17:28:40;Media Expert;Zabawka zegarek z kamerą LEXIBOOK Naruto DMW071NA;LEXIBOOK;Zabawki elektroniczne;-;https://www.mediaexpert.pl/zabawki/zabawki-kreatywne/zabawki-elektroniczne/zabawka-zegarek-z-kamera-lexibook-naruto-dmw071na;146.99;214.99;154.99;ME1509-240926
2026-09-19 17:28:40;Media Expert;Zabawka smartwatch KIDS EUROSWAN Hello Kitty HK50264;KIDS EUROSWAN;Zabawki elektroniczne;-;https://www.mediaexpert.pl/zabawki/zabawki-kreatywne/zabawki-elektroniczne/zabawka-smartwatch-kids-euroswan-hello-kitty-hk50264;154.99;229.99;164.99;ME1509-240926
2026-09-19 17:28:40;Media Expert;Zestaw do piasku COLOR BABY Disney Pixar Toy Story 77901;COLOR BABY;Zabawki do piaskownicy;-;https://www.mediaexpert.pl/zabawki/zabawki-zrecznosciowe-i-plenerowe/zabawki-do-piaskownicy/zestaw-do-piasku-color-baby-disney-pixar-toy-story-77901;129.99;209.99;139.49;ME1509-240926
2026-09-19 17:28:41;Media Expert;Lalka ASI Sabrina 517380;ASI;Lalki i akcesoria;-;https://www.mediaexpert.pl/zabawki/lalki-i-figurki/lalki-i-akcesoria/lalka-asi-sabrina-517380;189.99;285.77;204.99;ME1509-240926
2026-09-19 17:28:41;Media Expert;Maskotka TY Beanie Babies Peppa Malac George 96280;TY;Pluszaki;-;https://www.mediaexpert.pl/zabawki/zabawki-dla-najmlodszych/pluszaki/maskotka-ty-beanie-babies-peppa-malac-george-96280;339.99;499.99;354.99;ME1509-240926
2026-09-19 17:28:41;Media Expert;Zestaw figurek COBI Terror Fried Mega Kubełek CHA-08095;COBI;Figurki dla dzieci;-;https://www.mediaexpert.pl/zabawki/lalki-i-figurki/figurki-dla-dzieci/zestaw-figurek-cobi-terror-fried-mega-kubelek-cha-08095;74.99;118.77;113.05;ME1709-101026
2026-09-19 17:28:41;Media Expert;Laktator KINDERKRAFT Gentleflow Różowy;KINDERKRAFT;Laktatory;-;https://www.mediaexpert.pl/agd-male/dla-dziecka/laktatory/laktator-kinderkraft-gentleflow-rozowy;280.99;349.99;330.96;ME1109-220926
2026-09-19 17:28:42;Media Expert;Łóżeczko turystyczne KINDERKRAFT Joy 2 Happy Shapes;KINDERKRAFT;Łóżeczka dziecięce;-;https://www.mediaexpert.pl/agd-male/dla-dziecka/lozeczka-dzieciece/lozeczko-turystyczne-kinderkraft-joy-2-happy-shapes;239.99;249.99;249.99;ME1109-220926
