2026-09-19 17:27:04;Media Expert;Głośnik mobilny BOSE SoundLink Home Drewno;BOSE;Głośniki Bluetooth;-;https://www.mediaexpert.pl/telewizory-i-rtv/hi-fi-audio/glosniki-mobilne/glosnik-mobilny-bose-soundlink-home-drewno;789.00;1299.99;789.93;WRZESIEN1809
2026-09-19 17:27:04;Media Expert;Router ACER Ovia T360 2.4 / 5 GHz (DualBand), Wi-Fi Mesh (2 szt.);ACER;Routery;-;https://www.mediaexpert.pl/komputery-i-tablety/urzadzenia-sieciowe/routery/router-acer-ovia-t360-2-4-5-ghz-dualband-wi-fi-mesh-2-szt;549.00;649.99;649.99;WRZESIEN1809
2026-09-19 17:27:04;Media Expert;Ładowarka sieciowa UGREEN Nexode Air 65W Szary ładowarka do telefonu USB-C;UGREEN;Ładowarki do telefonu;-;https://www.mediaexpert.pl/smartfony-i-zegarki/akcesoria-do-telefonow/ladowarki-sieciowe/ladowarka-sieciowa-ugreen-nexode-air-65w-szary;74.99;139.99;78.00;WRZESIEN1809
2026-09-19 17:27:05;Media Expert;Pralka TCL Seria P3 FP0934WA1PL 9kg 50.3cm 1400obr;TCL;Pralki;-;https://www.mediaexpert.pl/agd/pralki-i-suszarki/pralki/pralka-tcl-fp0934wa1pl-9kg-1400-obr;1149.00;1899.99;1198.98;WRZESIEN1809
2026-09-19 17:27:05;Media Expert;Zmywarka AMICA DIF62D4EMIMG;AMICA;Zmywarki do zabudowy;-;https://www.mediaexpert.pl/agd-do-zabudowy/zmywarki-do-zabudowy/zmywarka-amica-dif62d4emimg;1299.00;1499.99;1389.00;WRZESIEN1809
2026-09-19 17:27:05;Media Expert;Mikser z misą MPM MMR-26Z/C Czarny;MPM;Miksery ręczne;-;https://www.mediaexpert.pl/agd-male/do-kuchni/miksery-reczne/mikser-z-misa-mpm-mmr-26z-c-czarny;199.99;249.99;249.99;WRZESIEN1809
2026-09-19 17:27:05;Media Expert;Zapięcie rowerowe TRELOCK SK 415 8005366 Linka Czarny;TRELOCK;Zabezpieczenie roweru;-;https://www.mediaexpert.pl/rowery/akcesoria-do-rowerow/zamki-i-zapiecia/zapiecie-rowerowe-trelock-sk-415-8005366-linka-czarny;94.99;197.91;110.00;WRZESIEN1809
2026-09-19 17:27:06;Media Expert;Słuchawki dokanałowe CANYON TWS-5 Niebieski;CANYON;Słuchawki;-;https://www.mediaexpert.pl/telewizory-i-rtv/sluchawki/wszystkie-sluchawki/sluchawki-dokanalowe-canyon-tws-5-niebieski;69.99;69.99;0.00;
2026-09-19 17:27:06;Media Expert;Zgrzewarka próżniowa CHEFONE FW-1015;CHEF ONE;Zgrzewarki próżniowe;-;https://www.mediaexpert.pl/agd-male/do-kuchni/zgrzewarki-prozniowe/zgrzewarka-prozniowa-chefone-fw-1015;169.99;169.99;0.00;
2026-09-19 17:27:06;Media Expert;"Telewizor SAMSUNG UE55U8092F 55"" LED 4K Tizen";SAMSUNG;Telewizory;-;https://www.mediaexpert.pl/telewizory-i-rtv/telewizory/telewizor-samsung-ue55u8092f-55-led-4k-tizen;1999.00;2199.00;2199.00;ME0509-300926
2026-09-19 17:27:06;Media Expert;"Telewizor TCL 43S5K 43"" QLED Android TV";TCL;Telewizory;-;https://www.mediaexpert.pl/telewizory-i-rtv/telewizory/telewizor-tcl-43s5k-43-qled-android-tv;1199.00;1199.00;0.00;
2026-09-19 17:27:07;Media Expert;Soundbar AIWA HE-950BT Czarny 2.0-kanałowy, HDMI ARC, BT;AIWA;Soundbary;-;https://www.mediaexpert.pl/telewizory-i-rtv/kina-domowe/soundbary/soundbar-aiwa-he-950bt-czarny-2-0-kanalowy-hdmi-arc-bt;448.99;448.99;0.00;
2026-09-19 17:27:07;Media Expert;Wieża THOMSON MIC401BT Biały;THOMSON;Wieże;-;https://www.mediaexpert.pl/telewizory-i-rtv/hi-fi-audio/wieze-male/wieza-thomson-mic401bt-bialy;468.99;519.00;469.00;ME1509-270926
2026-09-19 17:27:07;Media Expert;Subwoofer MAGNAT Omega CS 12 Czarny (1 szt.);MAGNAT;Subwoofery;-;https://www.mediaexpert.pl/telewizory-i-rtv/kina-domowe/subwoofery/subwoofer-magnat-omega-cs-12-czarny-1-szt;4089.99;4549.00;4094.98;ME0709-300926
2026-09-19 17:27:07;Media Expert;Słuchawki nauszne JBL Live 780NC ANC Szampański;JBL;Słuchawki;-;https://www.mediaexpert.pl/telewizory-i-rtv/sluchawki/wszystkie-sluchawki/sluchawki-nauszne-jbl-live-780nc-anc-szampanski;499.00;669.99;599.00;BTU1009-2409
2026-09-19 17:27:07;Media Expert;Słuchawki douszne OTL Slide Super Mario Czerwony;OTL;Słuchawki;-;https://www.mediaexpert.pl/telewizory-i-rtv/sluchawki/wszystkie-sluchawki/sluchawki-douszne-otl-slide-super-mario-czerwony;109.00;113.52;113.52;ME0609-300926
2026-09-19 17:27:08;Media Expert;Słuchawki dokanałowe OTL Super Mario Czerwony;OTL;Słuchawki;-;https://www.mediaexpert.pl/telewizory-i-rtv/sluchawki/wszystkie-sluchawki/sluchawki-dokanalowe-otl-super-mario-czerwony;104.00;104.00;0.00;
2026-09-19 17:27:08;Media Expert;Głośnik mobilny JBL Boombox 4 Czarny;JBL;Głośniki Bluetooth;-;https://www.mediaexpert.pl/telewizory-i-rtv/hi-fi-audio/glosniki-mobilne/glosnik-mobilny-jbl-boombox-4-czarny;1699.00;2199.99;1799.00;BTU1009-2409
2026-09-19 17:27:08;Media Expert;Radio TECHNISAT DIGITRADIO CD 2GO BT Cyfrowe Przenośne Czarny;TECHNISAT;Radia;-;https://www.mediaexpert.pl/telewizory-i-rtv/drobny-sprzet-rtv/radia/radio-technisat-digitradio-cd-2go-bt-cyfrowe-przenosne-czarny;289.99;299.00;299.00;ME0709-300926
2026-09-19 17:27:08;Media Expert;Radio KENWOOD CR-M25DAB-B Cyfrowe Przenośne Czarny;KENWOOD;Radia;-;https://www.mediaexpert.pl/telewizory-i-rtv/drobny-sprzet-rtv/radia/radio-kenwood-cr-m25dab-b-cyfrowe-przenosne-czarny;229.99;259.00;234.99;ME0709-300926
2026-09-19 17:27:09;Media Expert;Radio SENCOR SRD 7200 W Przenośne Biały;SENCOR;Radia;-;https://www.mediaexpert.pl/telewizory-i-rtv/drobny-sprzet-rtv/radia/radio-sencor-srd-7200-biale-dab-rds-bt-5-0;139.99;159.00;159.00;ME0709-300926
2026-09-19 17:27:09;Media Expert;Gramofon LENCO LBT-188WA Orzech, Manualny, Napęd bezpośredni, Bluetooth, USB, Prędkość odtw. 33 1/3,45 obr./min;LENCO;Gramofony;-;https://www.mediaexpert.pl/telewizory-i-rtv/hi-fi-audio/gramofony/gramofon-lenco-lbt-188-wa;884.99;904.99;904.99;ME0709-300926
2026-09-19 17:27:09;Media Expert;Gramofon AUDIO-TECHNICA AT-LP120XBT Bluetooth USB Biały;AUDIO-TECHNICA;Gramofony;-;https://www.mediaexpert.pl/telewizory-i-rtv/hi-fi-audio/gramofony/gramofon-audio-technica-at-lp120xbt-bluetooth-usb-bialy;1449.00;1699.00;1449.00;ME0909-311026
2026-09-19 17:27:09;Media Expert;Subwoofer ALPINE SBE-1044BR;ALPINE;Subwoofery samochodowe;-;https://www.mediaexpert.pl/telewizory-i-rtv/car-audio/glosniki-niskotonowe/skrzynia-basowa-alpine-sbe-1044br-500w;489.99;549.00;494.98;ME0709-300926
2026-09-19 17:27:10;Media Expert;Kabel HDMI - HDMI NEDIS 5 m;NEDIS;Kable audio-video;-;https://www.mediaexpert.pl/telewizory-i-rtv/kable-telewizyjne-i-audio/przewody-audio-video/kabel-hdmi-hdmi-nedis-5-m-1;199.99;219.00;219.00;ME0109-300926
2026-09-19 17:27:10;Media Expert;Głośnik mobilny XMUSIC BTS850B  Bluetooth 5.0, 30W, IPX6, Przenośny z TWS, Powerbank & Radio FM , Niebieski;XMUSIC;Głośniki Bluetooth;-;https://www.mediaexpert.pl/telewizory-i-rtv/hi-fi-audio/glosniki-mobilne/glosnik-mobilny-xmusic-bts850b-niebieski;229.97;269.99;229.98;RW0109-3009
2026-09-19 17:27:10;Media Expert;"Laptop DELL 15 DC15250 15.6"" IPS i5-1334U 16GB RAM 512GB SSD Windows 11 Home";DELL;Laptopy;-;https://www.mediaexpert.pl/komputery-i-tablety/laptopy-i-ultrabooki/laptopy/laptop-dell-15-dc15250-15-6-ips-i5-1334u-16gb-ram-512gb-ssd-windows-11-home;2299.00;2499.00;2499.00;PNU0409-1510
2026-09-19 17:27:10;Media Expert;"Tablet APPLE iPad mini 8.3"" 7 gen. 512 GB Wi-Fi Gwiezdna szarość";APPLE;Tablety;-;https://www.mediaexpert.pl/komputery-i-tablety/tablety-i-e-booki/tablety/tablet-apple-ipad-mini-2024-mygy3hc-a-a17pro-512gb-8-3-wifi-sgray;3919.99;3999.00;3999.00;ME0709-300926
2026-09-19 17:27:11;Media Expert;Tablet graficzny WACOM MovinkPad 11;WACOM;Tablety graficzne;-;https://www.mediaexpert.pl/komputery-i-tablety/akcesoria-komputerowe/tablety-graficzne/tablet-graficzny-wacom-movinkpad-11;1898.99;2299.00;1899.00;ME1509-270926
2026-09-19 17:27:11;Media Expert;Tablet graficzny HUION Inspiroy RTM-500 Czarny;HUION;Tablety graficzne;-;https://www.mediaexpert.pl/komputery-i-tablety/akcesoria-komputerowe/tablety-graficzne/tablet-graficzny-huion-inspiroy-rtm-500-czarny;229.00;269.00;239.00;ME1509-270926
2026-09-19 17:27:11;Media Expert;Tablet graficzny WACOM Movink 13 Pen Touch;WACOM;Tablety graficzne;-;https://www.mediaexpert.pl/komputery-i-tablety/akcesoria-komputerowe/tablety-graficzne/tablet-graficzny-wacom-movink-13-pen-touch;2719.00;2719.00;0.00;
2026-09-19 17:27:11;Media Expert;"Monitor IIYAMA G-Master GB2771HSU-B1 27"" 1920x1080px IPS 240Hz 0.4 ms [MPRT]";IIYAMA;Monitory;-;https://www.mediaexpert.pl/komputery-i-tablety/monitory-led/monitor-iiyama-g-master-gb2771hsu-b1-27-1920x1080px-ips-240hz-0-4-ms-mprt;579.00;629.00;629.00;ME0809-200926
2026-09-19 17:27:11;Media Expert;"Monitor IIYAMA ProLite XUB2792UHSU-B6 27"" 3840x2160px IPS 4 ms [GTG]";IIYAMA;Monitory;-;https://www.mediaexpert.pl/komputery-i-tablety/monitory-led/monitor-iiyama-prolite-xub2792uhsu-b6-27-3840x2160px-ips-4-ms-gtg;1159.00;1269.00;1269.00;ME0809-200926
2026-09-19 17:27:12;Media Expert;Drukarka XEROX C230V DNI Druk w kolorze, Automatyczny druk dwustronny, Wi-Fi;XEROX;Drukarki laserowe;-;https://www.mediaexpert.pl/komputery-i-tablety/drukarki-i-urzadzenia-biurowe/drukarki-laserowe/drukarka-xerox-c230v-dni-druk-w-kolorze-automatyczny-druk-dwustronny-wi-fi;797.00;879.99;879.99;WRZESIEN1809
2026-09-19 17:27:12;Media Expert;Klawiatura KEYCHRON B3 Pro Szary;KEYCHRON;Klawiatury;-;https://www.mediaexpert.pl/komputery-i-tablety/klawiatury-komputerowe/klawiatury/klawiatura-keychron-b3-pro-szary;99.99;139.00;139.00;ME1109-300926
2026-09-19 17:27:12;Media Expert;Mysz LOGITECH M350s Grafitowy;LOGITECH;Myszki;-;https://www.mediaexpert.pl/komputery-i-tablety/myszy-komputerowe/myszki-uniwersalne/mysz-logitech-m350s-grafitowy;69.98;88.99;69.99;ME1509-270926
2026-09-19 17:27:12;Media Expert;Mysz TRUST Seron Niebieski;TRUST;Myszki;-;https://www.mediaexpert.pl/komputery-i-tablety/myszy-komputerowe/myszki-uniwersalne/mysz-trust-seron-niebieski;49.99;69.99;69.99;ME1109-300926
2026-09-19 17:27:13;Media Expert;Mysz PORT CONNECT Pure Mac Lawendowy;PORT CONNECT;Myszki;-;https://www.mediaexpert.pl/komputery-i-tablety/myszy-komputerowe/myszki-uniwersalne/mysz-port-connect-pure-mac-lawendowy;69.99;99.99;99.99;ME1109-300926
2026-09-19 17:27:13;Media Expert;Etui BOBOVR C3 do gogli VR;BOBOVR;Etui i futerały do gogli VR;-;https://www.mediaexpert.pl/gaming/etui-i-futeraly-do-gogli-vr/etui-bobovr-c3-do-meta-quest-3;224.99;249.00;234.97;ME1109-031026
2026-09-19 17:27:13;Media Expert;Głośniki SVEN MS-2055 2.1, Komunikacja bezprzewodowa;SVEN;Głośniki komputerowe;-;https://www.mediaexpert.pl/komputery-i-tablety/sluchawki-i-glosniki-komputerowe/glosniki-komputerowe/glosniki-sven-ms-2055-2-1-komunikacja-bezprzewodowa;329.00;379.00;379.00;ME1009-300926
2026-09-19 17:27:13;Media Expert;Płyta główna GIGABYTE B850 Gaming X WiFi6E;GIGABYTE;Płyty główne;-;https://www.mediaexpert.pl/komputery-i-tablety/podzespoly-komputerowe/plyty-glowne/plyta-glowna-gigabyte-b850-gaming-x-wifi6e;789.99;809.00;796.99;ME0709-300926
2026-09-19 17:27:14;Media Expert;Płyta główna MSI MPG B650i Edge Wi-Fi;MSI;Płyty główne;-;https://www.mediaexpert.pl/komputery-i-tablety/podzespoly-komputerowe/plyty-glowne/plyta-glowna-msi-mpg-b650i-edge-wi-fi;1019.00;1019.00;0.00;ML2508-011026
2026-09-19 17:27:14;Media Expert;Płyta główna MSI Pro B840M-P WiFi 6E;MSI;Płyty główne;-;https://www.mediaexpert.pl/komputery-i-tablety/podzespoly-komputerowe/plyty-glowne/plyta-glowna-msi-pro-b840m-p-wifi-6e;554.99;603.00;603.00;ME0609-300926
2026-09-19 17:27:14;Media Expert;Płyta główna GIGABYTE Z890 Eagle;GIGABYTE;Płyty główne;-;https://www.mediaexpert.pl/komputery-i-tablety/podzespoly-komputerowe/plyty-glowne/plyta-glowna-gigabyte-z890-eagle;939.00;939.00;0.00;
2026-09-19 17:27:14;Media Expert;Kabel DisplayPort - DisplayPort SAVIO CL-176 3 m Czarny;SAVIO;Kable DisplayPort;-;https://www.mediaexpert.pl/komputery-i-tablety/kable-do-komputera/kable-displayport/kabel-displayport-displayport-savio-cl-176-3-m-czarny;64.99;69.99;69.99;ME0609-300926
2026-09-19 17:27:15;Media Expert;Podkładka STEELSERIES QcK Performance Balance L;STEELSERIES;Podkładki pod myszkę;-;https://www.mediaexpert.pl/komputery-i-tablety/myszy-komputerowe/podkladki/podkladka-steelseries-qck-performance-balance-l;164.99;179.00;179.00;ME0609-300926
2026-09-19 17:27:15;Media Expert;"Smartfon GOOGLE Pixel 10a 5G 8/128GB 6.3"" 120Hz Obsydian";GOOGLE;Smartfony;-;https://www.mediaexpert.pl/smartfony-i-zegarki/smartfony/smartfon-google-pixel-10a-5g-8-128gb-6-3-120hz-obsydian;1749.00;1879.99;1799.00;PNU0409-0110
2026-09-19 17:27:15;Media Expert;"Smartfon SAMSUNG Galaxy S25 Ultra 5G 12/512GB 6.9"" 120Hz Tytanowy Czarny Plus SM-S938";SAMSUNG;Smartfony;-;https://www.mediaexpert.pl/smartfony-i-zegarki/smartfony/smartfon-samsung-galaxy-s25-ultra-5g-12-512gb-6-9-120hz-tytanowy-czarny-plus-sm-s938;4649.00;5699.99;4689.00;WRZESIEN1809
2026-09-19 17:27:15;Media Expert;"Smartfon OUKITEL WP300 5G 12/512GB 6.8"" 120Hz Czerwony WP300-RD OL";OUKITEL;Smartfony;-;https://www.mediaexpert.pl/smartfony-i-zegarki/smartfony/smartfon-oukitel-wp300-5g-12-512gb-6-8-120hz-czerwony-wp300-rd-ol;1579.00;1899.00;1899.00;ME1709-220926
2026-09-19 17:27:15;Media Expert;"Smartfon ULEFONE RugKing 8/128GB 5.99"" Czarny";ULEFONE;Smartfony;-;https://www.mediaexpert.pl/smartfony-i-zegarki/smartfony/smartfon-ulefone-rugking-8-128gb-5-99-czarny;779.00;899.00;899.00;ME1709-220926
2026-09-19 17:27:16;Media Expert;Telefon MYPHONE Tango 2 LTE Czarno-srebrny;MYPHONE;Smartfony;-;https://www.mediaexpert.pl/smartfony-i-zegarki/smartfony/telefon-myphone-tango-2-lte-czarno-srebrny;279.00;289.00;289.00;ME1709-220926
2026-09-19 17:27:16;Media Expert;Smartband MAXCOM FW70 Vibe Srebrny;MAXCOM;Smartbandy;-;https://www.mediaexpert.pl/smartfony-i-zegarki/smartwatche-i-zegarki/smartbandy/smartband-maxcom-fw70-vibe-srebrny;99.00;149.00;134.99;ME2108-300926
2026-09-19 17:27:16;Media Expert;Gimbal DJI Osmo Mobile 8P Standard Combo Czarny;DJI;Gimbale;-;https://www.mediaexpert.pl/foto-i-kamery/gimbale/gimbal-dji-osmo-mobile-8p-standard-combo-czarny;598.99;629.00;599.00;ME1509-270926
2026-09-19 17:27:16;Media Expert;Smartring MAXCOM mRing MR100 60.6mm Czarny;MAXCOM;Smart Ringi;-;https://www.mediaexpert.pl/smartfony-i-zegarki/smartwatche-i-zegarki/smart-ringi/smartring-maxcom-mring-mr100-60mm-czarny;149.00;229.00;214.99;ME1908-300926
2026-09-19 17:27:17;Media Expert;Klawiatura REDRAGON K708GF-RGB-PRO Flekact PRO ART;REDRAGON;Klawiatury;-;https://www.mediaexpert.pl/komputery-i-tablety/klawiatury-komputerowe/klawiatury/klawiatura-redragon-k708gf-rgb-pro-flekact-pro-art;328.00;379.99;329.00;WRZESIEN1809
2026-09-19 17:27:17;Media Expert;Klawiatura LENOVO Legion K310 RGB + Mysz Legion M300s RGB;LENOVO;Klawiatury;-;https://www.mediaexpert.pl/komputery-i-tablety/klawiatury-komputerowe/klawiatury/klawiatura-lenovo-legion-k310-rgb-mysz-legion-m300s-rgb;198.99;249.00;199.00;ME2808-300926
2026-09-19 17:27:17;Media Expert;Klawiatura RAZER Huntsman V3 Pro Tenkeyless Biały;RAZER;Klawiatury;-;https://www.mediaexpert.pl/komputery-i-tablety/klawiatury-komputerowe/klawiatury/klawiatura-razer-huntsman-v3-pro-tenkeyless;729.00;729.00;0.00;
2026-09-19 17:27:17;Media Expert;Mysz REDRAGON K1NG Pro Max 1K M918-AKG-PRO;REDRAGON;Myszki;-;https://www.mediaexpert.pl/komputery-i-tablety/myszy-komputerowe/myszki-uniwersalne/mysz-redragon-k1ng-pro-max-1k-m918-akg-pro;149.99;149.99;0.00;
2026-09-19 17:27:18;Media Expert;Słuchawki TRACER Gamezone GZ X1 Nauszne;TRACER;Słuchawki z mikrofonem;-;https://www.mediaexpert.pl/komputery-i-tablety/sluchawki-i-glosniki-komputerowe/sluchawki-z-mikrofonem/sluchawki-tracer-gamezone-gz-x1-nauszne;54.99;59.99;59.99;ME0609-300926
2026-09-19 17:27:18;Media Expert;Konsola przenośna VALVE Steam Deck Oled 512 GB;VALVE;Konsole przenośne;-;https://www.mediaexpert.pl/gaming/konsole-przenosne/konsola-przenosna-valve-steam-deck-oled-512-gb;3899.00;4199.00;4159.00;ME0609-300926
2026-09-19 17:27:18;Media Expert;Etui POWERA do gogli i kontrolerów PlayStation VR2;POWERA;Etui i futerały do gogli VR;-;https://www.mediaexpert.pl/gaming/etui-i-futeraly-do-gogli-vr/etui-powera-do-sluchawek-i-kontrolerow-playstation-vr2;249.99;292.00;292.00;ME0609-300926
2026-09-19 17:27:18;Media Expert;Aparat dla dzieci YASHICA DZ-100 Hello Kitty Biały;YASHICA;Aparaty cyfrowe;-;https://www.mediaexpert.pl/foto-i-kamery/aparaty-fotograficzne/aparat-cyfrowy/aparat-dla-dzieci-yashica-dz-100-hello-kitty-bialy;494.98;549.00;494.99;ME0809-300926
2026-09-19 17:27:18;Media Expert;Aparat natychmiastowy AGFAPHOTO Realikids Instant Cam Niebieski;AGFAPHOTO;Aparaty natychmiastowe;-;https://www.mediaexpert.pl/foto-i-kamery/aparaty-fotograficzne/aparaty-natychmiastowe/agfa-kamera-aparat-cyfrowy-druk-zdjec-dla-dzieci-niebieski-realikids-instant-cam;354.99;399.99;359.98;ME1609-031026
2026-09-19 17:27:19;Media Expert;Kamera sportowa SJCAM Aparat dla dzieci FUNCAM PLUS 12MP Beżowy;SJCAM;Kamery sportowe;-;https://www.mediaexpert.pl/foto-i-kamery/kamery/kamery-sportowe/sjcam-funcam-plus-buff;174.99;199.00;179.00;ME1609-031026
2026-09-19 17:27:19;Media Expert;Dron BETAFPV Aquila20 FPV Kit;BETAFPV;Drony;-;https://www.mediaexpert.pl/foto-i-kamery/drony-i-akcesoria/drony/dron-betafpv-aquila20-fpv-kit;1079.00;1249.00;1099.00;ME1509-270926
2026-09-19 17:27:19;Media Expert;Dron POTENSIC Atom SE Fly More Combo;POTENSIC;Drony;-;https://www.mediaexpert.pl/foto-i-kamery/drony-i-akcesoria/drony/dron-potensic-atom-se-fly-more-combo;1499.00;1499.00;0.00;
2026-09-19 17:27:19;Media Expert;Lodówka HISENSE Pure Flex RB5P410SAFC No frost do obudowy 203cm Czarna;HISENSE;Lodówki;-;https://www.mediaexpert.pl/agd/lodowki-i-zamrazarki/lodowki/lodowka-hisense-rb5p410safc-no-frost-203cm-czarna;2998.96;3299.99;2998.97;RW0109-3009
2026-09-19 17:27:20;Media Expert;Lodówka INDESIT INK25322S4E No frost 183.5cm Srebrna;INDESIT;Lodówki;-;https://www.mediaexpert.pl/agd/lodowki-i-zamrazarki/lodowki/lodowka-indesit-ink2-5322s-4e-no-frost-183-5cm-srebrna;1390.00;1469.00;1399.00;ME1709-031026
2026-09-19 17:27:20;Media Expert;Lodówka INDESIT INKS1361S4E 185.2cm Srebrna;INDESIT;Lodówki;-;https://www.mediaexpert.pl/agd/lodowki-i-zamrazarki/lodowki/lodowka-indesit-inks1361s4e-185-2cm-srebrna;1314.99;1359.38;1359.38;ME1909-031026
2026-09-19 17:27:20;Media Expert;Lodówka TCL Seria C '24 RC340BXC0EU No frost 185cm Stal nierdzewna;TCL;Lodówki;-;https://www.mediaexpert.pl/agd/lodowki-i-zamrazarki/lodowki/lodowka-tcl-rc340bxc0eu-no-frost-185cm-stal-nierdzewna;1999.94;2499.00;1999.95;ME0209-300926
2026-09-19 17:27:20;Media Expert;Lodówka AMICA FK3706D.2DFWiC (C) No frost 200cm Biały inox;AMICA;Lodówki;-;https://www.mediaexpert.pl/agd/lodowki-i-zamrazarki/lodowki/lodowka-amica-fk3706d-2dfwic-c-no-frost-200cm-bialy-inox;2599.00;2799.00;2799.00;ME1109-031026
2026-09-19 17:27:21;Media Expert;Lodówka CANDY Fresco CNCQ2T518EG No frost  Zielona;CANDY;Lodówki;-;https://www.mediaexpert.pl/agd/lodowki-i-zamrazarki/lodowki/lodowka-candy-fresco-300-cncq2t518eg-no-frost-182-5cm-zielona;1799.00;1999.00;1999.00;ME1509-031026
2026-09-19 17:27:21;Media Expert;Lodówka SAMSUNG Grand+ RB34C671DSA EF No frost AI Energy Mode 185.3cm Metaliczny grafit;SAMSUNG;Lodówki;-;https://www.mediaexpert.pl/agd/lodowki-i-zamrazarki/lodowki/lodowka-samsung-rb34c671dsa-ef-no-frost-185-3cm-metaliczny-grafit;2099.00;2099.00;0.00;
2026-09-19 17:27:21;Media Expert;Lodówka CANDY CNDQ2S514EX 143cm Inox;CANDY;Lodówki;-;https://www.mediaexpert.pl/agd/lodowki-i-zamrazarki/lodowki/lodowka-candy-cndq2s514ex-143cm-inox;949.00;1199.99;999.00;ME0709-300926
2026-09-19 17:27:21;Media Expert;Lodówka BEKO bPro700 GN1426240ZDXBRN No frost Side by side 182cm Ciemna inox;BEKO;Lodówki;-;https://www.mediaexpert.pl/agd/lodowki-i-zamrazarki/lodowki/lodowka-beko-gn1426240zdxbrn-side-by-side-no-frost-182cm-ciemna-inox-kostkarka-lodu-dystrybutor-wody;4999.99;6099.99;5489.98;ME1609-031026
2026-09-19 17:27:22;Media Expert;Lodówka MPM 503-SSI-12 D No frost  Side by side 190.2cm Ciemna stal nierdzewna;MPM;Lodówki;-;https://www.mediaexpert.pl/agd/lodowki-i-zamrazarki/lodowki/lodowka-mpm-503-ssi-12-d-side-by-side-no-frost-190-2cm-ciemna-stal-nierdzewna;4174.99;4399.00;4179.98;ME0709-300926
2026-09-19 17:27:22;Media Expert;Lodówka MPM 46-CJ-01 E 51cm Biała;MPM;Lodówki;-;https://www.mediaexpert.pl/agd/lodowki-i-zamrazarki/lodowki/lodowka-mpm-46-cj-01-e-51cm-biala;440.00;499.00;448.99;ME1109-031026
2026-09-19 17:27:22;Media Expert;Lodówka BEKO PROFESSIONAL ADN 480S BP 202.5cm Inox;BEKO PROFESSIONAL;Lodówki przemysłowe;-;https://www.mediaexpert.pl/agd/agd-przemyslowe/lodowki-przemyslowe/lodowka-beko-professional-adn-480s-bp-202-5cm-inox;3239.99;3599.00;3414.98;ME0709-300926
2026-09-19 17:27:22;Media Expert;Pralka AMICA WA0S610DO 6kg Slim 40cm 1000obr;AMICA;Pralki;-;https://www.mediaexpert.pl/agd/pralki-i-suszarki/pralki/pralka-amica-wa0s610do-6kg-1000-obr;891.99;1099.00;892.00;ME0909-300926
2026-09-19 17:27:22;Media Expert;Pralka BEKO b300 BM3WFU37215WAR 7kg Slim 46.8cm 1200obr;BEKO;Pralki;-;https://www.mediaexpert.pl/agd/pralki-i-suszarki/pralki/pralka-beko-bm3wfu37215war-7kg-1200-obr;1299.00;1799.99;1349.99;WRZESIEN1809
2026-09-19 17:27:23;Media Expert;Pralka CANDY ProWash 500 BR 410BL8-S 10kg 51.8cm 1400obr AI Silent Motion Sterowanie smartfonem;CANDY;Pralki;-;https://www.mediaexpert.pl/agd/pralki-i-suszarki/pralki/pralka-candy-prowash-500-br-410bl8-s-10kg-1400-obr;1448.00;1599.00;1448.99;ME0709-300926
2026-09-19 17:27:23;Media Expert;Pralka INDESIT MTWE71252WKPL 7kg 54cm 1200obr;INDESIT;Pralki;-;https://www.mediaexpert.pl/agd/pralki-i-suszarki/pralki/pralka-indesit-mtwe71252wkpl-a-1200rpm-7kg-56db-a;1141.00;1339.00;1141.99;ME0709-300926
2026-09-19 17:27:23;Media Expert;Pralka INDESIT IMA630PL 6kg Slim 48kg 1000obr;INDESIT;Pralki;-;https://www.mediaexpert.pl/agd/pralki-i-suszarki/pralki/pralka-indesit-ima630pl-6kg-slim-48kg-1000obr;894.99;999.00;999.00;ME1709-031026
2026-09-19 17:27:23;Media Expert;Pralka SAMSUNG Seria 3000 WW80FG3M05AWEO 8kg Slim 48cm 1400obr;SAMSUNG;Pralki;-;https://www.mediaexpert.pl/agd/pralki-i-suszarki/pralki/pralka-samsung-ww80fg3m05aweo-slim-8kg-1400-obr;1699.00;1699.00;0.00;
2026-09-19 17:27:24;Media Expert;Pralka HAIER THASN276TMR5-S T 7kg 60cm 1200obr AI KG Load Sterowanie smartfonem;HAIER;Pralki;-;https://www.mediaexpert.pl/agd/pralki-i-suszarki/pralki/pralka-haier-ai-thasn276tmr5-s-7kg-1200obr;1764.99;1849.99;1849.99;ME0109-300926
2026-09-19 17:27:24;Media Expert;Pralka ELECTROLUX 600 SensiCare EW6TN4272P 7kg 60cm 1200obr;ELECTROLUX;Pralki;-;https://www.mediaexpert.pl/agd/pralki-i-suszarki/pralki/pralka-electrolux-ew6tn4272p-7kg-1200rpm;1748.97;1849.00;1748.98;ME1509-071026
2026-09-19 17:27:24;Media Expert;Suszarka BEKO b300 XBM3T47249M Slim 47 cm;BEKO;Suszarki;-;https://www.mediaexpert.pl/agd/pralki-i-suszarki/suszarki/suszarka-beko-xbm3t47249m-z-pompa-ciepla-7-kg;2494.00;3099.00;2495.00;ME0709-300926
2026-09-19 17:27:24;Media Expert;Suszarka MIELE TWH780WP 64.3 cm  Sterowanie smartfonem;MIELE;Suszarki;-;https://www.mediaexpert.pl/agd/pralki-i-suszarki/suszarki/suszarka-miele-twh780wp-ecospeed-z-pompa-ciepla;5199.00;5999.99;5399.00;ME0709-300926
2026-09-19 17:27:25;Media Expert;Suszarka SHARP KD-NHL8S9GWC-PL 53.4 cm;SHARP;Suszarki;-;https://www.mediaexpert.pl/agd/pralki-i-suszarki/suszarki/suszarka-sharp-kd-nhl8s9gwc-pl-z-pompa-ciepla;1948.99;2499.00;1949.00;ME0709-300926
2026-09-19 17:27:25;Media Expert;Pralko-suszarka HAIER X7 HWD80BPD14MEPTU1 Slim 48.5 cm Funkcje AI Sterowanie smartfonem;HAIER;Pralko-suszarki;-;https://www.mediaexpert.pl/agd/pralki-i-suszarki/pralko-suszarki/pralko-suszarka-haier-ai-x7-hwd80-bpd14meptu1;2599.00;2979.00;2697.99;ME0709-300926
2026-09-19 17:27:25;Media Expert;Pralko-suszarka BOSCH Serie 6 WNG254A9BY  59 cm;BOSCH;Pralko-suszarki;-;https://www.mediaexpert.pl/agd/pralki-i-suszarki/pralko-suszarki/pralko-suszarka-bosch-wng254a9by;3989.99;4198.99;4198.99;ME0209-300926
2026-09-19 17:27:25;Media Expert;Zmywarka WHIRLPOOL WSFO3O34PFX PowerClean Pro Autootwieranie drzwi 45cm Inox;WHIRLPOOL;Zmywarki;-;https://www.mediaexpert.pl/agd/zmywarki-i-akcesoria/zmywarki/zmywarka-whirlpool-wsfo-3o34-pfx;1379.99;1539.00;1399.00;ME1709-091026
2026-09-19 17:27:26;Media Expert;Zmywarka BEKO b300 BDFN26530X Regulacja koszy, Autootwieranie drzwi HygieneIntense 60cm Srebrny;BEKO;Zmywarki;-;https://www.mediaexpert.pl/agd/zmywarki-i-akcesoria/zmywarki/zmywarka-beko-bdfn26530x;1567.00;1749.00;1577.00;ME0709-190926
2026-09-19 17:27:26;Media Expert;Zmywarka AMICA DFM46C8EOiID SilentDrive 3.0;AMICA;Zmywarki;-;https://www.mediaexpert.pl/agd/zmywarki-i-akcesoria/zmywarki/zmywarka-amica-dfm46c8eoiid;1699.00;1999.00;1769.00;ME0609-300926
2026-09-19 17:27:26;Media Expert;Zmywarka WHIRLPOOL WH6FC11BS7A0W PowerClean Pro Autootwieranie drzwi 45cm Biała;WHIRLPOOL;Zmywarki;-;https://www.mediaexpert.pl/agd/zmywarki-i-akcesoria/zmywarki/zmywarka-whirlpool-wh6fc11bs7a0w;1761.00;1799.99;1771.00;ME0709-190926
2026-09-19 17:27:26;Media Expert;Zmywarka AMICA DFM66C9EOIID SilentDrive 3.0, OpenDry;AMICA;Zmywarki;-;https://www.mediaexpert.pl/agd/zmywarki-i-akcesoria/zmywarki/zmywarka-amica-dfm66c9eoiid;1909.00;1909.00;0.00;
2026-09-19 17:27:27;Media Expert;Kuchnia AMICA 52GET2.33ZPPF(XV);AMICA;Kuchnie;-;https://www.mediaexpert.pl/agd/kuchnie/kuchnie-wolnostojace/kuchnia-amica-52get2-33zppf-xv;899.00;1059.99;1059.99;R0409-300926
2026-09-19 17:27:27;Media Expert;Kuchnia MPM 93-KGM-32 Termoobieg;MPM;Kuchnie;-;https://www.mediaexpert.pl/agd/kuchnie/kuchnie-wolnostojace/kuchnia-mpm-93-kgm-32;2799.00;2899.00;2899.00;ME1409-031026
2026-09-19 17:27:27;Media Expert;Kuchnia RAVANSON KWGE-90AR;RAVANSON;Kuchnie;-;https://www.mediaexpert.pl/agd/kuchnie/kuchnie-wolnostojace/kuchnia-ravanson-kwge-90ar;3299.00;3499.00;3499.00;ME1409-031026
2026-09-19 17:27:27;Media Expert;Kuchenka mikrofalowa HISENSE H23MOBSD1HG 800W średnica 28.5 cm pojemność 23L Pulse Technology Czarny;HISENSE;Mikrofalówki;-;https://www.mediaexpert.pl/agd-male/do-kuchni/kuchnie-mikrofalowe/kuchenka-mikrofalowa-hisense-h23mobsd1hg;349.00;399.00;399.00;ME1509-151026
2026-09-19 17:27:28;Media Expert;Kuchenka mikrofalowa SENCOR SMW 1719BK 700W średnica 25.5 cm pojemność 20L;SENCOR;Mikrofalówki;-;https://www.mediaexpert.pl/agd-male/do-kuchni/kuchnie-mikrofalowe/kuchenka-mikrofalowa-sencor-smw-1719bk-700w-srednica-25-5-cm-pojemnosc-20l;214.00;239.00;219.98;ME1809-031026
2026-09-19 17:27:28;Media Expert;Zamrażarka szufladowa AMICA FZ 218.3AA 165l;AMICA;Zamrażarki;-;https://www.mediaexpert.pl/agd/lodowki-i-zamrazarki/zamrazarki/zamrazarka-amica-fz-218-3aa;1299.95;1429.99;1299.96;RW0109-3009
2026-09-19 17:27:28;Media Expert;Zamrażarka szufladowa CANDY CNUQ2L58EBH 90l;CANDY;Zamrażarki;-;https://www.mediaexpert.pl/agd/lodowki-i-zamrazarki/zamrazarki/zamrazarka-candy-cnuq2l58ebh;844.99;899.00;849.98;ME0709-300926
2026-09-19 17:27:28;Media Expert;Zamrażarka skrzyniowa CANDY CHAE 2002E 196l Szybkie zamrażanie;CANDY;Zamrażarki;-;https://www.mediaexpert.pl/agd/lodowki-i-zamrazarki/zamrazarki/zamrazarka-candy-chae-2002e;1099.00;1299.99;1299.99;ME1109-031026
2026-09-19 17:27:29;Media Expert;Łącznik do pralki i suszarki BEKO PCSKW Biały z wysuwaną półką na pranie;BEKO;Łączniki pralek i suszarek;-;https://www.mediaexpert.pl/agd/pralki-i-suszarki/laczniki-pralek-i-suszarek/lacznik-beko-pcskw;249.98;269.99;249.99;AK1809-1909
2026-09-19 17:27:29;Media Expert;Piekarnik WHIRLPOOL WOI5S8HM1SBA Elektryczny parowy Czarny A+ Technologia 6-ty Zmysł;WHIRLPOOL;Piekarniki do zabudowy;-;https://www.mediaexpert.pl/agd-do-zabudowy/piekarniki-do-zabudowy/piekarnik-whirlpool-woi5s8hm1sba-elektryczny-parowy-czarny-a-technologia-6-ty-zmysl;2198.96;2419.99;2198.97;RW0109-3009
2026-09-19 17:27:29;Media Expert;Piekarnik AMICA EB7541D Fine Elektryczny Inox A;AMICA;Piekarniki do zabudowy;-;https://www.mediaexpert.pl/agd-do-zabudowy/piekarniki-do-zabudowy/piekarnik-amica-eb7541d-fine;996.00;1099.99;996.99;ME1409-031026
2026-09-19 17:27:29;Media Expert;Piekarnik SAMSUNG BESPOKE NQ5B6753CAA Elektryczny z mikrofalą Satynowy beż;SAMSUNG;Piekarniki do zabudowy;-;https://www.mediaexpert.pl/agd-do-zabudowy/piekarniki-do-zabudowy/piekarnik-samsung-nq5b6753caa-elektryczny-z-mikrofala-satynowy-bez;3899.00;3999.00;3999.00;ME1409-031026
2026-09-19 17:27:29;Media Expert;Piekarnik ELECTROLUX AI 800 MealAssist SteamPro EOB9S3XT Elektryczny parowy Czarny matowy A++;ELECTROLUX;Piekarniki do zabudowy;-;https://www.mediaexpert.pl/agd-do-zabudowy/piekarniki-do-zabudowy/piekarnik-electrolux-ai-800-mealassist-steampro-eob9s3xt-elektryczny-parowy-czarny-matowy-a;4998.99;5599.99;4999.00;ME1309-031026
2026-09-19 17:27:30;Media Expert;Piekarnik elektryczny CANDY Idea F IDC B625 L CookLight Termoobieg Biały;CANDY;Piekarniki do zabudowy;-;https://www.mediaexpert.pl/agd-do-zabudowy/piekarniki-do-zabudowy/piekarnik-candy-fidc-b625-l-elektryczny-bialy-a;1199.00;1399.99;1228.99;ME1409-031026
2026-09-19 17:27:30;Media Expert;Piekarnik TEKA NEO HSB 6250 P WH Elektryczny Biały A+;TEKA;Piekarniki do zabudowy;-;https://www.mediaexpert.pl/agd-do-zabudowy/piekarniki-do-zabudowy/piekarnik-teka-neo-hsb-6250-p-wh-elektryczny-bialy-a;1599.00;1799.00;1614.98;ME1409-031026
2026-09-19 17:27:30;Media Expert;Piekarnik ELECTROLUX LOC8H39X 700 Mealassist SteamCrisp Elektryczny parowy Stal szlachetna A+;ELECTROLUX;Piekarniki do zabudowy;-;https://www.mediaexpert.pl/agd-do-zabudowy/piekarniki-do-zabudowy/piekarnik-electrolux-loc8h39x-700-mealassist-steamcrisp-elektryczny-parowy-stal-szlachetna-a;2579.00;2579.00;0.00;
2026-09-19 17:27:30;Media Expert;Płyta indukcyjna BOSCH PVS63RHB1E sterowanie przez aplikacje HomeConnect;BOSCH;Płyty do zabudowy;-;https://www.mediaexpert.pl/agd-do-zabudowy/plyty-do-zabudowy/plyta-indukcyjna-bosch-pvs63rhb1e;1695.00;2299.00;1696.00;ME1409-031026
2026-09-19 17:27:31;Media Expert;Płyta indukcyjna AMICA PIT6542PHTSUNHC 3.0BL MATT HoodConnect Pro Bridge;AMICA;Płyty do zabudowy;-;https://www.mediaexpert.pl/agd-do-zabudowy/plyty-do-zabudowy/plyta-indukcyjna-amica-pit6542phtsunhc-3-0bl-matt-hoodconnect-pro-bridge;1999.00;2199.00;2199.00;ME1109-031026
2026-09-19 17:27:31;Media Expert;Płyta indukcyjna WHIRLPOOL WSQ7360NE 6. Zmysł;WHIRLPOOL;Płyty do zabudowy;-;https://www.mediaexpert.pl/agd-do-zabudowy/plyty-do-zabudowy/plyta-indukcyjna-whirlpool-ws-q7360-ne;999.00;1299.99;1299.99;WRZESIEN1809
2026-09-19 17:27:31;Media Expert;Płyta indukcyjna HAIER HAMTB56IWCS;HAIER;Płyty do zabudowy;-;https://www.mediaexpert.pl/agd-do-zabudowy/plyty-do-zabudowy/plyta-indukcyjna-haier-hamtb56iwcs;2499.00;2799.00;2799.00;ME1409-031026
2026-09-19 17:27:31;Media Expert;Płyta indukcyjna z wbudowanym okapem SAMSUNG CC90H84PADUR Anti-Scratch matt;SAMSUNG;Płyty do zabudowy;-;https://www.mediaexpert.pl/agd-do-zabudowy/plyty-do-zabudowy/plyta-indukcyjna-z-wbudowanym-okapem-samsung-cc90h84padur;7299.00;7499.00;7499.00;ME1409-031026
2026-09-19 17:27:32;Media Expert;Płyta indukcyjna z wbudowanym okapem SAMSUNG CC90H84JADUR Anti-Scratch matt;SAMSUNG;Płyty do zabudowy;-;https://www.mediaexpert.pl/agd-do-zabudowy/plyty-do-zabudowy/plyta-indukcyjna-z-wbudowanym-okapem-samsung-cc90h84jadur;7599.00;7999.00;7999.00;ME1409-031026
2026-09-19 17:27:32;Media Expert;Płyta gazowa SAMSUNG NA64H3030BKO1;SAMSUNG;Płyty do zabudowy;-;https://www.mediaexpert.pl/agd-do-zabudowy/plyty-do-zabudowy/plyta-gazowa-samsung-na64h3030bk01;998.98;1029.00;998.99;ME1409-071026
2026-09-19 17:27:32;Media Expert;Płyta gazowa SOLGAZ Optimex 3+1 LPG;SOLGAZ;Płyty do zabudowy;-;https://www.mediaexpert.pl/agd-do-zabudowy/plyty-do-zabudowy/plyta-gazowa-solgaz-optima-3-1-lpg;2999.00;3099.00;3099.00;ME1409-031026
2026-09-19 17:27:32;Media Expert;Płyta gazowa TEKA GBC 75-G1 GBC BM (E5);TEKA;Płyty do zabudowy;-;https://www.mediaexpert.pl/agd-do-zabudowy/plyty-do-zabudowy/plyta-gazowa-teka-gbc-75-g1-gbc-bm-e5;1998.00;2199.00;1998.99;ME1409-031026
2026-09-19 17:27:32;Media Expert;Zmywarka BOSCH SPV4EMX62E ActiveWater Eco;BOSCH;Zmywarki do zabudowy;-;https://www.mediaexpert.pl/agd-do-zabudowy/zmywarki-do-zabudowy/zmywarka-bosch-spv4emx62e;1964.00;2299.00;1974.00;ME0709-190926
2026-09-19 17:27:33;Media Expert;Zmywarka ELECTROLUX EEA43200L QuickSelect 600 45 cm;ELECTROLUX;Zmywarki do zabudowy;-;https://www.mediaexpert.pl/agd-do-zabudowy/zmywarki-do-zabudowy/zmywarka-electrolux-eea43200l;1579.00;1799.00;1589.00;ME0709-190926
2026-09-19 17:27:33;Media Expert;Zmywarka HISENSE HV673D64;HISENSE;Zmywarki do zabudowy;-;https://www.mediaexpert.pl/agd-do-zabudowy/zmywarki-do-zabudowy/zmywarka-hisense-hv673d64;1739.00;1949.00;1798.98;ME1509-071026
2026-09-19 17:27:33;Media Expert;Zmywarka BOSCH SPI2HKS42E;BOSCH;Zmywarki do zabudowy;-;https://www.mediaexpert.pl/agd-do-zabudowy/zmywarki-do-zabudowy/zmywarka-bosch-spi2hks42e;1649.00;1739.00;1732.99;ME0609-300926
2026-09-19 17:27:33;Media Expert;Zmywarka ELECTROLUX EES47300IX AirDry 300 60 cm;ELECTROLUX;Zmywarki do zabudowy;-;https://www.mediaexpert.pl/agd-do-zabudowy/zmywarki-do-zabudowy/zmywarka-electrolux-ees47300ix-d-8pr-60cm;1939.00;2009.99;1949.00;ME0709-190926
2026-09-19 17:27:34;Media Expert;Zmywarka BOSCH SPV4EKX17E;BOSCH;Zmywarki do zabudowy;-;https://www.mediaexpert.pl/agd-do-zabudowy/zmywarki-do-zabudowy/zmywarka-bosch-spv4ekx17e;2399.00;2598.99;2498.99;ME0609-300926
2026-09-19 17:27:34;Media Expert;Zmywarka WHIRLPOOL WH6ITA14B1N6LW PowerClean Pro Autootwieranie drzwi Zdalne sterowanie Inwerter 60cm;WHIRLPOOL;Zmywarki do zabudowy;-;https://www.mediaexpert.pl/agd-do-zabudowy/zmywarki-do-zabudowy/zmywarka-whirlpool-wh6ita14b1n6lw;3099.00;3549.00;3199.00;ME0709-190926
2026-09-19 17:27:34;Media Expert;Zmywarka CANDY Rapido CNS 4A4S3PSB Maxi Tub PowerWash Tub Light Aqua Stop;CANDY;Zmywarki do zabudowy;-;https://www.mediaexpert.pl/agd-do-zabudowy/zmywarki-do-zabudowy/zmywarka-candy-cns-4a4s3psb;2429.00;2429.00;0.00;
2026-09-19 17:27:34;Media Expert;Lodówka BEKO BCNE400E50SHN No frost 194cm;BEKO;Lodówki do zabudowy;-;https://www.mediaexpert.pl/agd-do-zabudowy/lodowki-i-zamrazarki-do-zabudowy/lodowki-do-zabudowy/lodowka-beko-bcne400e50shn;3199.99;3899.99;3490.00;R1709-300926
2026-09-19 17:27:35;Media Expert;Lodówka WHIRLPOOL WHSP70T262P No frost 193.5cm;WHIRLPOOL;Lodówki do zabudowy;-;https://www.mediaexpert.pl/agd-do-zabudowy/lodowki-i-zamrazarki-do-zabudowy/lodowki-do-zabudowy/lodowka-whirlpool-wh-sp70-t262-p;5494.99;6149.00;5498.89;ME0809-300926
2026-09-19 17:27:35;Media Expert;Lodówka BEKO b100 BU1154N 81.8cm;BEKO;Lodówki do zabudowy;-;https://www.mediaexpert.pl/agd-do-zabudowy/lodowki-i-zamrazarki-do-zabudowy/lodowki-do-zabudowy/lodowka-beko-bu1154n;1289.99;1449.00;1290.00;ME0709-300926
2026-09-19 17:27:35;Media Expert;Lodówka ELECTROLUX LFB3AE82R 81.9cm;ELECTROLUX;Lodówki do zabudowy;-;https://www.mediaexpert.pl/agd-do-zabudowy/lodowki-i-zamrazarki-do-zabudowy/lodowki-do-zabudowy/lodowka-electrolux-lfb3ae82r;1709.98;1709.98;0.00;
2026-09-19 17:27:35;Media Expert;Okap ELECTROLUX LFT816K Czarny 730m3/h 70dB klasa A;ELECTROLUX;Okapy;-;https://www.mediaexpert.pl/agd-do-zabudowy/okapy-do-zabudowy/okap-electrolux-lft816k-czarny-730m3-h-70db-klasa-a;1349.00;1669.00;1499.99;ME1809-031026
2026-09-19 17:27:35;Media Expert;Okap BEKO b300 BHCIW31322BBH 300m3/h 61dB klasa C;BEKO;Okapy;-;https://www.mediaexpert.pl/agd-do-zabudowy/okapy-do-zabudowy/okap-beko-bhciw31322bbh-czarny;1079.00;1299.00;1094.98;ME1809-031026
2026-09-19 17:27:36;Media Expert;Okap ELECTROLUX EFC226R Czarny matowy 420m3/h 66dB klasa D;ELECTROLUX;Okapy;-;https://www.mediaexpert.pl/agd-do-zabudowy/okapy-do-zabudowy/okap-electrolux-efc226r-czarny-matowy-420m3-h-66db-klasa-d;1169.00;1304.94;1174.98;ME1809-031026
2026-09-19 17:27:36;Media Expert;Okap VDB Evolution 90 Złoty 740m3/h 58dB klasa A++;VDB;Okapy;-;https://www.mediaexpert.pl/agd-do-zabudowy/okapy-do-zabudowy/okap-vdb-evolution-90-zloty-510m3-h-58db-klasa-a;1879.00;1979.00;1879.98;ME1809-031026
2026-09-19 17:27:36;Media Expert;Okap SAMSUNG NK36C9804WB Czarne szkło 760m3/h 66dB klasa A+;SAMSUNG;Okapy;-;https://www.mediaexpert.pl/agd-do-zabudowy/okapy-do-zabudowy/okap-samsung-nk36c9804wb-czarne-szklo;3124.00;3299.00;3299.00;ME1809-031026
2026-09-19 17:27:36;Media Expert;Okap VDB Vector PRO 90 Czarny 796m3/h 61dB klasa B;VDB;Okapy;-;https://www.mediaexpert.pl/agd-do-zabudowy/okapy-do-zabudowy/okap-vdb-vector-pro-90-czarny;1134.00;1189.99;1189.99;ME1809-031026
2026-09-19 17:27:37;Media Expert;Okap AKPO WK-7 Light Glass Touch 60 Czarne szkło;AKPO;Okapy;-;https://www.mediaexpert.pl/agd-do-zabudowy/okapy-do-zabudowy/okap-akpo-wk-7-light-glass-touch-60-czarne-szklo;579.00;599.96;579.09;ME1909-031026
2026-09-19 17:27:37;Media Expert;Okap AMICA OSC6112I Inox 178m3/h 63dB klasa C;AMICA;Okapy;-;https://www.mediaexpert.pl/agd-do-zabudowy/okapy-do-zabudowy/okap-amica-osc6112i-inox-178m3-h-63db-klasa-c;274.00;296.99;279.97;ME1809-031026
2026-09-19 17:27:37;Media Expert;Okap GLOBALO Agendero 80.2 Biały 565m3/h 58dB klasa B;GLOBALO;Okapy;-;https://www.mediaexpert.pl/agd-do-zabudowy/okapy-do-zabudowy/okap-kuchenny-agendero-80-2-white;1069.00;1159.00;1159.00;ME1809-031026
2026-09-19 17:27:37;Media Expert;Okap AKPO WK-7 Micra 60 Biały 71dB klasa B;AKPO;Okapy;-;https://www.mediaexpert.pl/agd-do-zabudowy/okapy-do-zabudowy/okap-akpo-wk-7-micra-bialy;299.00;309.99;309.99;ME1509-031026
2026-09-19 17:27:38;Media Expert;Okap GLOBALO Hadario 60.2 Czarny 320m3/h 61dB klasa D;GLOBALO;Okapy;-;https://www.mediaexpert.pl/agd-do-zabudowy/okapy-do-zabudowy/okap-globalo-hadario-60-2-czarny;549.00;648.00;648.00;ME1809-031026
2026-09-19 17:27:38;Media Expert;Okap GLOBALO Retio 60.2 Czarny 66dB klasa B;GLOBALO;Okapy;-;https://www.mediaexpert.pl/agd-do-zabudowy/okapy-do-zabudowy/okap-globalo-retio-60-2-czarny-66db-klasa-b;689.00;798.00;728.00;ME1809-031026
2026-09-19 17:27:38;Media Expert;Okap AKPO WK-12 Evita 60 Czarny 418.5m3/h 69dB klasa C;AKPO;Okapy;-;https://www.mediaexpert.pl/agd-do-zabudowy/okapy-do-zabudowy/okap-akpo-wk-12-evita-60-czarny-418-5m3-h-69db-klasa-c;439.00;439.00;0.00;
2026-09-19 17:27:38;Media Expert;Kuchenka mikrofalowa BOSCH BEL554MB0 Serie 6 900W średnica 31.5 pojemność 25L Auto Defrost Hydroliza Czarny;BOSCH;Kuchenki mikrofalowe do zabudowy;-;https://www.mediaexpert.pl/agd-do-zabudowy/kuchnie-mikrofalowe-do-zabudowy/kuchenka-mikrofalowa-bosch-bel554mb0-serie-6-900w-srednica-31-5-pojemnosc-25l-auto-defrost-hydroliza-czarny;1899.00;1999.99;1999.99;ME1409-031026
2026-09-19 17:27:39;Media Expert;Kuchenka mikrofalowa HAIER H38DMWID26NB Grill Czarny;HAIER;Kuchenki mikrofalowe do zabudowy;-;https://www.mediaexpert.pl/agd-do-zabudowy/kuchnie-mikrofalowe-do-zabudowy/kuchenka-mikrofalowa-haier-h38dmwid26nb-grill-czarny;1804.00;2199.00;1804.98;ME1409-031026
2026-09-19 17:27:39;Media Expert;Kuchenka mikrofalowa ELECTROLUX EVM9E2XT 1000W średnica 36 cm pojemność 44L Czarny;ELECTROLUX;Kuchenki mikrofalowe do zabudowy;-;https://www.mediaexpert.pl/agd-do-zabudowy/kuchnie-mikrofalowe-do-zabudowy/kuchenka-mikrofalowa-electrolux-evm9e2xt-1000w-srednica-36-cm-pojemnosc-44l-czarny;2949.00;3299.00;2999.00;ME1409-031026
2026-09-19 17:27:39;Media Expert;Pralka do zabudowy WHIRLPOOL BIWMWG91485EU 9kg 1400obr;WHIRLPOOL;Pralki do zabudowy;-;https://www.mediaexpert.pl/agd-do-zabudowy/pralki-i-suszarki-do-zabudowy/pralki-do-zabudowy/pralka-whirlpool-bi-wmwg-91485-eu-9kg-1400-obr;1997.80;2249.99;1997.81;RW0109-3009
2026-09-19 17:27:39;Media Expert;Robot sprzątający XIAOMI Vacuum 5 Pro Biały;XIAOMI;Roboty sprzątające;-;https://www.mediaexpert.pl/agd-male/sprzatanie/odkurzacze-automatyczne/robot-sprzatajacy-xiaomi-vacuum-5-pro-bialy;2499.00;3149.99;2536.67;WRZESIEN1809
2026-09-19 17:27:39;Media Expert;Odkurzacz pionowy TINECO Floor One Station S9 Artist;TINECO;Odkurzacze pionowe;-;https://www.mediaexpert.pl/agd-male/sprzatanie/odkurzacze-pionowe/odkurzacz-mopujacy-tineco-floor-one-s9-artist-station;3799.00;3999.00;3999.00;ME0209-270926
2026-09-19 17:27:40;Media Expert;Robot do mycia okien ECOVACS Winbot Mini Szary;ECOVACS;Myjki do okien;-;https://www.mediaexpert.pl/agd-male/sprzatanie/myjki-okienne/robot-do-mycia-okien-ecovacs-winbot-mini-szary;999.00;999.00;0.00;
2026-09-19 17:27:40;Media Expert;Żelazko TEFAL Express Steam FV2868E0;TEFAL;Żelazka;-;https://www.mediaexpert.pl/agd-male/prasowanie-i-pielegnacja-ubran/zelazka/zelazko-tefal-fv2868e0;159.96;179.99;159.97;RW0109-3009
2026-09-19 17:27:40;Media Expert;Oczyszczacz powietrza SHARP KC-G50EUW;SHARP;Oczyszczacze powietrza;-;https://www.mediaexpert.pl/agd-male/do-domu/oczyszczacze-powietrza/oczyszczacz-z-funkcja-nawilzania-sharp-kc-g50euw;2249.98;2499.00;2249.99;ME0809-300926
2026-09-19 17:27:40;Media Expert;Nawilżacz ultradźwiękowy LEVOIT Dual 150;LEVOIT;Nawilżacze powietrza;-;https://www.mediaexpert.pl/agd-male/do-domu/nawilzacze-powietrza/nawilzacz-ultradzwiekowy-levoit-dual-150;196.36;201.56;196.37;ME1609-031026
2026-09-19 17:27:41;Media Expert;Wideodomofon SETTI+ SVD601 Smart Bezprzewodowy Wi-Fi;SETTI+;Domofony;-;https://www.mediaexpert.pl/dom/inteligentny-dom/zestawy-domofonowe/video-domofon-smart-1080p-setti-svd601;49.99;69.99;69.99;RW0109-3009
2026-09-19 17:27:41;Media Expert;Kamera TESLA SecureQ SC15 Zewnętrzna, Wi-Fi;TESLA;Kamery IP;-;https://www.mediaexpert.pl/komputery-i-tablety/urzadzenia-sieciowe/kamery-ip/kamera-tesla-secureq-sc15-zewnetrzna-wi-fi;229.00;284.00;284.00;ME1009-300926
2026-09-19 17:27:41;Media Expert;Czujnik dymu NEDIS SmartLife WIFIDS21WT3;NEDIS;Czujniki;-;https://www.mediaexpert.pl/dom/inteligentny-dom/detektory/czujnik-dymu-nedis-smartlife-wifids21wt3;199.00;336.11;308.00;ME0409-300926
2026-09-19 17:27:41;Media Expert;Girlanda ogrodowa NEDIS WIFILP01F10 Wi-Fi;NEDIS;Inteligentne oświetlenie;-;https://www.mediaexpert.pl/dom/inteligentny-dom/lampy/girlanda-ogrodowa-nedis-wifilp01f10-wi-fi;179.00;227.90;227.90;ME1009-300926
2026-09-19 17:27:42;Media Expert;Inteligentny przełącznik SONOFF POWR316D;SONOFF;Sterowniki i regulatory;-;https://www.mediaexpert.pl/dom/inteligentny-dom/inteligentne-sterowniki/inteligentny-przelacznik-sonoff-powr316d;45.00;59.00;59.00;ME1009-300926
2026-09-19 17:27:42;Media Expert;Inteligentny przełącznik INELS RFSAI-62B-SL/MT;INELS;Sterowniki i regulatory;-;https://www.mediaexpert.pl/dom/inteligentny-dom/inteligentne-sterowniki/inteligentny-przelacznik-inels-rfsai-62b-sl-mt;189.00;249.99;249.99;ME1009-300926
2026-09-19 17:27:42;Media Expert;Zestaw filtrów do nawilżacza STADLER FORM 68684 (4 sztuki);STADLER FORM;Filtry do nawilżaczy powietrza;-;https://www.mediaexpert.pl/agd-male/do-domu/filtry-do-nawilzaczy-powietrza/filtr-nawilzacza-stadler-form-w-kasecie-do-oskar-big-4-sztuki;139.99;159.99;149.99;ME0809-300926
2026-09-19 17:27:42;Media Expert;Ekspres DELONGHI Rivelia EXAM 440.55.W Kawa mrożona (2 wymienne zbiorniki kawy);DELONGHI;Ekspresy ciśnieniowe;-;https://www.mediaexpert.pl/agd-male/ekspresy-i-kawa/ekspresy-cisnieniowe/ekspres-delonghi-exam440-55-w-rivelia;2399.00;2799.00;2799.00;PNU0409-1510
2026-09-19 17:27:42;Media Expert;Ekspres BEKO CaffeExperto CEG8564B 50 programów ColdBrew Kawy mrożone 19 bar Stalowy młynek Zdalne sterowanie Czarny;BEKO;Ekspresy ciśnieniowe;-;https://www.mediaexpert.pl/agd-male/ekspresy-i-kawa/ekspresy-cisnieniowe/ekspres-beko-caffeexperto-ceg8564b-czarny;1899.00;2299.00;1999.00;ME1909-031026
2026-09-19 17:27:43;Media Expert;Ekspres SMEG ECF03PBEU Pastelowy błękit (Cold Brew);SMEG;Ekspresy ciśnieniowe;-;https://www.mediaexpert.pl/agd-male/ekspresy-i-kawa/ekspresy-cisnieniowe/ekspres-smeg-ecf03pbeu-pastelowy-blekit-cold-brew;1798.99;1999.00;1799.00;ME0809-300926
2026-09-19 17:27:43;Media Expert;Ekspres PHILIPS Baristina BAR320/00 z zautomatyzowanym procesem mielenia i zaparzania Biały;PHILIPS;Ekspresy ciśnieniowe;-;https://www.mediaexpert.pl/agd-male/ekspresy-i-kawa/ekspresy-cisnieniowe/ekspres-philips-baristina-bar320-00-biel-biala-raczka-z-mlynkiem;1298.95;1298.95;0.00;
2026-09-19 17:27:43;Media Expert;Robot planetarny ZELMER ZKR1350 1200W;ZELMER;Roboty kuchenne;-;https://www.mediaexpert.pl/agd-male/do-kuchni/roboty-kuchenne/robot-planetarny-zelmer-zkr1350;418.98;499.00;418.99;ME1409-071026
2026-09-19 17:27:43;Media Expert;Blender kielichowy AMICA BTM 6011;AMICA;Blendery kielichowe;-;https://www.mediaexpert.pl/agd-male/do-kuchni/blendery-kielichowe/blender-kielichowy-amica-btm-6011;248.00;329.99;249.99;WRZESIEN1809
2026-09-19 17:27:44;Media Expert;Gofrownica DEZAL 301.6.1 LWN Czerwony;DEZAL;Gofrownice;-;https://www.mediaexpert.pl/agd-male/do-kuchni/gofrownice/gofrownica-dezal-301-6-1-lwn-czerwony;649.00;699.00;659.99;ME0909-300926
2026-09-19 17:27:44;Media Expert;Szczoteczka soniczna PHILIPS Sonicare 3100 HX4033/27 + Etui;PHILIPS;Szczoteczki elektryczne;-;https://www.mediaexpert.pl/agd-male/zdrowie/szczoteczki-elektryczne/szczoteczka-soniczna-philips-sonicare-3100-hx4033-27-etui;198.96;229.99;198.97;RW0109-3009
2026-09-19 17:27:44;Media Expert;Kosiarka akumulatorowa BOSCH Rotak 18V2-43 06008B9L01, 43 cm, 18 V, silnik bezszczotkowy, kosz 50L, bez akumulatora;BOSCH_elektronarzedzia;Kosiarki akumulatorowe;-;https://www.mediaexpert.pl/dom-i-ogrod/kosiarki-i-podkaszarki/kosiarki-akumulatorowe/kosiarka-akumulatorowa-bosch-rotak-18v2-43-06008b9l01;1206.98;1529.99;1529.00;ME1109-300926
2026-09-19 17:27:44;Media Expert;Podkaszarka akumulatorowa BOSCH EasyGrassCut 06008C1A03;BOSCH_elektronarzedzia;Podkaszarki akumulatorowe;-;https://www.mediaexpert.pl/dom-i-ogrod/narzedzia-akumulatorowe/podkaszarki-akumulatorowe/podkaszarka-akumulatorowa-bosch-easygrasscut-06008c1a03;400.48;439.99;419.00;BOSCH-DIY0926L
2026-09-19 17:27:45;Media Expert;Myjka ciśnieniowa KARCHER Professional HD 4/11 C BP EU 1.520-928.0;KARCHER;Myjki ciśnieniowe;-;https://www.mediaexpert.pl/dom-i-ogrod/myjki-wysokocisnieniowe_i_akcesoria/myjki-wysokocisnieniowe/myjka-cisnieniowa-karcher-professional-hd-4-11-c-bp-eu-1-520-928-0;4609.99;5589.99;4649.00;R3108-300926
2026-09-19 17:27:45;Media Expert;Nożyce do żywopłotu NAC HB20-B20-45-L-S 455mm 20V akumulatorowe;NAC;Nożyce do żywopłotów;-;https://www.mediaexpert.pl/dom-i-ogrod/narzedzia-ogrodnicze/nozyce-i-sekatory-do-zywoplotow/nozyce-do-zywoplotu-nac-hb20-b20-45-l-s-455mm-20v-akumulatorowe;299.99;319.99;319.99;WYPRZEDAZ-OGROD26
2026-09-19 17:27:45;Media Expert;Taśma do sekatora FISKARS 1027525;FISKARS;Akcesoria do nożyc i sekatorów;-;https://www.mediaexpert.pl/dom-i-ogrod/narzedzia-ogrodnicze/akcesoria-do-nozyc-i-sekatorow/tasma-do-sekatora-fiskars-1027525;82.99;89.99;89.99;WYPRZEDAZ-OGROD26
2026-09-19 17:27:45;Media Expert;Nóż do kosiarki BOSCH F016800368 (43 cm);BOSCH_elektronarzedzia;Noże do kosiarek;-;https://www.mediaexpert.pl/dom-i-ogrod/kosiarki-i-podkaszarki/noze-do-kosiarek/zapasowy-noz-43-cm-leaf-collect;89.99;99.99;93.00;ME1109-300926
2026-09-19 17:27:45;Media Expert;Wiertarko-wkrętarka BOSCH EasyImpact 18V-40 06039D810C z akumulatorem;BOSCH_elektronarzedzia;Wiertarko - wkrętarki;-;https://www.mediaexpert.pl/dom-i-ogrod/elektronarzedzia/wiertarko-wkretarki/wiertarko-wkretarka-udarowa-bosch-easyimpact-18v-40-zestaw;338.55;409.99;409.99;BOSCH-DIY0926L
2026-09-19 17:27:46;Media Expert;Piła szablasta BOSCH Professional GSA 185-Li Solo 06016C0020;BOSCH_elektronarzedzia;Piły szablaste;-;https://www.mediaexpert.pl/dom-i-ogrod/elektronarzedzia/pily-szablaste/gsa-185-li-solo;767.69;819.00;819.00;ME1109-300926
2026-09-19 17:27:46;Media Expert;Szlifierka kątowa sieciowa BOSCH Professional GWS 2200 06018C1320;BOSCH_elektronarzedzia;Szlifierki kątowe;-;https://www.mediaexpert.pl/dom-i-ogrod/elektronarzedzia/szlifierki-katowe/szlifierka-katowa-bosch-gws-2200-06018c1320;489.99;577.92;499.00;ME1109-300926
2026-09-19 17:27:46;Media Expert;Narzędzie wielofunkcyjne DREMEL 3000-15;DREMEL;Narzędzia wielofunkcyjne;-;https://www.mediaexpert.pl/dom-i-ogrod/elektronarzedzia/narzedzia-wielofunkcyjne/narzedzie-wielofunkcyjne-dremel-3000-15-2;309.89;359.99;309.98;ME0409-300926
2026-09-19 17:27:46;Media Expert;Wkrętak akumulatorowy BOSCH Professional GTB 185-LI B06019K7021 Solo;BOSCH_elektronarzedzia;Wkrętarki;-;https://www.mediaexpert.pl/dom-i-ogrod/elektronarzedzia/wkretarki/wkretarka-bosch-professional-gtb-185-li-b06019k7021-solo;697.70;819.00;800.67;ME1109-300926
2026-09-19 17:27:47;Media Expert;Narzędzie wielofunkcyjne BOSCH GOP 30-28 0601237001;BOSCH_elektonarzedzia;Narzędzia wielofunkcyjne;-;https://www.mediaexpert.pl/dom-i-ogrod/elektronarzedzia/narzedzia-wielofunkcyjne/narzedzie-wielofunkcyjne-bosch-gop-30-28-0601237001;545.00;652.43;546.00;ME1109-300926
2026-09-19 17:27:47;Media Expert;Szlifierka kątowa sieciowa BOSCH Professional GWS 9-125 0601396007;BOSCH_elektonarzedzia;Szlifierki kątowe;-;https://www.mediaexpert.pl/dom-i-ogrod/elektronarzedzia/szlifierki-katowe/szlifierka-katowa-bosch-professional-gws-9-125-0601396007;309.00;329.00;319.00;ME1109-300926
2026-09-19 17:27:47;Media Expert;Mieszarka BOSCH Professional GRW 12 E;BOSCH_elektonarzedzia;Mieszarki;-;https://www.mediaexpert.pl/dom-i-ogrod/elektronarzedzia/mieszarki/mieszarka-bosch-professional-grw-12-e;1405.98;2062.74;1405.99;ME1109-300926
2026-09-19 17:27:47;Media Expert;Wiertarko-wkrętarka BOSCH Professional GSR 12V-35 HX 06019J9100 zestaw akumulatorów;BOSCH_elektronarzedzia;Wiertarko - wkrętarki;-;https://www.mediaexpert.pl/dom-i-ogrod/elektronarzedzia/wiertarko-wkretarki/wiertarko-wkretarka-bosch-professional-gsr-12v-35-hx-06019j9100;999.00;1233.00;1039.00;ME1109-300926
2026-09-19 17:27:48;Media Expert;Szlifierka kątowa sieciowa BOSCH Professional GWS 9-115 P 0601396505;BOSCH_elektronarzedzia;Szlifierki kątowe;-;https://www.mediaexpert.pl/dom-i-ogrod/elektronarzedzia/szlifierki-katowe/szlifierka-katowa-gws-9-115-p;359.00;439.00;362.00;ME1109-300926
2026-09-19 17:27:48;Media Expert;Pilarka tarczowa BOSCH Professional GKS 18V 68-2 06016D0000;BOSCH_elektronarzedzia;Pilarki tarczowe;-;https://www.mediaexpert.pl/dom-i-ogrod/elektronarzedzia/pilarki-tarczowe/pilarka-tarczowa-bosch-professional-gks-18v-68-2-06016d0000;1099.00;1174.16;1174.16;ME1109-300926
2026-09-19 17:27:48;Media Expert;Narzędzie wielofunkcyjne BOSCH PMF 220 CE Set B 603102001;BOSCH_elektronarzedzia;Narzędzia wielofunkcyjne;-;https://www.mediaexpert.pl/dom-i-ogrod/elektronarzedzia/narzedzia-wielofunkcyjne/narzedzie-wielofunkcyjne-bosch-pmf-220-ce-set;599.00;704.51;613.63;ME1109-300926
2026-09-19 17:27:48;Media Expert;Pilarka ukosowa BOSCH Professional GTM 12 JL 0601B15001;BOSCH_elektonarzedzia;Pilarki tarczowe;-;https://www.mediaexpert.pl/dom-i-ogrod/elektronarzedzia/pilarki-tarczowe/pilarka-ukosowa-bosch-gtm-12-jl-professional;3165.00;3633.00;3633.00;ME1109-300926
2026-09-19 17:27:48;Media Expert;Wyrzynarka BOSCH Professional GST 150 BCE 0601513000;BOSCH_elektonarzedzia;Wyrzynarki;-;https://www.mediaexpert.pl/dom-i-ogrod/elektronarzedzia/wyrzynarki/wyrzynarka-bosch-gst-150-bce-professional;875.00;1049.00;1049.00;ME1109-300926
2026-09-19 17:27:49;Media Expert;Pilarka tarczowa BOSCH GKS 18V-68 06016C9001;BOSCH_elektronarzedzia;Pilarki tarczowe;-;https://www.mediaexpert.pl/dom-i-ogrod/elektronarzedzia/pilarki-tarczowe/pilarka-tarczowa-bosch-gks-18v-68-06016c9001;1395.99;2029.99;1396.00;ME1109-300926
2026-09-19 17:27:49;Media Expert;Pilarka tarczowa BOSCH PKS 55 A;BOSCH_elektonarzedzia;Pilarki tarczowe;-;https://www.mediaexpert.pl/dom-i-ogrod/elektronarzedzia/pilarki-tarczowe/pilarka-tarczowa-bosch-pks-55-a;425.00;469.00;429.00;ME1109-300926
2026-09-19 17:27:49;Media Expert;Zestaw bitów GRAPHITE 56H600 (60 szt.);GRAPHITE;Bity;-;https://www.mediaexpert.pl/dom-i-ogrod/elektronarzedzia/bity/zestaw-bitow-graphite-56h600;89.00;99.99;99.99;ME0409-300926
2026-09-19 17:27:49;Media Expert;Wiertło BOSCH 2608586769;BOSCH_elektronarzedzia;Wiertła;-;https://www.mediaexpert.pl/dom-i-ogrod/elektronarzedzia/wiertla/wiertlo-bosch-2608586769;789.99;929.99;792.00;ME1109-300926
2026-09-19 17:27:50;Media Expert;Tarcza do cięcia BOSCH 2608603232 125 mm (10 sztuk);BOSCH_elektronarzedzia;Tarcze;-;https://www.mediaexpert.pl/dom-i-ogrod/elektronarzedzia/tarcze-do-elektronarzedzi/tarcza-do-ciecia-bosch-2608603232-125-mm-10-sztuk;369.99;419.00;374.00;ME1109-300926
2026-09-19 17:27:50;Media Expert;Wiertło BOSCH CYL-9 SoftCeramic 2608587158;BOSCH_elektronarzedzia;Wiertła;-;https://www.mediaexpert.pl/dom-i-ogrod/elektronarzedzia/wiertla/wiertlo-bosch-cyl-9-softceramic-4-x-70-mm;18.99;22.99;19.00;ME1109-300926
2026-09-19 17:27:50;Media Expert;Zestaw brzeszczotów BOSCH T111C Basic for Wood (100 szt.);BOSCH_elektronarzedzia;Brzeszczoty;-;https://www.mediaexpert.pl/dom-i-ogrod/elektronarzedzia/brzeszczoty/zestaw-brzeszczotow-bosch-t111c-basic-for-wood-100-sztuk;289.00;336.25;319.99;ME1109-300926
2026-09-19 17:27:50;Media Expert;Laser krzyżowy BOSCH Quigo 06036635Z0;BOSCH;Poziomice i lasery;-;https://www.mediaexpert.pl/dom-i-ogrod/narzedzia-pomiarowe/poziomice-i-lasery/laser-krzyzowy-bosch-quigo-06036635z0;153.52;190.37;182.37;BOSCH-DIY0926
2026-09-19 17:27:51;Media Expert;Automatyczny ściągacz izolacji NEO TOOLS 01-542;NEO TOOLS;Ściągacze;-;https://www.mediaexpert.pl/dom-i-ogrod/narzedzia-reczne/sciagacze/automatyczny-sciagacz-izolacji-neo-01-542;66.00;74.27;66.96;ME0409-300926
2026-09-19 17:27:51;Media Expert;Końcówki wkrętakowe NEO TOOLS 06-115;NEO;Klucze nasadowe i nasadki;-;https://www.mediaexpert.pl/dom-i-ogrod/narzedzia-reczne/klucze-nasadowe/koncowki-wkretakowe-neo-06-115;159.00;254.92;169.99;ME0409-300926
2026-09-19 17:27:51;Media Expert;Pokrywa odsysająca BOSCH GDE 230 FC-S Professional;BOSCH_elektonarzedzia;Pozostałe akcesoria;-;https://www.mediaexpert.pl/dom-i-ogrod/elektronarzedzia/akcesoria-do-elektronarzedzia/pokrywa-odsysajaca-bosch-gde-230-fc-s-professional;781.96;909.00;909.00;ME1109-300926
2026-09-19 17:27:51;Media Expert;Zestaw wkrętaków BOSCH 1600A02BX8 (8 sztuk);BOSCH;Wkrętaki;-;https://www.mediaexpert.pl/dom-i-ogrod/narzedzia-reczne/wkretaki/zestaw-wkretakow-bosch-1600a02bx8-8-sztuk;79.99;119.99;102.03;ME1109-300926
2026-09-19 17:27:52;Media Expert;Kompresor akumulatorowy BOSCH UniversalPump 18V;BOSCH;Kompresory;-;https://www.mediaexpert.pl/dom-i-ogrod/wyposazenie-warsztatu/kompresory/kompresor-akumulatorowy-bosch-universalpump-18v;499.00;559.99;509.78;ME1109-300926
2026-09-19 17:27:52;Media Expert;Podstawa rolkowa BOSCH PTA 1000;BOSCH_elektronarzedzia;Pozostałe narzędzia;-;https://www.mediaexpert.pl/dom-i-ogrod/wyposazenie-warsztatu/pozostale-narzedzia/podstawa-rolkowa-bosch-pta-1000;218.99;235.41;219.00;ME1109-300926
2026-09-19 17:27:52;Media Expert;Odkurzacz KARCHER WD 4-18 S Dual V-20/22 1.628-625.0;KARCHER;Odkurzacze przemysłowe;-;https://www.mediaexpert.pl/dom-i-ogrod/wyposazenie-warsztatu/odkurzacze-wielofunkcyjne/odkurzacz-karcher-wd-4-18-s-dual-v-20-22-1-628-625-0;629.00;629.00;0.00;
2026-09-19 17:27:52;Media Expert;Budzik GÖTZE&JENSEN RCL650 Czarny, Wbudowana lampka nocna 8 kolorów, Ładowarka indukcyjna, Zasilanie Bateryjno-sieciowe;GÖTZE & JENSEN;Budziki;-;https://www.mediaexpert.pl/agd-male/do-domu/zegarki-i-budziki/budzik-goldenline-rcl650;147.80;179.99;147.81;RW0109-3009
2026-09-19 17:27:52;Media Expert;Rower miejski INDIANA Moena S7B 28 cali damski Cappuccino 2026;INDIANA;Rowery miejskie;-;https://www.mediaexpert.pl/rowery/rowery-miejskie/rower-indiana-moena-s7b-capuccino-d2328;899.99;999.99;999.99;ME2808-300926
2026-09-19 17:27:53;Media Expert;Rower miejski INDIANA Moena S3B D17 28 cali damski Czarny;INDIANA;Rowery miejskie;-;https://www.mediaexpert.pl/rowery/rowery-miejskie/rower-miejski-indiana-moena-s3b-28-cali-damski-czarny-1;899.99;1049.99;999.99;ME2808-300926
2026-09-19 17:27:53;Media Expert;Rower miejski INDIANA Impala 7B 28 cali damski Czarny 2024;INDIANA;Rowery miejskie;-;https://www.mediaexpert.pl/rowery/rowery-miejskie/rower-miejski-indiana-impala-7b-28-cali-damski-czarny;839.99;1499.99;1099.99;ME2808-300926
2026-09-19 17:27:53;Media Expert;Rower miejski INDIANA Storica 130 1B M19 28 cali męski Kremowy;INDIANA;Rowery miejskie;-;https://www.mediaexpert.pl/rowery/rowery-miejskie/rower-miejski-indiana-storica-130-1b-28-cali-meski-kremowy-1;499.99;1049.99;599.99;ME2808-300926
2026-09-19 17:27:53;Media Expert;Rower miejski INDIANA Storica 140 3B M21 28 cali męski Kremowy;INDIANA;Rowery miejskie;-;https://www.mediaexpert.pl/rowery/rowery-miejskie/rower-miejski-indiana-storica-140-3b-28-cali-meski-kremowy;949.98;1699.99;949.99;ME2808-300926
2026-09-19 17:27:54;Media Expert;Rower górski MTB INDIANA X-Pulser 3.7 M19 27.5 cala męski Czarno-brązowy;INDIANA;Rowery MTB górskie;-;https://www.mediaexpert.pl/rowery/rowery-mtb/rower-gorski-mtb-indiana-x-pulser-3-7-m19-27-5-cala-meski-czarno-brazowy-4;1648.00;2399.99;1649.99;R2808-300926
2026-09-19 17:27:54;Media Expert;Rower górski MTB INDIANA X-Pulser 2.6 M17 26 cali męski Czarno-zielony;INDIANA;Rowery MTB górskie;-;https://www.mediaexpert.pl/rowery/rowery-mtb/rower-gorski-mtb-indiana-x-pulser-2-6-m17-26-cali-meski-czarno-zielony-3;1199.99;1599.99;1399.99;ME2808-300926
2026-09-19 17:27:54;Media Expert;Rower górski MTB INDIANA X-Pulser 2.7 D19 27.5 cala damski Czarno-miętowy;INDIANA;Rowery MTB górskie;-;https://www.mediaexpert.pl/rowery/rowery-mtb/rower-gorski-mtb-indiana-x-pulser-2-7-d19-27-5-cala-damski-czarno-mietowy-4;1199.99;1599.99;1399.99;ME2808-300926
2026-09-19 17:27:54;Media Expert;Rower górski MTB INDIANA X-Pulser 2.6 M17 26 cali Czarno-pomarańczowy;INDIANA;Rowery MTB górskie;-;https://www.mediaexpert.pl/rowery/rowery-mtb/rower-gorski-mtb-indiana-x-pulser-2-6-m17-26-cali-czarno-pomaranczowy;999.99;1699.99;1699.99;ME2808-300926
2026-09-19 17:27:55;Media Expert;Rower górski MTB INDIANA X-Enduro 2.7 M15 27.5 cala męski Czarno-pomarańczowy 2023;INDIANA;Rowery MTB górskie;-;https://www.mediaexpert.pl/rowery/rowery-mtb/rower-gorski-mtb-indiana-x-enduro-2-7-m15-27-5-cala-meski-czarno-pomaranczowy-1;1199.99;1299.99;1299.99;ME2808-300926
2026-09-19 17:27:55;Media Expert;Rower górski MTB INDIANA X-Pulser 1.9 M19 29 cali męski Czarno-niebieski;INDIANA;Rowery MTB górskie;-;https://www.mediaexpert.pl/rowery/rowery-mtb/rower-gorski-mtb-indiana-x-pulser-1-9-m19-29-cali-meski-czarno-niebieski-5;1199.99;1699.99;1399.99;ME2808-300926
2026-09-19 17:27:55;Media Expert;Rower górski MTB INDIANA X-Pulser 2.9 M17 29 cali męski Zielony;INDIANA;Rowery MTB górskie;-;https://www.mediaexpert.pl/rowery/rowery-mtb/rower-gorski-mtb-indiana-x-pulser-2-9-m17-29-cali-meski-zielony;1499.98;1799.99;1499.99;ME2808-300926
2026-09-19 17:27:55;Media Expert;Rower górski MTB INDIANA X-Pulser 6.7 M21 27.5 cala męski Czarno-grafitowy 2022;INDIANA;Rowery MTB górskie;-;https://www.mediaexpert.pl/rowery/rowery-mtb/rower-indiana-x-pulser-6-7-m21-czarny-grafit-r21;2199.99;2999.99;2499.99;ME2808-300926
2026-09-19 17:27:55;Media Expert;Rower górski MTB INDIANA X-Pulser 3.6 M21 26 cali męski Grafitowo-czerwony 2023;INDIANA;Rowery MTB górskie;-;https://www.mediaexpert.pl/rowery/rowery-mtb/rower-gorski-mtb-indiana-x-pulser-3-6-m21-26-cali-meski-grafitowo-czerwony-1;999.99;1549.99;1549.99;ME2808-300926
2026-09-19 17:27:56;Media Expert;Rower górski MTB INDIANA X-Pulser 1.6 M19 26 cali Kenda męski Czarno-niebieski;INDIANA;Rowery MTB górskie;-;https://www.mediaexpert.pl/rowery/rowery-mtb/rower-gorski-mtb-indiana-x-pulser-1-6-m19-26-cali-meski-czarno-niebieski-1;899.99;1399.99;1099.99;ME2808-300926
2026-09-19 17:27:56;Media Expert;Rower górski MTB INDIANA X-Pulser 3.9 D17 29 cali damski Lawendowo-fioletowy;INDIANA;Rowery MTB górskie;-;https://www.mediaexpert.pl/rowery/rowery-mtb/rower-gorski-mtb-indiana-x-pulser-3-9-d17-29-cali-damski-lawendowo-fioletowy;1899.99;2599.99;2099.98;ME2808-300926
2026-09-19 17:27:56;Media Expert;Rower górski MTB ROMET Rambler R7.3 C U20 27.5 cali Niebiesko-żółty;ROMET;Rowery MTB górskie;-;https://www.mediaexpert.pl/rowery/rowery-mtb/rower-gorski-mtb-romet-rambler-r7-3-c-u20-27-5-cali-niebiesko-zolty;1799.99;3299.99;3299.99;ME2808-300926
2026-09-19 17:27:56;Media Expert;Rower górski MTB ROMET Rambler R9.4 29180222-A U18 29 cali Grafitowo-biały;ROMET;Rowery MTB górskie;-;https://www.mediaexpert.pl/rowery/rowery-mtb/rower-gorski-mtb-romet-rambler-r9-4-29180222-a-u18-29-cali-grafitowo-bialy;2199.99;3299.99;3299.99;ME2808-300926
2026-09-19 17:27:57;Media Expert;Rower górski MTB INDIANA X-Pulser 1.6 M15 26 cali męski Czarno-czerwony;INDIANA;Rowery MTB górskie;-;https://www.mediaexpert.pl/rowery/rowery-mtb/rower-gorski-mtb-indiana-x-pulser-1-6-m15-26-cali-meski-czarno-czerwony-5;999.99;1599.99;1099.99;ME2808-300926
2026-09-19 17:27:57;Media Expert;Rower górski MTB INDIANA Dirt Jump 3.0 M13 26 cali męski Granatowo-biały;INDIANA;Rowery MTB górskie;-;https://www.mediaexpert.pl/rowery/rowery-mtb/rower-gorski-mtb-indiana-jump-3-0-m13-26-cali-meski-granatowo-bialy;2299.99;2499.99;2499.99;ME2808-300926
2026-09-19 17:27:57;Media Expert;Rower górski MTB ROMET Monsun 3.1 29192261-B U19 29 cali Szary;ROMET;Rowery MTB górskie;-;https://www.mediaexpert.pl/rowery/rowery-mtb/rower-gorski-mtb-romet-monsun-3-1-29192261-b-u19-29-cali-szary;4999.99;7299.99;7299.99;ME2808-300926
2026-09-19 17:27:57;Media Expert;Rower górski MTB ROMET Monsun 1 29150131-B U15 29 cali Czarny;ROMET;Rowery MTB górskie;-;https://www.mediaexpert.pl/rowery/rowery-mtb/rower-gorski-mtb-romet-monsun-1-29150131-b-u15-29-cali-czarny;3999.99;5999.99;5999.99;ME2808-300926
2026-09-19 17:27:58;Media Expert;Rower górski MTB ROMET Mustang 4.1 U17 29 cali Zielony;ROMET;Rowery MTB górskie;-;https://www.mediaexpert.pl/rowery/rowery-mtb/rower-gorski-mtb-romet-mustang-4-1-u17-29-cali-zielony;3999.99;5299.99;5299.99;ME2808-300926
2026-09-19 17:27:58;Media Expert;Rower górski MTB DISCOVERY M20 27.5 cala męski Czarno-pomarańczowy;Discovery;Rowery MTB górskie;-;https://www.mediaexpert.pl/rowery/rowery-mtb/rower-discovery-27-5-czarny-mat-m50-20;799.99;1999.99;999.99;ME2808-300926
2026-09-19 17:27:58;Media Expert;Rower górski MTB INDIANA X-Pulser 3.7 D17 27.5 cala damski Czarno-fuksjowy;INDIANA;Rowery MTB górskie;-;https://www.mediaexpert.pl/rowery/rowery-mtb/rower-gorski-mtb-indiana-x-pulser-3-7-d17-27-5-cala-damski-czarno-fuksjowy-2;1699.99;2599.99;2599.99;ME2808-300926
2026-09-19 17:27:58;Media Expert;Rower elektryczny INDIANA E-MTB 4.0 U19 29 cali Granatowo-czerwony;INDIANA;Rowery elektryczne;-;https://www.mediaexpert.pl/rowery/rower-elektryczne/rowery-elektryczne/rower-elektryczny-indiana-e-mtb-4-0-u19-29-cali-granatowo-czerwony;5499.99;6999.99;5999.98;R1009-300926
2026-09-19 17:27:58;Media Expert;Rower elektryczny ESPERIA Rubino M20 28 cali Grafitowy;ESPERIA;Rowery elektryczne;-;https://www.mediaexpert.pl/rowery/rower-elektryczne/rowery-elektryczne/rower-elektryczny-esperia-rubino-m20-28-cali-meski-grafitowy;2999.99;5699.99;3898.99;ME2808-300926
2026-09-19 17:27:59;Media Expert;Rower elektryczny ROMET E-Modeco SUV 1.0 AN U17 28 cali Szary;ROMET;Rowery elektryczne;-;https://www.mediaexpert.pl/rowery/rower-elektryczne/rowery-elektryczne/rower-elektryczny-romet-e-modeco-suv-1-0-an-u17-28-cali-szary;5998.00;8999.99;5999.99;ME2808-300926
2026-09-19 17:27:59;Media Expert;Rower elektryczny ROMET E-Modeco SUV 1.0 AN D U19 28 cali Szary;ROMET;Rowery elektryczne;-;https://www.mediaexpert.pl/rowery/rower-elektryczne/rowery-elektryczne/rower-elektryczny-romet-e-modeco-suv-1-0-an-d-u19-28-cali-szary;5999.99;9999.99;6899.99;ME2808-300926
2026-09-19 17:27:59;Media Expert;Rower elektryczny ROMET PROECO FS U16 29 cali Grafitowy;PROECO;Rowery elektryczne;-;https://www.mediaexpert.pl/rowery/rower-elektryczne/rowery-elektryczne/rower-elektryczny-proeco-fs-u16-29-cali-grafitowy;5499.99;6999.00;5999.99;ME2808-300926
2026-09-19 17:27:59;Media Expert;Rower elektryczny ROMET E-Monsun 2.0 29201884-B U20 29 cali Szampański;ROMET;Rowery elektryczne;-;https://www.mediaexpert.pl/rowery/rower-elektryczne/rowery-elektryczne/rower-elektryczny-romet-e-monsun-2-0-29201884-b-u20-29-cali-szampanski;12499.99;12999.99;12999.99;ME2808-300926
2026-09-19 17:28:00;Media Expert;Rower elektryczny INDIANA E-MTB 2.0 M19 29 cali Czarno-szary;INDIANA;Rowery elektryczne;-;https://www.mediaexpert.pl/rowery/rower-elektryczne/rowery-elektryczne/rower-elektryczny-indiana-e-mtb-2-0-m19-29-cali-meski-czarno-szary;3299.99;5199.99;3999.99;ME2808-300926
2026-09-19 17:28:00;Media Expert;Rower elektryczny MBM La Rue D18 28 cali Beżowy;MBM;Rowery elektryczne;-;https://www.mediaexpert.pl/rowery/rower-elektryczne/rowery-elektryczne/rower-elektryczny-mbm-la-rue-d18-28-cali-damski-bezowy;2199.99;5329.99;2698.99;ME2808-300926
2026-09-19 17:28:00;Media Expert;Rower elektryczny TORPADO Venere D18 28 cali Czarny;TORPADO;Rowery elektryczne;-;https://www.mediaexpert.pl/rowery/rower-elektryczne/rowery-elektryczne/rower-elektryczny-torpado-venere-d18-28-cali-damski-czarny;4498.00;4999.99;4499.00;WRZESIEN1809
2026-09-19 17:28:00;Media Expert;Rower dziecięcy INDIANA Moena 20 cali Różowy Wzrost: 120-135 cm Wiek: 6-8 lat;INDIANA;Rowery dla dzieci;-;https://www.mediaexpert.pl/rowery/rowery-dzieciece/rowery-dzieciece/rower-dzieciecy-indiana-moena-20-cali-dla-dziewczynki-rozowy;599.99;699.99;699.99;WYPRZEDAZ-ROWERY
2026-09-19 17:28:01;Media Expert;Rower dziecięcy SUN BABY Flower Bike 16 cali Różowy Wzrost: 100-120 cm Wiek: 4-6 lat;SUN BABY;Rowery dla dzieci;-;https://www.mediaexpert.pl/rowery/rowery-dzieciece/rowery-dzieciece/rower-dzieciecy-sun-baby-flower-16-cali-dla-dziewczynki-rozowy;649.99;699.99;699.99;ME2808-300926
2026-09-19 17:28:01;Media Expert;Rower dziecięcy INDIANA Pretty 20 cali Miętowy Wzrost: 120-135 cm Wiek: 5-7 lat;INDIANA;Rowery dla dzieci;-;https://www.mediaexpert.pl/rowery/rowery-dzieciece/rowery-dzieciece/rower-dzieciecy-indiana-pretty-20-cali-dla-dziewczynki-mietowy;599.99;699.99;699.99;ME2808-300926
2026-09-19 17:28:01;Media Expert;Rower dziecięcy SUN BABY Heart Bike 20 cali Biało-złoty Wzrost: 120-135 cm Wiek: 6-8 lat;SUN BABY;Rowery dla dzieci;-;https://www.mediaexpert.pl/rowery/rowery-dzieciece/rowery-dzieciece/rower-dzieciecy-sun-baby-heart-bike-20-cali-dla-dziewczynki-bialo-zloty;739.99;899.99;899.99;ME2808-300926
2026-09-19 17:28:01;Media Expert;Rower dziecięcy SUN BABY Flower Bike 14 cali Różowy Wzrost: 95-110 cm Wiek: 3-5 lat;SUN BABY;Rowery dla dzieci;-;https://www.mediaexpert.pl/rowery/rowery-dzieciece/rowery-dzieciece/rower-dzieciecy-sun-baby-flower-14-cali-dla-dziewczynki-rozowy;589.99;699.99;699.99;ME2808-300926
2026-09-19 17:28:01;Media Expert;Rower dziecięcy TOIMSA Psi Patrol 14 cali Czerwony Wzrost: 95-110 cm Wiek: 4-6 lat;TOIMSA;Rowery dla dzieci;-;https://www.mediaexpert.pl/rowery/rowery-dzieciece/rowery-dzieciece/rower-dzieciecy-toimsa-psi-patrol-14-cali-dla-chlopca;529.99;549.99;549.99;ME2808-300926
2026-09-19 17:28:02;Media Expert;Rower dziecięcy DISNEY Lol Surprise 14 cali Miętowy Wzrost: 95-110 cm Wiek: 4-6 lat;DISNEY;Rowery dla dzieci;-;https://www.mediaexpert.pl/rowery/rowery-dzieciece/rowery-dzieciece/rower-dzieciecy-lol-surprise-14-zielony-fuksja;399.99;499.99;499.99;ME2808-300926
2026-09-19 17:28:02;Media Expert;Rower dziecięcy TOIMSA Bluey 1159 12 cali Błękitno-limonkowy Wzrost: 85-100 cm Wiek: 3-5 lat;TOIMSA;Rowery dla dzieci;-;https://www.mediaexpert.pl/rowery/rowery-dzieciece/rowery-dzieciece/rower-dzieciecy-toimsa-bluey-1159-12-cali-blekitno-limonkowy;429.99;449.99;449.99;ME2808-300926
2026-09-19 17:28:02;Media Expert;Rower dziecięcy HUFFY Disney Princess 12 cali Różowy Wzrost: 85-100 cm Wiek: 2-3 lat;HUFFY;Rowery dla dzieci;-;https://www.mediaexpert.pl/rowery/rowery-dzieciece/rowery-dzieciece/rower-dzieciecy-huffy-disney-princess-12-cali-dla-dziewczynki-rozowy;399.99;446.88;446.88;ME2808-300926
2026-09-19 17:28:02;Media Expert;Rower dziecięcy HUFFY Fairmont 20 cali dla dziewczynki Turkusowy;HUFFY;Rowery dla dzieci;-;https://www.mediaexpert.pl/rowery/rowery-dzieciece/rowery-dzieciece/rower-dzieciecy-huffy-fairmont-20-cali-dla-dziewczynki-turkusowy;599.99;699.99;699.99;ME2808-300926
2026-09-19 17:28:03;Media Expert;Rower dziecięcy INDIANA Air 20 cali Żółty Wzrost: 120-135 cm Wiek: 6-8 lat;INDIANA;Rowery dla dzieci;-;https://www.mediaexpert.pl/rowery/rowery-dzieciece/rowery-dzieciece/rower-dzieciecy-indiana-air-20-cali-zolty;999.99;1799.99;1399.99;ME2808-300926
2026-09-19 17:28:03;Media Expert;Rower dziecięcy KARBON Superlight 14 cali Fioletowy Wzrost: 95-110 cm Wiek: 3-5 lat;KARBON;Rowery dla dzieci;-;https://www.mediaexpert.pl/rowery/rowery-dzieciece/rowery-dzieciece/rower-dzieciecy-karbon-superlight-14-fioletowy;1148.99;1249.99;1149.00;ME2808-300926
2026-09-19 17:28:03;Media Expert;Rower dziecięcy INDIANA Roxy Kid 12 cali Różowy Wzrost: 85-100 cm Wiek: 2-4 lata;INDIANA;Rowery dla dzieci;-;https://www.mediaexpert.pl/rowery/rowery-dzieciece/rowery-dzieciece/rower-dzieciecy-indiana-roxy-kid-12-cali-dla-dziewczynki-rozowy-1;499.99;699.99;699.99;ME2808-300926
2026-09-19 17:28:03;Media Expert;Rower dziecięcy HUFFY Literide Kids 20 cali Błękitno-grafitowy Wzrost: 120-135 cm Wiek: 7-9 lat;HUFFY;Rowery dla dzieci;-;https://www.mediaexpert.pl/rowery/rowery-dzieciece/rowery-dzieciece/rower-dzieciecy-huffy-literide-kids-20-cali-dla-chlopca-blekitno-grafitowy;1399.99;1749.99;1749.99;ME2808-300926
2026-09-19 17:28:04;Media Expert;Rower dziecięcy BATCH Kids 16 cali Szmaragdowy Wzrost: 100-120 cm Wiek: 4-6 lat;BATCH;Rowery dla dzieci;-;https://www.mediaexpert.pl/rowery/rowery-dzieciece/rowery-dzieciece/rower-dzieciecy-batch-kids-16-cali-dla-dziewczynki-szmaragdowy;1299.99;1699.99;1499.99;ME2808-300926
2026-09-19 17:28:04;Media Expert;Rower dziecięcy BATCH Kids 12 cali Zielony Wzrost: 85-100 cm Wiek: 3-5 lat;BATCH;Rowery dla dzieci;-;https://www.mediaexpert.pl/rowery/rowery-dzieciece/rowery-dzieciece/rower-dzieciecy-batch-kids-12-cali-dla-dziewczynki-zielony;899.98;1399.99;899.99;ME2808-300926
2026-09-19 17:28:04;Media Expert;Rower dziecięcy NICKELODEON Psi patrol 16 cali Czerwony Wzrost: 100-120 cm Wiek: 4-6 lat;NICKELODEON;Rowery dla dzieci;-;https://www.mediaexpert.pl/rowery/rowery-dzieciece/rowery-dzieciece/rower-denver-psi-patrol-16-czerwony;299.99;499.99;349.99;ME2808-300926
2026-09-19 17:28:04;Media Expert;Rower dziecięcy KARBON Superlight Automatic 18 cali Fioletowy Wzrost: 115-130 cm Wiek: 5-7 lat;KARBON;Rowery dla dzieci;-;https://www.mediaexpert.pl/rowery/rowery-dzieciece/rowery-dzieciece/rower-dzieciecy-karbon-superlight-automatic-18-cali-dla-chlopca-fioletowy;1448.99;1549.99;1449.00;ME2808-300926
2026-09-19 17:28:05;Media Expert;Rower dziecięcy INDIANA Roxy Kid 20 Różowy Wzrost: 120-135 cm Wiek: 6-8 lat;INDIANA;Rowery dla dzieci;-;https://www.mediaexpert.pl/rowery/rowery-dzieciece/rowery-dzieciece/rower-dzieciecy-indiana-roxy-kid-20-dla-dziewczynki-rozowy;348.99;599.99;349.00;ME2808-300926
2026-09-19 17:28:05;Media Expert;Rowerek biegowy SUN BABY Twist Plus Samoa Czarno-brązowy;SUN BABY;Rowerki biegowe;-;https://www.mediaexpert.pl/rowery/rowery-dzieciece/rowerki-biegowe/rowerek-biegowy-sun-baby-twist-plus-samoa-czarno-brazowy;179.99;199.99;199.99;ME0209-300926
2026-09-19 17:28:05;Media Expert;Rower młodzieżowy INDIANA X-Pulser 2.6 26 cali dla chłopca Niebiesko-czerwony;INDIANA;Rowery młodzieżowe;-;https://www.mediaexpert.pl/rowery/rowery-dzieciece/rowery-junior/rower-mlodziezowy-indiana-x-pulser-2-6-26-cali-dla-chlopca-niebiesko-czerwony-1;1299.99;2999.00;1499.00;WYPRZEDAZ-ROWERY
2026-09-19 17:28:05;Media Expert;Rower młodzieżowy INDIANA Roxy Jr 24 cale dla dziewczynki Miętowo-różowy;INDIANA;Rowery młodzieżowe;-;https://www.mediaexpert.pl/rowery/rowery-dzieciece/rowery-junior/rower-mlodziezowy-indiana-roxy-jr-24-cale-dla-dziewczynki-mietowo-rozowy;1099.99;1499.99;1199.99;ME2808-300926
2026-09-19 17:28:05;Media Expert;Rower młodzieżowy INDIANA X-Pulser 2.7 27.5 cala dla chłopca Limonkowy;INDIANA;Rowery młodzieżowe;-;https://www.mediaexpert.pl/rowery/rowery-dzieciece/rowery-junior/rower-mlodziezowy-indiana-x-pulser-2-7-27-5-cala-dla-chlopca-limonkowy;1299.99;1699.99;1399.99;ME2808-300926
2026-09-19 17:28:06;Media Expert;Rower młodzieżowy ROMET Jolene Jr 24130734-A 24 cale dla dziewczynki Turkusowo-biały;ROMET;Rowery młodzieżowe;-;https://www.mediaexpert.pl/rowery/rowery-dzieciece/rowery-junior/rower-mlodziezowy-romet-jolene-jr-24130734-a-24-cale-dla-dziewczynki-turkusowo-bialy;1199.99;1849.99;1849.99;ME2808-300926
2026-09-19 17:28:06;Media Expert;Rower trekkingowy INDIANA X-Road 5.0 M19 28 cali męski Ciemnoniebieski;INDIANA;Rowery trekkingowe;-;https://www.mediaexpert.pl/rowery/rowery-trekkingowe/rower-trekkingowy-indiana-x-road-5-0-m19-28-cali-meski-ciemnoniebieski;2299.99;2999.99;2499.98;WYPRZEDAZ-ROWERY
2026-09-19 17:28:06;Media Expert;Rower trekkingowy INDIANA X-Road 3.0 M21 28 cali męski Czarny;INDIANA;Rowery trekkingowe;-;https://www.mediaexpert.pl/rowery/rowery-trekkingowe/rower-trekkingowy-indiana-x-road-3-0-m21-28-cali-meski-czarny;799.99;1699.99;999.99;ME2808-300926
2026-09-19 17:28:06;Media Expert;Rower trekkingowy INDIANA X-Road 1.0 M17 28 cali Amar męski Czarny;INDIANA;Rowery trekkingowe;-;https://www.mediaexpert.pl/rowery/rowery-trekkingowe/rower-trekkingowy-indiana-x-road-1-0-m17-28-cali-meski-czarny-1;899.98;1499.99;899.99;ME2808-300926
2026-09-19 17:28:07;Media Expert;Rower trekkingowy INDIANA X-Road 3.0 M21 26 cali męski Czarny;INDIANA;Rowery trekkingowe;-;https://www.mediaexpert.pl/rowery/rowery-trekkingowe/rower-trekkingowy-indiana-x-road-3-0-m21-26-cali-meski-czarny;899.99;1699.99;988.99;ME2808-300926
2026-09-19 17:28:07;Media Expert;Rower trekkingowy INDIANA X-Road 3.0 D21 28 cali damski Czarno-fioletowy;INDIANA;Rowery trekkingowe;-;https://www.mediaexpert.pl/rowery/rowery-trekkingowe/rower-trekkingowy-indiana-x-road-3-0-d21-28-cali-damski-czarno-fioletowy-2;1599.98;2199.99;1599.99;ME2808-300926
2026-09-19 17:28:07;Media Expert;Rower trekkingowy INDIANA X-Road 1.0 D19 28 cali damski Czarno-fioletowy;INDIANA;Rowery trekkingowe;-;https://www.mediaexpert.pl/rowery/rowery-trekkingowe/rower-trekkingowy-indiana-x-road-1-0-d19-28-cali-damski-czarno-fioletowy;799.99;1249.99;949.99;ME2808-300926
2026-09-19 17:28:07;Media Expert;Rower trekkingowy ROMET Wagant Suv H PV B U20 28 cali Zielony;ROMET;Rowery trekkingowe;-;https://www.mediaexpert.pl/rowery/rowery-trekkingowe/rower-trekkingowy-romet-wagant-suv-h-pv-b-u20-28-cali-zielony;1199.00;2399.99;1599.99;ME2808-300926
2026-09-19 17:28:08;Media Expert;Rower trekkingowy ROMET Wagant SUV L PV U20 28 cali Czarny;ROMET;Rowery trekkingowe;-;https://www.mediaexpert.pl/rowery/rowery-trekkingowe/rower-trekkingowy-romet-wagant-suv-l-pv-u20-28-cali-czarny;1199.00;2399.99;1599.99;ME2808-300926
2026-09-19 17:28:08;Media Expert;Rower trekkingowy INDIANA X-Road 5.0 M19 28 cali męski Czarno-szaro-brązowy;INDIANA;Rowery trekkingowe;-;https://www.mediaexpert.pl/rowery/rowery-trekkingowe/rower-trekkingowy-indiana-x-road-5-0-m19-28-cali-meski-czarno-szaro-brazowy;1399.99;2599.99;1899.99;ME2808-300926
2026-09-19 17:28:08;Media Expert;Rower crossowy INDIANA X-Cross 2.0 D17 damski Czarno-różowy;INDIANA;Rowery crossowe;-;https://www.mediaexpert.pl/rowery/rowery-cross/rower-crossowy-indiana-x-cross-2-0-d17-damski-czarno-rozowy-1;899.99;1399.99;1399.99;ME2808-300926
2026-09-19 17:28:08;Media Expert;Rower crossowy INDIANA X-Cross 3.0 D17 damski Czarno-turkusowy;INDIANA;Rowery crossowe;-;https://www.mediaexpert.pl/rowery/rowery-cross/rower-crossowy-indiana-x-cross-3-0-d17-damski-czarno-turkusowy-2;1899.99;1999.99;1999.99;ME2808-300926
2026-09-19 17:28:08;Media Expert;Rower crossowy INDIANA X-Cross 3.0 M21 męski Czarno-niebieski;INDIANA;Rowery crossowe;-;https://www.mediaexpert.pl/rowery/rowery-cross/rower-crossowy-indiana-x-cross-3-0-m21-meski-czarno-niebieski;1799.99;1999.99;1899.99;ME2808-300926
2026-09-19 17:28:09;Media Expert;Rower crossowy ROMET Orkan 1.0 M 28210350-A M21 Czarno-srebrny;ROMET;Rowery crossowe;-;https://www.mediaexpert.pl/rowery/rowery-cross/rower-crossowy-romet-orkan-1-0-m-28210350-a-m21-czarno-srebrny;1699.99;2199.99;2199.99;ME2808-300926
2026-09-19 17:28:09;Media Expert;Rower szosowy BOTTECCHIA Duello M19 28 cali Czerwony;BOTTECCHIA;Rowery szosowe;-;https://www.mediaexpert.pl/rowery/rowery-szosowe/rower-gravel-bottecchia-duello-m19-28-cali-meski-czerwony;1999.99;4619.99;4619.99;ME2808-300926
2026-09-19 17:28:09;Media Expert;Rower gravel KROSS Esker 1.0 U22 28 cali Niebiesko-zielony;KROSS;Rowery gravel;-;https://www.mediaexpert.pl/rowery/rowery-gravel/rower-gravel-kross-esker-1-0-m22-28-cali-meski-niebiesko-zielony;2399.99;2499.99;2499.99;ME0809-300926
2026-09-19 17:28:09;Media Expert;Rower gravel INDIANA Claris M22 28 cali męski Brązowo-pomarańczowy;INDIANA;Rowery gravel;-;https://www.mediaexpert.pl/rowery/rowery-gravel/rower-gravel-indiana-claris-m22-28-cali-meski-brazowo-pomaranczowy;1799.99;2699.99;2199.99;ME2808-300926
2026-09-19 17:28:10;Media Expert;Rower gravel FONDRIEST Raptor 1.0 U22 28 cali Vittoria Czarno-zielony;FONDRIEST;Rowery gravel;-;https://www.mediaexpert.pl/rowery/rowery-gravel/rower-przelajowy-fondriest-raptor-1-0-m22-28-cali-meski-czarno-zielony-1;2898.98;4899.99;2898.99;ME2808-300926
2026-09-19 17:28:10;Media Expert;Przyczepka rowerowa BELLELLI Trailblazer BEL01BLZ006 41kg Pasy Zielony;BELLELLI;Przyczepki rowerowe;-;https://www.mediaexpert.pl/rowery/akcesoria-do-rowerow/przyczepki-rowerowe/przyczepka-rowerowa-bellelli-trailblazer-bel01blz006-zielony;799.99;999.99;999.99;ME2608-300926
2026-09-19 17:28:10;Media Expert;Przyczepka rowerowa HAMAX Avenida Twin 45kg Pasy Limonkowy;HAMAX;Przyczepki rowerowe;-;https://www.mediaexpert.pl/rowery/akcesoria-do-rowerow/przyczepki-rowerowe/przyczepka-rowerowa-hamax-avenida-twin-limonkowy;2149.99;2299.00;2199.99;ME2608-300926
2026-09-19 17:28:10;Media Expert;Kask rowerowy LAZER Maze KinetiCore Miedziany Miejski z możliwością zamontowania lampki (rozmiar M/L, 54-61 cm);LAZER;Kaski rowerowe;-;https://www.mediaexpert.pl/rowery/odziez-rowerowa/kaski-sportowe/kask-rowerowy-lazer-maze-kineticore-miedziany-miejski-rozmiar-m-l;179.99;219.99;219.99;ME0209-300926
2026-09-19 17:28:11;Media Expert;Kask rowerowy BELL Sidetrack II Biały dla Dzieci (rozmiar S/M, 50-57 cm) MIPS;BELL;Kaski rowerowe;-;https://www.mediaexpert.pl/rowery/odziez-rowerowa/kaski-sportowe/kask-rowerowy-bell-sidetrack-ii-bialy-dla-dzieci-rozmiar-uniwersalny-mips;179.99;249.99;249.99;ME0209-300926
2026-09-19 17:28:11;Media Expert;Kask DISNEY Myszka Minnie Miętowy dla Dzieci (rozmiar M, 52-56 cm);DISNEY;Kaski rowerowe;-;https://www.mediaexpert.pl/rowery/odziez-rowerowa/kaski-sportowe/kask-disney-myszka-minnie-mietowy-dla-dzieci-rozmiar-m-52-56-cm;59.99;151.95;84.99;ME2707-301026
2026-09-19 17:28:11;Media Expert;Lampka rowerowa CATEYE HL-EL135N;CATEYE;Lampki rowerowe;-;https://www.mediaexpert.pl/rowery/akcesoria-do-rowerow/oswietlenie-rowerowe/lampka-rowerowa-cateye-hl-el135n;59.99;98.79;98.79;ME0209-300926
2026-09-19 17:28:11;Media Expert;Lampka rowerowa TRELOCK LS 611 Duo Flat E-Bike 8005032;TRELOCK;Lampki rowerowe;-;https://www.mediaexpert.pl/rowery/akcesoria-do-rowerow/oswietlenie-rowerowe/lampka-rowerowa-trelock-ls-611-duo-flat-e-bike-8005032;54.99;106.16;106.16;ME0209-300926
2026-09-19 17:28:11;Media Expert;Zestaw lampek rowerowych TRELOCK LS 480 Lighthammer 8006206;TRELOCK;Lampki rowerowe;-;https://www.mediaexpert.pl/rowery/akcesoria-do-rowerow/oswietlenie-rowerowe/zestaw-lampek-rowerowych-trelock-ls-480-lighthammer-8006206;299.99;383.92;383.92;ME0209-300926
2026-09-19 17:28:12;Media Expert;Zestaw lampek rowerowych KRYPTONITE Street F500 - Avenue R45;KRYPTONITE;Lampki rowerowe;-;https://www.mediaexpert.pl/rowery/akcesoria-do-rowerow/oswietlenie-rowerowe/zestaw-lampek-rowerowych-kryptonite-street-f500-avenue-r45;199.99;249.00;249.00;ME0209-300926
2026-09-19 17:28:12;Media Expert;Lampka rowerowa KROSS Parsec 1500 T4COSLP0255;KROSS;Lampki rowerowe;-;https://www.mediaexpert.pl/rowery/akcesoria-do-rowerow/oswietlenie-rowerowe/lampka-rowerowa-kross-parsec-1500-t4coslp0255;304.99;315.85;315.85;ME0209-300926
2026-09-19 17:28:12;Media Expert;Czujnik kadencji FIXED FIXSPN-BK;FIXED;Czujniki rowerowe;-;https://www.mediaexpert.pl/rowery/akcesoria-do-rowerow/czujniki-rowerowe/czujnik-kadencji-fixed-fixspn-bk;69.99;89.99;89.99;ME0209-300926
2026-09-19 17:28:12;Media Expert;Licznik rowerowy CATEYE Padrone Digital CC-PA400B;CATEYE;Liczniki rowerowe;-;https://www.mediaexpert.pl/rowery/akcesoria-do-rowerow/liczniki-rowerowe/licznik-rowerowy-cateye-padrone-digital-cc-pa400b;309.99;418.22;329.99;ME0209-300926
2026-09-19 17:28:13;Media Expert;Torba rowerowa podsiodłowa TOPEAK Aero Wedge Pack Medium;TOPEAK;Torby rowerowe;-;https://www.mediaexpert.pl/rowery/akcesoria-do-rowerow/torby-rowerowe/torba-rowerowa-topeak-aero-wedge-pack-medium-podsiodlowa;69.99;89.99;89.99;ME0209-300926
2026-09-19 17:28:13;Media Expert;Torba rowerowa na ramę SKS Urban Toptube;SKS;Torby rowerowe;-;https://www.mediaexpert.pl/rowery/akcesoria-do-rowerow/torby-rowerowe/torba-rowerowa-na-rame-sks-urban-toptube;79.99;89.99;89.99;ME0209-300926
2026-09-19 17:28:13;Media Expert;Torba rowerowa na ramę SKS Urban Stem;SKS;Torby rowerowe;-;https://www.mediaexpert.pl/rowery/akcesoria-do-rowerow/torby-rowerowe/torba-rowerowa-na-rame-sks-urban-stem;119.99;139.99;129.99;ME0209-300926
2026-09-19 17:28:13;Media Expert;Zapięcie rowerowe ABUS Bordo Lite Mini 6055C/60 Folding Lock Składane Czarny;ABUS;Zabezpieczenie roweru;-;https://www.mediaexpert.pl/rowery/akcesoria-do-rowerow/zamki-i-zapiecia/zapiecie-rowerowe-abus-bordo-lite-mini-6055c-60-folding-lock-skladane-czarny;159.99;199.99;199.99;ME0209-300926
2026-09-19 17:28:14;Media Expert;Zapięcie rowerowe TRELOCK KS 312 85-12 Klucz Linka Czarny;TRELOCK;Zabezpieczenie roweru;-;https://www.mediaexpert.pl/rowery/akcesoria-do-rowerow/zamki-i-zapiecia/zapiecie-rowerowe-trelock-ks-312-85-12-klucz-linka-czarny;74.99;139.99;139.99;ME0209-300926
2026-09-19 17:28:14;Media Expert;Zapięcie rowerowe ABUS Infinity Loop 1806/110 Łańcuch Czarny;ABUS;Zabezpieczenie roweru;-;https://www.mediaexpert.pl/rowery/akcesoria-do-rowerow/zamki-i-zapiecia/zapiecie-rowerowe-abus-infinity-loop-1806-110-lancuch-czarny;179.99;194.98;183.66;ME0209-300926
2026-09-19 17:28:14;Media Expert;Zapięcie rowerowe TRELOCK ZR 310 8002879 Linka Czarny;TRELOCK;Zabezpieczenie roweru;-;https://www.mediaexpert.pl/rowery/akcesoria-do-rowerow/zamki-i-zapiecia/zapiecie-rowerowe-trelock-zr-310-8002879-linka-czarny;99.99;117.99;117.99;ME0209-300926
2026-09-19 17:28:14;Media Expert;Zapięcie rowerowe ABUS UV Lock 0101 Linka Czarny;ABUS;Zabezpieczenie roweru;-;https://www.mediaexpert.pl/rowery/akcesoria-do-rowerow/zamki-i-zapiecia/zapiecie-rowerowe-abus-uv-lock-0101-linka-czarny;44.99;79.99;79.99;ME0209-300926
2026-09-19 17:28:14;Media Expert;Zapięcie rowerowe TRELOCK SK 415 8005417 Linka Czarny;TRELOCK;Zabezpieczenie roweru;-;https://www.mediaexpert.pl/rowery/akcesoria-do-rowerow/zamki-i-zapiecia/zapiecie-rowerowe-trelock-sk-415-8005417-linka-czarny;149.99;237.72;237.72;ME0209-300926
2026-09-19 17:28:15;Media Expert;Zapięcie rowerowe ABUS Bordo uGrip 5700C Folding lock Składane Czarny;ABUS;Zabezpieczenie roweru;-;https://www.mediaexpert.pl/rowery/akcesoria-do-rowerow/zamki-i-zapiecia/zapiecie-rowerowe-abus-bordo-ugrip-5700c-folding-lock-skladane-czarny;209.99;236.90;236.90;ME0209-300926
2026-09-19 17:28:15;Media Expert;Zapięcie rowerowe ABUS 4408C/65 Linka Niebieski;ABUS;Zabezpieczenie roweru;-;https://www.mediaexpert.pl/rowery/akcesoria-do-rowerow/zamki-i-zapiecia/zapiecie-rowerowe-abus-4408c-65-linka-niebieski;49.99;59.99;59.99;ME0209-300926
2026-09-19 17:28:15;Media Expert;Zapięcie rowerowe TRELOCK SK 415 8005366 Linka Czarny;TRELOCK;Zabezpieczenie roweru;-;https://www.mediaexpert.pl/rowery/akcesoria-do-rowerow/zamki-i-zapiecia/zapiecie-rowerowe-trelock-sk-415-8005366-linka-czarny;94.99;197.91;110.00;WRZESIEN1809
2026-09-19 17:28:15;Media Expert;Chwyty do kierownicy PRO Lock On Race 30 mm PRGP0045 Czarny;PRO;Rączki do rowerów;-;https://www.mediaexpert.pl/rowery/akcesoria-do-rowerow/raczki-do-rowerow/chwyty-do-kierownicy-pro-lock-on-race-30-mm-prgp0045-czarny;72.99;89.99;89.99;ME0209-300926
2026-09-19 17:28:16;Media Expert;Buty rowerowe SHIMANO SH-GE500 Czarny (rozmiar 48);SHIMANO;Buty rowerowe;-;https://www.mediaexpert.pl/rowery/odziez-rowerowa/buty-rowerowe/buty-rowerowe-shimano-sh-ge500-czarny-rozmiar-48;309.99;349.99;349.99;ME0209-300926
2026-09-19 17:28:16;Media Expert;Bidon ELITE Vintage Alu 600 ml Srebrny;ELITE;Bidony;-;https://www.mediaexpert.pl/rowery/akcesoria-do-rowerow/bidony-i-koszyki/bidon-elite-vintage-alu-600-ml-srebrny;79.99;89.99;89.99;ME0209-300926
2026-09-19 17:28:16;Media Expert;Szelki do fotelika HAMAX Siesta Smiley 603075 HAM;HAMAX;Foteliki na rower;-;https://www.mediaexpert.pl/rowery/akcesoria-do-rowerow/foteliki-rowerowe/szelki-do-fotelika-hamax-siesta-smiley-603075-ham;84.99;99.99;99.99;ME0209-300926
2026-09-19 17:28:16;Media Expert;Buty rowerowe SHIMANO SH-GE700 Czarny (rozmiar 43);SHIMANO;Buty rowerowe;-;https://www.mediaexpert.pl/rowery/odziez-rowerowa/buty-rowerowe/buty-rowerowe-shimano-sh-ge700-czarny-rozmiar-43;449.99;499.99;499.99;ME0209-300926
2026-09-19 17:28:17;Media Expert;Rękawiczki rowerowe SHIMANO S-Phyre Leggera Szary (rozmiar S);SHIMANO;Rękawiczki rowerowe;-;https://www.mediaexpert.pl/rowery/odziez-rowerowa/rekawiczki-rowerowe/rekawiczki-rowerowe-shimano-s-phyre-leggera-szary-rozmiar-s;89.99;99.99;99.99;ME0209-300926
2026-09-19 17:28:17;Media Expert;"Opona rowerowa CONTINENTAL Contact Speed CO0101393 26""";CONTINENTAL;Opony rowerowe;-;https://www.mediaexpert.pl/rowery/czesci-rowerowe/opony-do-rowerow/opona-rowerowa-continental-contact-speed-co0101393-26;87.99;159.99;159.99;ME0209-300926
2026-09-19 17:28:17;Media Expert;Rękawiczki rowerowe SHIMANO Airway (rozmiar S) Niebieski;SHIMANO;Rękawiczki rowerowe;-;https://www.mediaexpert.pl/rowery/odziez-rowerowa/rekawiczki-rowerowe/rekawiczki-rowerowe-shimano-airway-rozmiar-s-niebieski;59.99;79.99;79.99;ME0209-300926
2026-09-19 17:28:17;Media Expert;Etui XLINE MagSystem Aramid Guardx do Samsung Galaxy S26 Ultra Czarny;XLINE;Etui na telefony;-;https://www.mediaexpert.pl/smartfony-i-zegarki/akcesoria-do-telefonow/pokrowce-i-etui/etui-xline-magsystem-aramid-guardx-do-samsung-galaxy-s26-ultra-czarny;229.85;319.99;229.86;RW0109-3009
2026-09-19 17:28:17;Media Expert;Interkom motocyklowy CROWNMICRO T2 Plus;CROWNMICRO;Interkomy motocyklowe;-;https://www.mediaexpert.pl/motoryzacja/akcesoria-motocyklowe/interkomy-motocyklowe/interkom-motocyklowy-crownmicro-t2-plus;399.99;499.99;499.99;ME0209-300926
2026-09-19 17:28:18;Media Expert;Pokrowiec na akumulator CARPASSION 40207;CARPASSION;Pokrowce samochodowe;-;https://www.mediaexpert.pl/motoryzacja/akcesoria-do-pojazdow/pokrowce-na-samochod/pokrowiec-na-akumulator-carpassion-40207;44.99;59.99;59.99;ME0209-300926
2026-09-19 17:28:18;Media Expert;Sprężarka FIELDMANN FDAK 201101-E;FIELDMANN;Pozostałe akcesoria samochodowe;-;https://www.mediaexpert.pl/motoryzacja/akcesoria-do-pojazdow/pozostale-akcesoria-do-pojazdow/sprezarka-fieldmann-fdak-201101-e;319.99;329.99;329.99;ME0209-300926
2026-09-19 17:28:18;Media Expert;Wioślarz wodny KINGSMITH RMWR3LF;KINGSMITH;Wioślarze;-;https://www.mediaexpert.pl/sport-i-rekreacja/fitness-i-silownia/wioslarze/wioslarz-wodny-kingsmith-rmwr3lf;1499.00;1629.00;1623.59;R1509-300926
2026-09-19 17:28:18;Media Expert;Rower magnetyczny DEERRUN S500 Pro;DEERRUN;Rowery stacjonarne;-;https://www.mediaexpert.pl/sport-i-rekreacja/fitness-i-silownia/rowerki/rower-magnetyczny-deerrun-s500-pro;899.00;999.00;999.00;R1509-300926
2026-09-19 17:28:19;Media Expert;Rower magnetyczny KINGSMITH EBW18 W1B;KINGSMITH;Rowery stacjonarne;-;https://www.mediaexpert.pl/sport-i-rekreacja/fitness-i-silownia/rowerki/rower-magnetyczny-kingsmith-ebw18-w1b;1499.00;1799.00;1599.00;R1509-300926
2026-09-19 17:28:19;Media Expert;Adapter do osi ELITE EL1014303;ELITE;Akcesoria do trenażerów;-;https://www.mediaexpert.pl/sport-i-rekreacja/trenazery-rowerowe-i-akcesoria/akcesoria-do-trenazerow/adapter-do-osi-elite-el1014303;29.99;31.95;31.95;ME0209-300926
2026-09-19 17:28:19;Media Expert;Bębenek kasety GARMIN Tacx Campagnolo T2805.51;GARMIN;Akcesoria do trenażerów;-;https://www.mediaexpert.pl/sport-i-rekreacja/trenazery-rowerowe-i-akcesoria/akcesoria-do-trenazerow/bebenek-kasety-garmin-tacx-campagnolo-t2805-51;269.99;279.99;279.99;ME0209-300926
2026-09-19 17:28:19;Media Expert;Bidon OSHEE Sportowy Hydration Żółty (600 ml);OSHEE;Bidony i shakery;-;https://www.mediaexpert.pl/sport-i-rekreacja/suplementy-na-silownie/bidony-i-shakery/bidon-oshee-sportowy-hydration-zolty-600-ml;29.90;39.99;39.99;ME1409-101026
2026-09-19 17:28:20;Media Expert;Hula hop HMS HHM14 Fioletowy;HMS;Hula hop;-;https://www.mediaexpert.pl/sport-i-rekreacja/akcesoria-treningowe/hula-hop/hula-hop-hms-hhm14-fioletowy;39.99;67.49;61.00;ME1409-101026
2026-09-19 17:28:20;Media Expert;Gryf BEST SPORTING 614126 (120 cm);BEST SPORTING;Gryfy i sztangi;-;https://www.mediaexpert.pl/sport-i-rekreacja/silownia/gryfy-i-sztangi/gryf-best-sporting-614126-120-cm;69.99;129.99;98.99;ME1409-101026
2026-09-19 17:28:20;Media Expert;Hantla HMS Hex Pro (40 kg);HMS;Hantle i ciężarki;-;https://www.mediaexpert.pl/sport-i-rekreacja/silownia/gryfy-hantle-i-obciazenia/hantla-hms-hex-pro-40-kg;399.00;490.00;490.00;ME1409-101026
2026-09-19 17:28:20;Media Expert;Ochraniacz na kark HMS WNK01;HMS;Pozostałe do fitness i siłowni;-;https://www.mediaexpert.pl/sport-i-rekreacja/akcesoria-treningowe/pozostale-do-fitness-i-silowni/ochraniacz-na-kark-hms-wnk01;9.99;35.00;25.99;ME1409-101026
2026-09-19 17:28:20;Media Expert;Hantla HMS HPC (35 kg);HMS;Hantle i ciężarki;-;https://www.mediaexpert.pl/sport-i-rekreacja/silownia/gryfy-hantle-i-obciazenia/hantla-hms-hpc-35-kg;599.00;681.00;634.00;ME1409-101026
2026-09-19 17:28:21;Media Expert;Hula hop ENERO FIT 1055688;ENERO FIT;Hula hop;-;https://www.mediaexpert.pl/sport-i-rekreacja/akcesoria-treningowe/hula-hop/hula-hop-enero-fit-1055688;49.99;59.90;59.90;ME1409-101026
2026-09-19 17:28:21;Media Expert;Deskorolka DISNEY Kraina Lodu 2 59979;DISNEY;Deskorolki tradycyjne;-;https://www.mediaexpert.pl/sport-i-rekreacja/deskorolki/deskorolki/deskorolka-disney-kraina-lodu-2-59979;99.99;179.99;139.99;ME2707-301026
2026-09-19 17:28:21;Media Expert;Saperka NEO TOOLS 8 w 1;NEO TOOLS;Saperki;-;https://www.mediaexpert.pl/sport-i-rekreacja/turystyka/saperki/saperka-neo-tools-8-w-1;99.00;141.95;141.95;ME0409-300926
2026-09-19 17:28:21;Media Expert;Samochód zdalnie sterowany TAIYO Jeep Raptor 160109A;TAIYO;Samochody zdalnie sterowane;-;https://www.mediaexpert.pl/zabawki/kolejki-i-samochody-zabawkowe/samochody-zdalnie-sterowane/samochod-zdalnie-sterowany-taiyo-jeep-raptor-160109a;119.99;199.00;139.49;ME1509-240926
2026-09-19 17:28:22;Media Expert;Samochód zdalnie sterowany RASTAR Lamborghini Aventador SVJ 96010;RASTAR;Samochody zdalnie sterowane;-;https://www.mediaexpert.pl/zabawki/kolejki-i-samochody-zabawkowe/samochody-zdalnie-sterowane/samochod-zdalnie-sterowany-rastar-lamborghini-aventador-svj-96010;123.49;152.36;129.99;ME1509-240926
2026-09-19 17:28:22;Media Expert;Samochód zdalnie sterowany TAIYO Mini Truck 400008BT;TAIYO;Samochody zdalnie sterowane;-;https://www.mediaexpert.pl/zabawki/kolejki-i-samochody-zabawkowe/samochody-zdalnie-sterowane/samochod-zdalnie-sterowany-taiyo-mini-truck-400008bt;42.99;69.99;44.99;ME1509-240926
2026-09-19 17:28:22;Media Expert;Samochód zdalnie sterowany RW Mercedes AMG C63 6216M;RM;Samochody zdalnie sterowane;-;https://www.mediaexpert.pl/zabawki/kolejki-i-samochody-zabawkowe/samochody-zdalnie-sterowane/samochod-zdalnie-sterowany-rw-mercedes-amg-c63-6216m;99.99;149.00;104.99;ME1509-240926
2026-09-19 17:28:22;Media Expert;Ciężarówka zdalnie sterowana HUINA 1317H;HUINA;Samochody zdalnie sterowane;-;https://www.mediaexpert.pl/zabawki/kolejki-i-samochody-zabawkowe/samochody-zdalnie-sterowane/ciezarowka-zdalnie-sterowana-huina-1317h;146.99;239.99;154.99;ME1509-240926
2026-09-19 17:28:23;Media Expert;Lalka DISNEY FROZEN Kraina Lodu Śpiewająca Elsa JDX52;DISNEY FROZEN;Lalki i akcesoria;-;https://www.mediaexpert.pl/zabawki/lalki-i-figurki/lalki-i-akcesoria/lalka-disney-frozen-kraina-lodu-spiewajaca-elsa-jdx52;130.99;174.99;140.41;ME0109-300926
2026-09-19 17:28:23;Media Expert;Maskotka HASBRO Furby Złota Blask G1938120;HASBRO;Pluszaki;-;https://www.mediaexpert.pl/zabawki/zabawki-dla-najmlodszych/pluszaki/maskotka-hasbro-furby-zlota-blask-g1938120;199.99;239.99;232.79;R1609-300926
2026-09-19 17:28:23;Media Expert;Zabawka pilocik FISHER PRICE Ucz się i śmiej! HHM24;FISHER PRICE;Zabawki edukacyjne;-;https://www.mediaexpert.pl/zabawki/zabawki-edukacyjne/zabawki-edukacyjne/zabawka-fisher-price-pilocik-hhm24;29.99;44.99;44.46;ME0109-300926
2026-09-19 17:28:23;Media Expert;Tor Hot Wheels City Rekin Starcie na plaży JHL96;HOT WHEELS;Samochody i pojazdy zabawkowe;-;https://www.mediaexpert.pl/zabawki/kolejki-i-samochody-zabawkowe/samochody-i-pojazdy-zabawkowe/tor-hot-wheels-city-rekin-starcie-na-plazy-jhl96;117.99;149.99;141.55;ME0109-300926
2026-09-19 17:28:23;Media Expert;Zabawka edukacyjna FISHER PRICE Ucz się i śmiej! Tablet JNH92;FISHER PRICE;Zabawki edukacyjne;-;https://www.mediaexpert.pl/zabawki/zabawki-edukacyjne/zabawki-edukacyjne/zabawka-edukacyjna-fisher-price-ucz-sie-i-smiej-tablet-jnh92;69.99;79.99;79.99;ME0109-300926
2026-09-19 17:28:24;Media Expert;Zabawka aparat LEXIBOOK 3D Psi Patrol DJ078PA;LEXIBOOK;Zabawki elektroniczne;-;https://www.mediaexpert.pl/zabawki/zabawki-kreatywne/zabawki-elektroniczne/zabawka-aparat-lexibook-3d-psi-patrol-dj078pa;139.99;147.47;147.47;ME1409-200926
2026-09-19 17:28:24;Media Expert;Tor Hot Wheels City Sklepik Guma balonowa JBM62;HOT WHEELS;Samochody i pojazdy zabawkowe;-;https://www.mediaexpert.pl/zabawki/kolejki-i-samochody-zabawkowe/samochody-i-pojazdy-zabawkowe/tor-hot-wheels-city-sklepik-guma-balonowa-jbm62;56.99;79.99;60.49;ME0109-300926
2026-09-19 17:28:24;Media Expert;Zabawka interaktywna SPIN MASTER Bitzee Zwierzątka w Kuli 6072283;SPIN MASTER;Figurki dla dzieci;-;https://www.mediaexpert.pl/zabawki/lalki-i-figurki/figurki-dla-dzieci/zabawka-interaktywna-spin-master-bitzee-zwierzatka-w-kuli-6072283;69.99;189.99;75.02;ME0209-300926
2026-09-19 17:28:24;Media Expert;Zabawka budzik z lampką nocną LEXIBOOK Sonic the Hedgehog RL800SN;LEXIBOOK;Zabawki elektroniczne;-;https://www.mediaexpert.pl/zabawki/zabawki-kreatywne/zabawki-elektroniczne/zabawka-budzik-z-lampka-nocna-lexibook-sonic-the-hedgehog-rl800sn;129.99;144.99;144.99;ME1409-200926
2026-09-19 17:28:25;Media Expert;Gra logiczna ALBI Czytaj z Albikiem Memo - Dźwięki wokół nas 17327;ALBI;Gry logiczne;-;https://www.mediaexpert.pl/zabawki/gry-planszowe-i-puzzle/gry-logiczne/gra-logiczna-albi-czytaj-z-albikiem-memo-dzwieki-wokol-nas-17327;28.49;41.99;29.99;ME1509-240926
2026-09-19 17:28:25;Media Expert;Lalka DISNEY FROZEN Kraina Lodu Śpiewająca Elsa Magiczne światełka JNB97;DISNEY FROZEN;Lalki i akcesoria;-;https://www.mediaexpert.pl/zabawki/lalki-i-figurki/lalki-i-akcesoria/lalka-disney-frozen-kraina-lodu-spiewajaca-elsa-magiczne-swiatelka-jnb97;117.99;132.19;132.19;ME0109-300926
2026-09-19 17:28:25;Media Expert;Zabawka mikrofon LEXIBOOK Kraina Lodu II MIC240FZ;LEXIBOOK;Zabawki elektroniczne;-;https://www.mediaexpert.pl/zabawki/zabawki-kreatywne/zabawki-elektroniczne/zabawka-mikrofon-lexibook-disney-kraina-lodu-ii-mic240fz;114.99;149.99;149.99;ME1409-200926
2026-09-19 17:28:25;Media Expert;Kolejka THOMAS AND FRIENDS Dźwig Karolcia i Sandy HDY58;THOMAS AND FRIENDS;Kolejki dla dzieci;-;https://www.mediaexpert.pl/zabawki/kolejki-i-samochody-zabawkowe/kolejki-dla-dzieci/kolejka-fisher-price-tomek-i-przyjaciele-dzwig-karolcia-i-sandy-hdy58;97.99;105.03;90.13;ME0109-300926
2026-09-19 17:28:26;Media Expert;Zabawka edukacyjna LEXIBOOK Projektor Planetarium NLJ181I17;LEXIBOOK;Zabawki edukacyjne;-;https://www.mediaexpert.pl/zabawki/zabawki-edukacyjne/zabawki-edukacyjne/zabawka-edukacyjna-lexibook-projektor-planetarium-nlj181i17;149.99;179.99;169.99;ME1409-200926
2026-09-19 17:28:26;Media Expert;Zabawka gitara klasyczna LEXIBOOK Psi patrol K200PA;LEXIBOOK;Instrumenty dla dzieci;-;https://www.mediaexpert.pl/zabawki/instrumenty-dla-dzieci/zabawka-gitara-klasyczna-lexibook-psi-patrol-k200pa;87.99;113.03;92.99;ME1509-240926
2026-09-19 17:28:26;Media Expert;Karuzela CHICCO Magiczny Las 00011350000000;CHICCO;Karuzele do łóżeczek;-;https://www.mediaexpert.pl/zabawki/zabawki-dla-najmlodszych/karuzele-do-lozeczek/karuzela-chicco-magiczny-las-00011350000000;154.99;209.99;164.99;ME1509-240926
2026-09-19 17:28:26;Media Expert;Zabawka Zestaw instrumentów muzycznych LEXIBOOK Disney Mickey Mouse K360MCH;LEXIBOOK;Instrumenty dla dzieci;-;https://www.mediaexpert.pl/zabawki/instrumenty-dla-dzieci/zabawka-zestaw-instrumentow-muzycznych-lexibook-disney-mickey-mouse-k360mch;89.99;109.99;109.99;ME1409-200926
2026-09-19 17:28:26;Media Expert;Zabawka konsola LEXIBOOK Stitch JL2367D;LEXIBOOK;Zabawki elektroniczne;-;https://www.mediaexpert.pl/zabawki/zabawki-kreatywne/zabawki-elektroniczne/zabawka-konsola-lexibook-stitch-jl2367d;99.99;149.60;148.98;ME1409-200926
2026-09-19 17:28:27;Media Expert;Zabawka CHICCO Magic Forest Animal Tummy Time 00011351000000;CHICCO;Pozostałe zabawki;-;https://www.mediaexpert.pl/zabawki/pozostale-zabawki/zabawka-chicco-magic-forest-animal-tummy-time-00011351000000;58.89;83.20;61.99;ME1509-240926
2026-09-19 17:28:27;Media Expert;Zabawka edukacyjna CHICCO Turbo Ball Rolling Truck 00010852000000;CHICCO;Zabawki edukacyjne;-;https://www.mediaexpert.pl/zabawki/zabawki-edukacyjne/zabawki-edukacyjne/zabawka-edukacyjna-chicco-turbo-ball-rolling-truck-00010852000000;58.89;89.99;61.99;ME1509-240926
2026-09-19 17:28:27;Media Expert;Wózek ASI Martina ASI3712001;ASI;Lalki i akcesoria;-;https://www.mediaexpert.pl/zabawki/lalki-i-figurki/lalki-i-akcesoria/wozek-asi-martina-asi3712001;129.99;179.99;149.99;ME1509-240926
2026-09-19 17:28:27;Media Expert;Lalka DISNEY PRINCESS Jewel Reveal Kopciuszek JHL50;DISNEY PRINCESS;Lalki i akcesoria;-;https://www.mediaexpert.pl/zabawki/lalki-i-figurki/lalki-i-akcesoria/lalka-disney-princess-jewel-reveal-kopciuszek-jhl50;106.99;115.30;98.86;ME0109-300926
2026-09-19 17:28:28;Media Expert;Zabawka zegarek LEXIBOOK Batman DMW060BAT;LEXIBOOK;Zabawki elektroniczne;-;https://www.mediaexpert.pl/zabawki/zabawki-kreatywne/zabawki-elektroniczne/zabawka-zegarek-lexibook-dc-comics-batman-dmw060bat;69.99;79.99;79.99;ME1409-200926
2026-09-19 17:28:28;Media Expert;Zabawka krótkofalówka LEXIBOOK Stitch & Angel TW18D1;LEXIBOOK;Zabawki elektroniczne;-;https://www.mediaexpert.pl/zabawki/zabawki-kreatywne/zabawki-elektroniczne/zabawka-krotkofalowka-lexibook-stitch-angel-tw18d1;89.99;144.99;119.89;ME1409-200926
2026-09-19 17:28:28;Media Expert;Samochód zdalnie sterowany LEXIBOOK Crosslander Slide RC58;LEXIBOOK;Samochody zdalnie sterowane;-;https://www.mediaexpert.pl/zabawki/kolejki-i-samochody-zabawkowe/samochody-zdalnie-sterowane/samochod-zdalnie-sterowany-lexibook-crosslander-slide-rc58;129.99;179.99;179.99;ME1409-200926
2026-09-19 17:28:28;Media Expert;Zestaw kreatywny KIDS EUROSWAN WOW Generation Spray and Design WOW00085;KIDS EUROSWAN;Zabawki kreatywne;-;https://www.mediaexpert.pl/zabawki/zabawki-kreatywne/zabawki-kreatywne/zestaw-kreatywny-kids-euroswan-wow-generation-spray-and-design-wow00085;65.99;78.36;68.99;ME1509-240926
2026-09-19 17:28:29;Media Expert;Zabawka zegarek z kalendarzem KIDS EUROSWAN Spider-Man SPD4987;KIDS EUROSWAN;Zabawki elektroniczne;-;https://www.mediaexpert.pl/zabawki/zabawki-kreatywne/zabawki-elektroniczne/zabawka-zegarek-kids-euroswan-spider-man-z-kalendarzem-spd4987;36.99;54.99;38.99;ME1509-240926
2026-09-19 17:28:29;Media Expert;Ciastolina SCENTOS Maszynka do makaronu ST 42969;SCENTOS;Zabawki kreatywne;-;https://www.mediaexpert.pl/zabawki/zabawki-kreatywne/zabawki-kreatywne/ciastolina-scentos-maszynka-do-makaronu-st-42969;59.99;85.00;62.99;ME1509-240926
2026-09-19 17:28:29;Media Expert;Maskotka TY Beanie Bellies Tink Pies 43204;TY;Pluszaki;-;https://www.mediaexpert.pl/zabawki/zabawki-dla-najmlodszych/pluszaki/maskotka-ty-beanie-bellies-tink-pies-43204;34.99;64.99;43.99;ME1509-240926
2026-09-19 17:28:29;Media Expert;Zabawka lampka nocna z głośnikiem LEXIBOOK Sonic The Hedgehog NS02SN;LEXIBOOK;Zabawki elektroniczne;-;https://www.mediaexpert.pl/zabawki/zabawki-kreatywne/zabawki-elektroniczne/zabawka-lampka-nocna-z-glosnikiem-lexibook-sonic-the-hedgehog-ns02sn;85.49;124.99;89.99;ME1509-240926
2026-09-19 17:28:29;Media Expert;Lalka małpka ASI Animal Reborn Lola 607450;ASI;Lalki i akcesoria;-;https://www.mediaexpert.pl/zabawki/lalki-i-figurki/lalki-i-akcesoria/lalka-malpka-asi-animal-reborn-lola-607450;174.99;222.47;184.99;ME1509-240926
2026-09-19 17:28:30;Media Expert;Zabawka budzik z lampką nocną LEXIBOOK Król Lew RL800AN;LEXIBOOK;Zabawki elektroniczne;-;https://www.mediaexpert.pl/zabawki/zabawki-kreatywne/zabawki-elektroniczne/zabawka-budzik-z-lampka-nocna-lexibook-krol-lew-rl800an;79.99;144.99;99.99;ME1509-240926
2026-09-19 17:28:30;Media Expert;Lokomotywa FISHER PRICE Tomek i Przyjaciele Duży gwiżdżący Tomek JLL41;FISHER PRICE;Kolejki dla dzieci;-;https://www.mediaexpert.pl/zabawki/kolejki-i-samochody-zabawkowe/kolejki-dla-dzieci/zabawka-tomek-i-przyjaciele-duzy-gwizdzacy-tomek-jll41;118.19;118.19;0.00;ME0109-300926
2026-09-19 17:28:30;Media Expert;Tory MATTEL Tomek i Przyjaciele zestaw do budowy JNF84;MATTEL;Kolejki dla dzieci;-;https://www.mediaexpert.pl/zabawki/kolejki-i-samochody-zabawkowe/kolejki-dla-dzieci/tory-mattel-tomek-i-przyjaciele-zestaw-do-budowy-jnf84;69.99;88.89;84.99;ME0109-300926
2026-09-19 17:28:30;Media Expert;Lalka Barbie Pop Reveal Podwodny świat JKF60;BARBIE;Lalki i akcesoria;-;https://www.mediaexpert.pl/zabawki/lalki-i-figurki/lalki-i-akcesoria/lalka-barbie-pop-reveal-podwodny-swiat-jkf60;79.99;109.99;82.19;ME0109-300926
2026-09-19 17:28:31;Media Expert;Lalka XOX KWEENIE Quirky Kweens Deluxe Kween of Suga XOX30421;XOX KWEENIE;Lalki i akcesoria;-;https://www.mediaexpert.pl/zabawki/lalki-i-figurki/lalki-i-akcesoria/lalka-xox-kweenie-quirky-kweens-deluxe-kween-of-suga-xox30421;99.99;163.79;158.07;ME0409-300926
2026-09-19 17:28:31;Media Expert;Maskotka Hoody Kin Academy Lis HKA0367;Hoody Kin Academy;Pluszaki;-;https://www.mediaexpert.pl/zabawki/zabawki-dla-najmlodszych/pluszaki/maskotka-hk-academy-lis-hka0367;29.99;41.99;41.99;ME0409-300926
2026-09-19 17:28:31;Media Expert;Zabawka gitara LEXIBOOK Minionki K200DES;LEXIBOOK;Instrumenty dla dzieci;-;https://www.mediaexpert.pl/zabawki/instrumenty-dla-dzieci/zabawka-gitara-lexibook-minionki-k200des;99.99;109.80;102.75;ME1409-200926
2026-09-19 17:28:31;Media Expert;"Zabawka gitara klasyczna LEXIBOOK Bluey 21"" K200BY";LEXIBOOK;Instrumenty dla dzieci;-;https://www.mediaexpert.pl/zabawki/instrumenty-dla-dzieci/zabawka-gitara-klasyczna-lexibook-bluey-21-k200by;99.99;124.99;124.99;ME1409-200926
2026-09-19 17:28:32;Media Expert;Zabawka zegareki z krótkofalówką LEXIBOOK Disney Stitch DMWTW1D;LEXIBOOK;Zabawki elektroniczne;-;https://www.mediaexpert.pl/zabawki/zabawki-kreatywne/zabawki-elektroniczne/zabawka-zegareki-z-krotkofalowka-lexibook-disney-stitch-dmwtw1d;119.99;159.99;159.99;ME1409-200926
2026-09-19 17:28:32;Media Expert;Zabawka budzik z lampką nocną LEXIBOOK Super Mario Yoshi RL800NI1;LEXIBOOK;Zabawki elektroniczne;-;https://www.mediaexpert.pl/zabawki/zabawki-kreatywne/zabawki-elektroniczne/zabawka-budzik-z-lampka-nocna-lexibook-super-mario-yoshi-rl800ni1;119.99;143.87;143.87;ME1409-200926
2026-09-19 17:28:32;Media Expert;Zabawka aparat LEXIBOOK Disney Toy Story DJ078TS;LEXIBOOK;Zabawki elektroniczne;-;https://www.mediaexpert.pl/zabawki/zabawki-kreatywne/zabawki-elektroniczne/zabawka-aparat-lexibook-disney-toy-story-dj078ts;149.99;170.99;170.24;ME1409-200926
2026-09-19 17:28:32;Media Expert;Zestaw kreatywny LEXIBOOK Tablica magnetyczna do rysowania Disney Toy Story CRTS550;LEXIBOOK;Zabawki kreatywne;-;https://www.mediaexpert.pl/zabawki/zabawki-kreatywne/zabawki-kreatywne/zestaw-kreatywny-lexibook-tablica-magnetyczna-do-rysowania-disney-toy-story-crts550;69.99;84.99;84.99;ME1409-200926
2026-09-19 17:28:33;Media Expert;Gra planszowa LEXIBOOK Szachy magnetyczne CGM1000;LEXIBOOK;Gry planszowe;-;https://www.mediaexpert.pl/zabawki/gry-planszowe-i-puzzle/gry-planszowe/zabawka-lexibook-magnetyczne-szachy-cgm1000;269.99;339.99;339.99;ME1409-200926
2026-09-19 17:28:33;Media Expert;Zabawka konsola LEXIBOOK My Best-E Unicorn JLMBUNI;LEXIBOOK;Zabawki elektroniczne;-;https://www.mediaexpert.pl/zabawki/zabawki-kreatywne/zabawki-elektroniczne/zabawka-konsola-lexibook-my-best-e-unicorn-jlmbuni;89.99;105.99;104.99;ME1409-200926
2026-09-19 17:28:33;Media Expert;Zestaw kreatywny KIDS EUROSWAN Hello Kitty HK50143;KIDS EUROSWAN;Zabawki kreatywne;-;https://www.mediaexpert.pl/zabawki/zabawki-kreatywne/zabawki-kreatywne/zestaw-kreatywny-kids-euroswan-hello-kitty-hk50143;14.99;22.23;19.49;ME1509-240926
2026-09-19 17:28:33;Media Expert;Zabawka głośnik mobilny KIDS EUROSWAN Wow Generation WOW00122;KIDS EUROSWAN;Zabawki elektroniczne;-;https://www.mediaexpert.pl/zabawki/zabawki-kreatywne/zabawki-elektroniczne/zabawka-glosnik-mobilny-kids-euroswan-wow-generation-wow00122;47.49;57.12;49.99;ME1509-240926
2026-09-19 17:28:33;Media Expert;Zabawka edukacyjna CHICCO Sensoryczny Wieloryb;CHICCO;Zabawki edukacyjne;-;https://www.mediaexpert.pl/zabawki/zabawki-edukacyjne/zabawki-edukacyjne/zabawka-edukacyjna-chicco-sensoryczny-wieloryb;26.59;36.70;27.99;ME1509-240926
2026-09-19 17:28:34;Media Expert;Zabawka edukacyjna CHICCO Bilingual ABC Miś Berry 00012506000130;CHICCO;Zabawki edukacyjne;-;https://www.mediaexpert.pl/zabawki/zabawki-edukacyjne/zabawki-edukacyjne/zabawka-edukacyjna-chicco-bilingual-abc-mis-berry-00012506000130;45.59;57.90;47.99;ME1509-240926
2026-09-19 17:28:34;Media Expert;Zawieszka do wózka CHICCO  Baby Sense & Focus Panda 00012552000000;CHICCO;Zawieszki do wózka;-;https://www.mediaexpert.pl/zabawki/zabawki-dla-najmlodszych/zawieszki-do-wozka/zawieszka-do-wozka-chicco-baby-sense-focus-panda-00012552000000;33.49;47.99;34.99;ME1509-240926
2026-09-19 17:28:34;Media Expert;Zabawka fartuch GARDENA Ogrodniczy dla dzieci;GARDENA;Zabawki odgrywanie ról;-;https://www.mediaexpert.pl/zabawki/zabawki-odgrywanie-rol/zabawka-fartuch-gardena-ogrodniczy-dla-dzieci;29.99;44.99;30.99;ME1509-240926
2026-09-19 17:28:34;Media Expert;Zabawka zegarek KIDS EUROSWAN Hello Kitty Cinnamoroll CIN0001;KIDS EUROSWAN;Zabawki elektroniczne;-;https://www.mediaexpert.pl/zabawki/zabawki-kreatywne/zabawki-elektroniczne/zabawka-zegarek-kids-euroswan-hello-kitty-cinnamoroll-cin0001;37.99;54.99;39.99;ME1509-240926
2026-09-19 17:28:35;Media Expert;Samochód zdalnie sterowany SILVERLIT Exost Star Drive TE20720;SILVERLIT;Samochody zdalnie sterowane;-;https://www.mediaexpert.pl/zabawki/kolejki-i-samochody-zabawkowe/samochody-zdalnie-sterowane/samochod-zdalnie-sterowany-silverlit-exost-star-drive-te20720;43.99;64.08;46.49;ME1509-240926
2026-09-19 17:28:35;Media Expert;Zabawka zestaw do makijażu MARTINELIA Fairy Things Fantazyjny Kuferek Kosmetyczny 85486;Martinelia;Zabawki odgrywanie ról;-;https://www.mediaexpert.pl/zabawki/zabawki-odgrywanie-rol/zabawka-zestaw-do-makijazu-martinelia-fairy-things-fantazyjny-kuferek-kosmetyczny-85486;47.49;68.99;49.99;ME1509-240926
2026-09-19 17:28:35;Media Expert;Zabawka zestaw do makijażu MARTINELIA Little Unicorn 85501;Martinelia;Zabawki odgrywanie ról;-;https://www.mediaexpert.pl/zabawki/zabawki-odgrywanie-rol/zabawka-zestaw-do-makijazu-martinelia-little-unicorn-85501;49.99;71.99;52.99;ME1509-240926
2026-09-19 17:28:35;Media Expert;Maskotka TY Beanie Boos Mysz Nina 36488;TY;Pluszaki;-;https://www.mediaexpert.pl/zabawki/zabawki-dla-najmlodszych/pluszaki/maskotka-ty-beanie-boos-mysz-nina-36488;41.79;64.99;43.99;ME1509-240926
2026-09-19 17:28:36;Media Expert;Maskotka TY Beanie Boos Kiki Kot 37075;TY;Pluszaki;-;https://www.mediaexpert.pl/zabawki/zabawki-dla-najmlodszych/pluszaki/maskotka-ty-beanie-boos-kiki-kot-37075;41.79;64.99;43.99;ME1509-240926
2026-09-19 17:28:36;Media Expert;Zabawka CHICCO My Wood Friends Drewniana układanka z kurkami 00012682000000;CHICCO;Pozostałe zabawki;-;https://www.mediaexpert.pl/zabawki/pozostale-zabawki/zabawka-chicco-my-wood-friends-drewniana-ukladanka-z-kurkami-00012682000000;59.99;84.99;62.99;ME1509-240926
2026-09-19 17:28:36;Media Expert;Zestaw kreatywny KIDS EUROSWAN Wow Generation Kolory i Akwarele WOW00173;KIDS EUROSWAN;Zabawki kreatywne;-;https://www.mediaexpert.pl/zabawki/zabawki-kreatywne/zabawki-kreatywne/zestaw-kreatywny-kids-euroswan-wow-generation-kolory-i-akwarele-wow00173;48.49;74.74;50.99;ME1509-240926
2026-09-19 17:28:36;Media Expert;Zawieszka do wózka CHICCO My Sweet DouDou Kameleon 00011043000000;CHICCO;Zawieszki do wózka;-;https://www.mediaexpert.pl/zabawki/zabawki-dla-najmlodszych/zawieszki-do-wozka/zawieszka-do-wozka-chicco-my-sweet-doudou-kameleon-00011043000000;61.99;89.99;64.99;ME1509-240926
2026-09-19 17:28:36;Media Expert;Zestaw kreatywny KIDS EUROSWAN WOW Generation WOW00027;KIDS EUROSWAN;Zabawki kreatywne;-;https://www.mediaexpert.pl/zabawki/zabawki-kreatywne/zabawki-kreatywne/zestaw-kreatywny-kids-euroswan-wow-generation-wow00027;99.99;129.59;104.99;ME1509-240926
2026-09-19 17:28:37;Media Expert;Zabawka konsola LEXIBOOK Psi patrol Compact Cyber Arcade JL2367PA;LEXIBOOK;Zabawki elektroniczne;-;https://www.mediaexpert.pl/zabawki/zabawki-kreatywne/zabawki-elektroniczne/zabawka-konsola-lexibook-psi-patrol-compact-cyber-arcade-jl2367pa;109.99;139.99;114.99;ME1509-240926
2026-09-19 17:28:37;Media Expert;Maskotka TY Beanie Boos Kiki Szary kot 36838;TY;Pluszaki;-;https://www.mediaexpert.pl/zabawki/zabawki-dla-najmlodszych/pluszaki/maskotka-ty-beanie-boos-kiki-szary-kot-36838;99.99;131.41;109.99;ME1509-240926
2026-09-19 17:28:37;Media Expert;Zabawka zestaw do makijażu MARTINELIA Little Unicorn Magiczny zestaw piękności 44340;Martinelia;Zabawki odgrywanie ról;-;https://www.mediaexpert.pl/zabawki/zabawki-odgrywanie-rol/zabawka-zestaw-do-makijazu-martinelia-little-unicorn-magiczny-zestaw-pieknosci-44340;79.79;112.99;83.99;ME1509-240926
2026-09-19 17:28:37;Media Expert;Zabawka zestaw do makijażu MARTINELIA Little Unicorn Idealny kuferek podróżny 85504;Martinelia;Zabawki odgrywanie ról;-;https://www.mediaexpert.pl/zabawki/zabawki-odgrywanie-rol/zabawka-zestaw-do-makijazu-martinelia-little-unicorn-idealny-kuferek-podrozny-85504;79.79;115.14;84.99;ME1509-240926
2026-09-19 17:28:38;Media Expert;Zabawka pinball LEXIBOOK Batman JG610BAT;LEXIBOOK;Gry planszowe;-;https://www.mediaexpert.pl/zabawki/gry-planszowe-i-puzzle/gry-planszowe/zabawka-pinball-lexibook-batman-jg610bat;99.99;138.41;116.99;ME1509-240926
2026-09-19 17:28:38;Media Expert;Zabawka zestaw do makijażu MARTINELIA Let's Be Mermaids Morska Księżniczka 44388;Martinelia;Zabawki odgrywanie ról;-;https://www.mediaexpert.pl/zabawki/zabawki-odgrywanie-rol/zabawka-zestaw-do-makijazu-martinelia-let-s-be-mermaids-morska-ksiezniczka-44388;94.99;134.99;99.99;ME1509-240926
2026-09-19 17:28:38;Media Expert;Zabawka CHICCO My Wood Friends Drewniana farma kucyków 00012386000000;CHICCO;Pozostałe zabawki;-;https://www.mediaexpert.pl/zabawki/pozostale-zabawki/zabawka-chicco-my-wood-friends-drewniana-farma-kucykow-00012386000000;104.49;144.99;109.99;ME1509-240926
2026-09-19 17:28:38;Media Expert;Maskotka TY Beanie Babies Świnka Peppa 56018;TY;Pluszaki;-;https://www.mediaexpert.pl/zabawki/zabawki-dla-najmlodszych/pluszaki/maskotka-ty-beanie-babies-swinka-peppa-ty56018;87.99;129.99;92.99;ME1509-240926
2026-09-19 17:28:39;Media Expert;Zabawka słuchawki nauszne LEXIBOOK Naruto HPBT015NA;LEXIBOOK;Zabawki elektroniczne;-;https://www.mediaexpert.pl/zabawki/zabawki-kreatywne/zabawki-elektroniczne/zabawka-sluchawki-nauszne-lexibook-naruto-hpbt015na;99.99;144.99;104.99;ME1509-240926
2026-09-19 17:28:39;Media Expert;Zabawka budzik z lampką nocną LEXIBOOK Naruto Sasuke RL800NA1;LEXIBOOK;Zabawki elektroniczne;-;https://www.mediaexpert.pl/zabawki/zabawki-kreatywne/zabawki-elektroniczne/zabawka-budzik-z-lampka-nocna-lexibook-naruto-sasuke-rl800na1;94.99;144.99;99.99;ME1509-240926
2026-09-19 17:28:39;Media Expert;Maskotka HELLO KITTY 2288340 Zielony;HELLO KITTY;Pluszaki;-;https://www.mediaexpert.pl/zabawki/zabawki-dla-najmlodszych/pluszaki/maskotka-hello-kitty-2288340-zielony;79.79;129.99;83.99;ME1509-240926
2026-09-19 17:28:39;Media Expert;Zabawka flipper LEXIBOOK Disney Toy Story JG610TS;LEXIBOOK;Zabawki elektroniczne;-;https://www.mediaexpert.pl/zabawki/zabawki-kreatywne/zabawki-elektroniczne/zabawka-flipper-lexibook-disney-toy-story-jg610ts;117.79;169.16;123.99;ME1509-240926
2026-09-19 17:28:39;Media Expert;Zabawka budzik z lampką nocną LEXIBOOK Władca Pierścieni RL805LR;LEXIBOOK;Zabawki elektroniczne;-;https://www.mediaexpert.pl/zabawki/zabawki-kreatywne/zabawki-elektroniczne/zabawka-budzik-z-lampka-nocna-lexibook-wladca-pierscieni-rl805lr;129.99;184.99;134.99;ME1509-240926
2026-09-19 17:28:40;Media Expert;Zabawka słuchawki nauszne LEXIBOOK Monster High HPBT010MH;LEXIBOOK;Zabawki elektroniczne;-;https://www.mediaexpert.pl/zabawki/zabawki-kreatywne/zabawki-elektroniczne/zabawka-sluchawki-nauszne-lexibook-monster-high-hpbt010mh;85.49;145.00;89.99;ME1509-240926
2026-09-19 17:28:40;Media Expert;Zabawka smartwatch KIDS EUROSWAN Pokemon Pikachu POK4260;KIDS EUROSWAN;Zabawki edukacyjne;-;https://www.mediaexpert.pl/zabawki/zabawki-edukacyjne/zabawki-edukacyjne/smartwatch-kids-euroswan-pokemon-pok4260;184.99;249.99;199.99;ME1509-240926
2026-09-19 17:28:40;Media Expert;Koń na kiju SKIPPI Hobby Horse GAD03083 A5 Różowy;SKIPPI;Hobby horse;-;https://www.mediaexpert.pl/zabawki/zabawki-zrecznosciowe-i-plenerowe/hobby-horse/kon-na-kiju-skippi-hobby-horse-gad03083-a5-rozowy;159.99;229.99;184.99;ME1509-240926
2026-09-19 17:28:40;Media Expert;Maskotka HELLO KITTY Cinnamoroll My Melody 2289590;HELLO KITTY;Pluszaki;-;https://www.mediaexpert.pl/zabawki/zabawki-dla-najmlodszych/pluszaki/maskotka-hello-kitty-cinnamoroll-my-melody-2289590;65.99;144.39;68.99;ME1509-240926
2026-09-19 17:28:41;Media Expert;Zabawka głośnik mobilny LEXIBOOK Koci Domek Gabi BTP585GDHZ;LEXIBOOK;Zabawki elektroniczne;-;https://www.mediaexpert.pl/zabawki/zabawki-kreatywne/zabawki-elektroniczne/zabawka-glosnik-mobilny-lexibook-koci-domek-gabi-btp585gdhz;142.49;224.00;149.99;ME1509-240926
2026-09-19 17:28:41;Media Expert;Zabawka perkusja LEXIBOOK Disney Stitch K610D;LEXIBOOK;Instrumenty dla dzieci;-;https://www.mediaexpert.pl/zabawki/instrumenty-dla-dzieci/zabawka-perkusja-lexibook-disney-stitch-k610d;294.99;429.99;309.99;ME1509-240926
2026-09-19 17:28:41;Media Expert;Lalka ANTONIO JUAN Carla w kamizelce 33013;ANTONIO JUAN;Lalki i akcesoria;-;https://www.mediaexpert.pl/zabawki/lalki-i-figurki/lalki-i-akcesoria/lalka-antonio-juan-carla-w-kamizelce-33013;179.99;390.99;232.49;ME1509-240926
2026-09-19 17:28:41;Media Expert;Wózek dziecięcy spacerowy KINDERKRAFT Trig 3 Szary;KINDERKRAFT;Wózki dziecięce;-;https://www.mediaexpert.pl/agd-male/dla-dziecka/wozki-dzieciece/wozek-dzieciecy-spacerowy-kinderkraft-trig-3-szary;358.99;499.99;375.99;ME1109-220926
2026-09-19 17:28:42;Media Expert;Krzesełko do karmienia KINDERKRAFT Dinnly;KINDERKRAFT;Krzesełka do karmienia;-;https://www.mediaexpert.pl/agd-male/dla-dziecka/krzeselka-do-karmienia/krzeselko-do-karmienia-kinderkraft-dinnly;153.99;199.99;192.99;ME1109-220926
2026-09-19 17:28:42;Media Expert;Kasetka na gotówkę BLACK DECKER 240060;BLACK DECKER;Sejfy;-;https://www.mediaexpert.pl/dom/inteligentny-dom/sejfy/kasetka-na-gotowke-black-decker-240060;59.00;79.99;79.99;ME1009-300926
