2026-09-19 17:27:04;Media Expert;Głośnik mobilny DEFENDER Beatbox 50 Czarny;DEFENDER;Głośniki Bluetooth;-;https://www.mediaexpert.pl/telewizory-i-rtv/hi-fi-audio/glosniki-mobilne/glosnik-mobilny-defender-beatbox-50-czarny;257.00;499.99;258.48;WRZESIEN1809
2026-09-19 17:27:04;Media Expert;Dysk VERBATIM Store 'n' Go 1TB HDD Czerwony;VERBATIM;Dyski twarde;-;https://www.mediaexpert.pl/komputery-i-tablety/dyski-i-pamieci/dyski-wewnetrzne/dysk-verbatim-store-n-go-1tb-hdd-czerwony;339.00;359.99;359.99;WRZESIEN1809
2026-09-19 17:27:04;Media Expert;Kabel USB-C - USB-C XLINE UC15GMC-CC 100W 1.5 m Szary;XLINE;Kable do telefonów;-;https://www.mediaexpert.pl/smartfony-i-zegarki/akcesoria-do-telefonow/kable-i-przewody/kabel-usb-c-usb-c-xline-uc15gmc-cc-100w-1-5-m-szary;39.99;69.99;69.99;WRZESIEN1809
2026-09-19 17:27:05;Media Expert;Suszarka HAIER I-Pro 3 HD80-A2939-S 58 cm;HAIER;Suszarki;-;https://www.mediaexpert.pl/agd/pralki-i-suszarki/suszarki/suszarka-haier-i-pro-3-hd80-a2939-s;1749.00;1999.99;1799.00;WRZESIEN1809
2026-09-19 17:27:05;Media Expert;Robot sprzątający XIAOMI Vacuum 5 Pro Biały;XIAOMI;Roboty sprzątające;-;https://www.mediaexpert.pl/agd-male/sprzatanie/odkurzacze-automatyczne/robot-sprzatajacy-xiaomi-vacuum-5-pro-bialy;2499.00;3149.99;2536.67;WRZESIEN1809
2026-09-19 17:27:05;Media Expert;Blender kielichowy AMICA BTM 6011;AMICA;Blendery kielichowe;-;https://www.mediaexpert.pl/agd-male/do-kuchni/blendery-kielichowe/blender-kielichowy-amica-btm-6011;248.00;329.99;249.99;WRZESIEN1809
2026-09-19 17:27:05;Media Expert;Zapięcie rowerowe ABUS 4408C/65 Linka Czarny;ABUS;Zabezpieczenie roweru;-;https://www.mediaexpert.pl/rowery/akcesoria-do-rowerow/zamki-i-zapiecia/zapiecie-rowerowe-abus-4408c-65-linka-czarny;44.99;59.99;49.99;WRZESIEN1809
2026-09-19 17:27:06;Media Expert;Bateria AAA LR03 VERBATIM 49876 (20 szt.);VERBATIM;Baterie;-;https://www.mediaexpert.pl/foto-i-kamery/akcesoria-do-aparatow-i-kamer/akumulatory-i-baterie-do-aparatow-i-kamer/bateria-aaa-lr03-verbatim-49876-20-szt;29.99;29.99;0.00;
2026-09-19 17:27:06;Media Expert;Dron EXTRALINK E88 Pro;EXTRALINK;Drony;-;https://www.mediaexpert.pl/foto-i-kamery/drony-i-akcesoria/drony/dron-extralink-e88-pro;139.00;139.00;0.00;
2026-09-19 17:27:06;Media Expert;"Telewizor TCL 75C7L 75"" SQD-Mini LED 4K 288 Hz Google TV Dolby Atmos Dolby Vision HDMI 2.1";TCL;Telewizory;-;https://www.mediaexpert.pl/telewizory-i-rtv/telewizory/telewizor-tcl-75c7l-75-sqd-mini-led-4k-144-hz-vrr-google-tv-dolby-atmos-dolby-vision-hdmi-2-1;6998.98;7599.00;6998.99;RW0109-3009
2026-09-19 17:27:06;Media Expert;"Telewizor DREAME 55S100 55"" MINILED 4K 144Hz VRR Google TV Dolby Atmos Dolby Vision HDMI 2.1";DREAME;Telewizory;-;https://www.mediaexpert.pl/telewizory-i-rtv/telewizory/telewizor-dreame-55s100-55-miniled-4k-144hz-vrr-google-tv-dolby-atmos-dolby-vision-hdmi-2-1;3039.99;3039.99;0.00;
2026-09-19 17:27:07;Media Expert;Soundbar LG SC9S Czarny 3.1.3-kanałowy, Bezprzewodowy Subwoofer, 4K, HDMI ARC, Dolby Atmos, DTS:X, Wi-Fi, BT,  AirPlay2;LG;Soundbary;-;https://www.mediaexpert.pl/telewizory-i-rtv/kina-domowe/soundbary/soundbar-lg-sc9s;1597.00;1899.00;1598.00;R0109-300926
2026-09-19 17:27:07;Media Expert;Wieża PHILIPS TAM4205M2/12 Czarna Odtw.CD/-R/-RW/MP3, Wi-Fi, Bluetooth 5.4, Auracast, Tuner FM, Aplikacja Philips;PHILIPS;Wieże;-;https://www.mediaexpert.pl/telewizory-i-rtv/hi-fi-audio/wieze-male/wieza-philips-tam4205m2-12-czarny;649.00;649.00;0.00;
2026-09-19 17:27:07;Media Expert;Kolumny głośnikowe AIWA ASP-A200 Brązowy (2 szt.);AIWA;Kolumny głośnikowe;-;https://www.mediaexpert.pl/telewizory-i-rtv/kina-domowe/kolumny-audio/kolumny-glosnikowe-aiwa-asp-a200-brazowy-2-szt;564.99;629.00;569.98;ME0709-300926
2026-09-19 17:27:07;Media Expert;Słuchawki kostne SHOKZ OpenRun Pro 2 Mini Czarny;SHOKZ;Słuchawki;-;https://www.mediaexpert.pl/telewizory-i-rtv/sluchawki/wszystkie-sluchawki/sluchawki-shokz-openrun-pro-2-mini-wodoodporne-czarny;759.00;799.00;799.00;ME1509-270926
2026-09-19 17:27:08;Media Expert;Słuchawki powietrzne EDIFIER Comfo Flex Biały;EDIFIER;Słuchawki;-;https://www.mediaexpert.pl/telewizory-i-rtv/sluchawki/wszystkie-sluchawki/sluchawki-powietrzne-edifier-comfo-flex-bialy;129.99;139.99;139.00;ME0609-300926
2026-09-19 17:27:08;Media Expert;Słuchawki dokanałowe OTL Harry Potter Glasses Biały;OTL;Słuchawki;-;https://www.mediaexpert.pl/telewizory-i-rtv/sluchawki/wszystkie-sluchawki/sluchawki-douszne-otl-harry-potter-glasses-bialy;104.00;104.00;0.00;
2026-09-19 17:27:08;Media Expert;Głośnik mobilny DEFENDER Beatbox 50 Czarny;DEFENDER;Głośniki Bluetooth;-;https://www.mediaexpert.pl/telewizory-i-rtv/hi-fi-audio/glosniki-mobilne/glosnik-mobilny-defender-beatbox-50-czarny;257.00;499.99;258.48;WRZESIEN1809
2026-09-19 17:27:08;Media Expert;Radio TECHNAXX TX-238 Analogowe Przenośne Czarny;TECHNAXX;Radia awaryjne;-;https://www.mediaexpert.pl/telewizory-i-rtv/drobny-sprzet-rtv/radia-awaryjne/radio-technaxx-tx-238-analogowe-przenosne-czarny;89.99;99.99;99.99;ME0709-300926
2026-09-19 17:27:08;Media Expert;Radio KENWOOD CR-M25DAB-W Cyfrowe Przenośne Szaro-biały;KENWOOD;Radia;-;https://www.mediaexpert.pl/telewizory-i-rtv/drobny-sprzet-rtv/radia/radio-kenwood-cr-m25dab-w-cyfrowe-przenosne-szaro-bialy;229.99;259.00;234.99;ME0709-300926
2026-09-19 17:27:09;Media Expert;Radiobudzik HYUNDAI RAC481PLLWW Biały, Tuner FM/AM, Projekcja czasu na ścianie, Alarm, Drzemka, Zasilanie Bateryjno-sieciowe;HYUNDAI;Radiobudziki;-;https://www.mediaexpert.pl/telewizory-i-rtv/drobny-sprzet-rtv/radiobudziki/radiobudzik-hyundai-rac481pllww;94.98;99.99;94.99;ME0709-300926
2026-09-19 17:27:09;Media Expert;Gramofon LENCO TT-116GY Bluetooth USB Szary;LENCO;Gramofony;-;https://www.mediaexpert.pl/telewizory-i-rtv/hi-fi-audio/gramofony/gramofon-lenco-tt-116gy-szary;349.99;359.00;359.00;ME0709-300926
2026-09-19 17:27:09;Media Expert;Radio samochodowe VORDON HT-172 Atlanta Bluetooth Pilot;VORDON;Radia samochodowe;-;https://www.mediaexpert.pl/telewizory-i-rtv/car-audio/radia-samochodowe/radio-samochodowe-vordon-ht-172-atlanta-bluetooth-pilot;68.99;99.00;69.99;ME2308-300926
2026-09-19 17:27:09;Media Expert;Wzmacniacz samochodowy HERTZ DP 2.200;HERTZ;Wzmacniacze;-;https://www.mediaexpert.pl/telewizory-i-rtv/car-audio/wzmacniacze/wzmacniacz-samochodowy-hertz-dp-2-200;429.99;442.00;439.99;ME0709-300926
2026-09-19 17:27:10;Media Expert;Adapter HDMI - HDMI HAMA;HAMA;Kable audio-video;-;https://www.mediaexpert.pl/telewizory-i-rtv/kable-telewizyjne-i-audio/przewody-audio-video/adapter-hdmi-hdmi-hama-3;9.98;29.99;9.99;RW0109-3009
2026-09-19 17:27:10;Media Expert;Głośnik mobilny XMUSIC BTS850P  Bluetooth 5.0, 30W, IPX6, Przenośny z TWS, Powerbank & Radio FM , Różowy;XMUSIC;Głośniki Bluetooth;-;https://www.mediaexpert.pl/telewizory-i-rtv/hi-fi-audio/glosniki-mobilne/glosnik-mobilny-xmusic-bts850p-rozowy;229.97;269.99;229.98;RW0109-3009
2026-09-19 17:27:10;Media Expert;"Laptop MSI Modern 16S AI+ G3MG-010PL 16"" IPS Ultra 7-335 16GB RAM 512GB SSD Windows 11 Home, Funkcje AI";MSI;Laptopy;-;https://www.mediaexpert.pl/komputery-i-tablety/laptopy-i-ultrabooki/laptopy/laptop-msi-modern-16s-ai-g3mg-010pl-16-ips-ultra-7-335-16gb-ram-512gb-ssd-windows-11-home-funkcje-ai;4199.00;4499.00;4499.00;ME1909-270926
2026-09-19 17:27:10;Media Expert;"Tablet APPLE iPad 11"" 11 gen. 2025 512 GB 5G Wi-Fi Różowy";APPLE;Tablety;-;https://www.mediaexpert.pl/komputery-i-tablety/tablety-i-e-booki/tablety/tablet-ipad-11-2025-md7t4hc-a-a16-512gb-11-5g-pink;3829.99;3999.00;3999.00;ME0209-300926
2026-09-19 17:27:11;Media Expert;Tablet HUION Kamvas 16 gen. 3;HUION;Tablety graficzne;-;https://www.mediaexpert.pl/komputery-i-tablety/akcesoria-komputerowe/tablety-graficzne/tablet-huion-kamvas-16-gen-3;1799.00;1849.00;1849.00;ME1509-270926
2026-09-19 17:27:11;Media Expert;Tablet graficzny WACOM Intuos S (CTL-4100K-N);WACOM;Tablety graficzne;-;https://www.mediaexpert.pl/komputery-i-tablety/akcesoria-komputerowe/tablety-graficzne/tablet-graficzny-wacom-intuos-s-ctl-4100k-n;198.98;239.00;198.99;ME1909-270926
2026-09-19 17:27:11;Media Expert;"Tablet graficzny 13.3"" HUION Kamvas 13 Zielony";HUION;Tablety graficzne;-;https://www.mediaexpert.pl/komputery-i-tablety/akcesoria-komputerowe/tablety-graficzne/tablet-graficzny-huion-kamvas-13-zielony;899.00;899.00;0.00;
2026-09-19 17:27:11;Media Expert;"Monitor ACER Nitro XF273U F3 27"" 2560x1440px IPS 320Hz 0.5 ms [GTG]";ACER;Monitory;-;https://www.mediaexpert.pl/komputery-i-tablety/monitory-led/monitor-acer-nitro-xf273u-f3-27-2560x1440px-ips-320hz-0-5-ms-gtg;1049.99;1379.99;1249.98;RW2108-3009
2026-09-19 17:27:11;Media Expert;"Monitor LG UltraGear G5 27G523B-B 27"" IPS 1920x1080px 200Hz";LG;Monitory;-;https://www.mediaexpert.pl/komputery-i-tablety/monitory-led/monitor-lg-ultragear-g5-27g523b-b-27-ips-1920x1080px-200hz;509.00;529.99;529.00;WRZESIEN1809
2026-09-19 17:27:12;Media Expert;Drukarka HP Color Laser 150nw Druk w kolorze, Wi-Fi;HP;Drukarki laserowe;-;https://www.mediaexpert.pl/komputery-i-tablety/drukarki-i-urzadzenia-biurowe/drukarki-laserowe/drukarka-hp-color-laser-150nw-druk-w-kolorze-wi-fi;899.00;999.99;949.00;BTU1009-2409
2026-09-19 17:27:12;Media Expert;Klawiatura MCHOSE MC-ACE68-18;MCHOSE;Klawiatury;-;https://www.mediaexpert.pl/komputery-i-tablety/klawiatury-komputerowe/klawiatury/klawiatura-mchose-mc-ace68-18;299.97;329.99;299.98;RW0109-3009
2026-09-19 17:27:12;Media Expert;Mysz HP 240 3V0G9AA Czarny;HP;Myszki;-;https://www.mediaexpert.pl/komputery-i-tablety/myszy-komputerowe/myszki-uniwersalne/mysz-hp-240-3v0g9aa-czarny;39.99;59.99;59.99;ME0708-311026
2026-09-19 17:27:12;Media Expert;Zestaw 3DCONNEXION SpaceMouse Wireless Kit 2;3Dconnexion;Myszki;-;https://www.mediaexpert.pl/komputery-i-tablety/myszy-komputerowe/myszki-uniwersalne/zestaw-3dconnexion-spacemouse-wireless-kit-2-1;1099.99;1199.99;1199.99;ME1109-300926
2026-09-19 17:27:13;Media Expert;Mysz DELTACO DELO-0320;DELTACO;Myszki;-;https://www.mediaexpert.pl/komputery-i-tablety/myszy-komputerowe/myszki-uniwersalne/mysz-deltaco-delo-0320;99.99;149.99;149.99;ME1109-300926
2026-09-19 17:27:13;Media Expert;Ramka korekcyjna VITURE Luma (rozmiar M);VITURE;Akcesoria VR;-;https://www.mediaexpert.pl/gaming/akcesoria-vr/ramka-korekcyjna-viture-luma-rozmiar-m;104.99;119.00;109.99;ME1109-031026
2026-09-19 17:27:13;Media Expert;Głośniki DEFENDER Melis 2.0, Komunikacja bezprzewodowa Biały;DEFENDER;Głośniki komputerowe;-;https://www.mediaexpert.pl/komputery-i-tablety/sluchawki-i-glosniki-komputerowe/glosniki-komputerowe/glosniki-defender-melis-2-0-komunikacja-bezprzewodowa-bialy;209.00;269.99;269.99;ME1009-300926
2026-09-19 17:27:13;Media Expert;Płyta główna ASUS Prime B760M-A WiFi;ASUS;Płyty główne;-;https://www.mediaexpert.pl/komputery-i-tablety/podzespoly-komputerowe/plyty-glowne/plyta-glowna-asus-prime-b760m-a-wifi;462.98;462.98;0.00;ML2508-220926
2026-09-19 17:27:14;Media Expert;Płyta główna ASUS Prime B840M-A-CSM;ASUS;Płyty główne;-;https://www.mediaexpert.pl/komputery-i-tablety/podzespoly-komputerowe/plyty-glowne/plyta-glowna-asus-prime-b840m-a-csm;499.00;769.00;599.00;ML2508-230926
2026-09-19 17:27:14;Media Expert;Płyta główna MSI MPG Z890 Carbon WiFi;MSI;Płyty główne;-;https://www.mediaexpert.pl/komputery-i-tablety/podzespoly-komputerowe/plyty-glowne/plyta-glowna-msi-mpg-z890-carbon-wifi;1989.99;2269.00;2119.99;ME0609-300926
2026-09-19 17:27:14;Media Expert;Obudowa THERMALRIGHT A70 Vision ARGB Czarny;THERMALRIGHT;Obudowy do komputera;-;https://www.mediaexpert.pl/komputery-i-tablety/podzespoly-komputerowe/obudowy/obudowa-thermalright-a70-vision-argb-czarny;499.00;599.00;599.00;ME1409-270926
2026-09-19 17:27:14;Media Expert;Adapter Mini DisplayPort - HDMI/VGA HAMA 200330 0.08 m;HAMA;Przejściówki do komputera;-;https://www.mediaexpert.pl/komputery-i-tablety/kable-do-komputera/adaptery-i-przejsciowki/adapter-mini-displayport-hdmi-vga-hama-200330-0-08-m;99.99;109.99;109.99;ME0609-300926
2026-09-19 17:27:14;Media Expert;Podkładka ENDORFY Cordura Speed XL;ENDORFY;Podkładki pod myszkę;-;https://www.mediaexpert.pl/komputery-i-tablety/myszy-komputerowe/podkladki/podkladka-endorfy-cordura-speed-xl;134.00;149.00;136.84;ME0609-300926
2026-09-19 17:27:15;Media Expert;"Smartfon XIAOMI Redmi Note 15 Pro+ 5G 8/256GB 6.83"" 120Hz Brązowy";XIAOMI;Smartfony;-;https://www.mediaexpert.pl/smartfony-i-zegarki/smartfony/smartfon-xiaomi-redmi-note-15-pro-5g-8-256gb-6-83-120hz-brazowy;1639.00;1699.00;1698.99;ME1709-220926
2026-09-19 17:27:15;Media Expert;"Smartfon XIAOMI 17T Pro 5G 12GB/1TB 6.83"" 144Hz Fioletowy";XIAOMI;Smartfony;-;https://www.mediaexpert.pl/smartfony-i-zegarki/smartfony/smartfon-xiaomi-17t-pro-5g-12gb-1tb-6-83-144hz-fioletowy;3699.00;3899.00;3799.00;ME1509-270926
2026-09-19 17:27:15;Media Expert;"Smartfon APPLE iPhone Air 5G 1TB 6.5"" 120Hz Gwiezdna czerń";APPLE;Smartfony;-;https://www.mediaexpert.pl/smartfony-i-zegarki/smartfony/smartfon-apple-iphone-air-5g-space-black-1tb;4699.00;7299.99;4999.00;WRZESIEN1809
2026-09-19 17:27:15;Media Expert;"Smartfon OUKITEL G6 8/256GB 6.52"" 90Hz Pomarańczowy";OUKITEL;Smartfony;-;https://www.mediaexpert.pl/smartfony-i-zegarki/smartfony/smartfon-oukitel-g6-5g-8-256gb-6-52-90hz-pomaranczowy;749.00;899.00;899.00;ME1709-220926
2026-09-19 17:27:16;Media Expert;Telefon HAMMER Rock LTE;HAMMER;Smartfony;-;https://www.mediaexpert.pl/smartfony-i-zegarki/smartfony/telefon-hammer-rock-lte;239.00;249.00;249.00;ME1709-220926
2026-09-19 17:27:16;Media Expert;Apple Watch 11 GPS + Cellular 42mm koperta z tytanu (naturalny) + pasek sportowy rozmiar M/L (górska szarość);APPLE;Smartwatche;-;https://www.mediaexpert.pl/smartfony-i-zegarki/smartwatche-i-zegarki/smartwatche/smartwatch-apple-watch-11-42-nt-ti-sg-sb-ml-cel-mgp;2299.00;3299.00;2599.00;WRZESIEN1809
2026-09-19 17:27:16;Media Expert;Gimbal HOHEM iSteady Mobile+ Czarny;HOHEM;Gimbale;-;https://www.mediaexpert.pl/foto-i-kamery/gimbale/gimbal-3-osiowy-na-telefon-hohem-isteady-mobile-2;289.00;399.00;328.98;ME1809-270926
2026-09-19 17:27:16;Media Expert;Smartring MAXCOM mRing MR200 65mm Czarny;MAXCOM;Smart Ringi;-;https://www.mediaexpert.pl/smartfony-i-zegarki/smartwatche-i-zegarki/smart-ringi/smartring-maxcom-mring-mr200-65mm-czarny;249.00;399.00;279.99;ME1908-300926
2026-09-19 17:27:17;Media Expert;Klawiatura REDRAGON Ucal Pro K673;REDRAGON;Klawiatury;-;https://www.mediaexpert.pl/komputery-i-tablety/klawiatury-komputerowe/klawiatury/klawiatura-redragon-ucal-pro-k673;237.00;279.99;238.00;PNU1809-2409
2026-09-19 17:27:17;Media Expert;Klawiatura GENESIS Thor 230 TKL Wireless Outemu Red Biały;GENESIS;Klawiatury;-;https://www.mediaexpert.pl/komputery-i-tablety/klawiatury-komputerowe/klawiatury/klawiatura-genesis-thor-230-tkl-wireless-outemu-red-bialy;188.99;249.00;189.00;ME0809-300926
2026-09-19 17:27:17;Media Expert;Klawiatura FURY Kanabo K2 Hot Swap Red Switch Szaro-fioletowy;FURY;Klawiatury;-;https://www.mediaexpert.pl/komputery-i-tablety/klawiatury-komputerowe/klawiatury/klawiatura-fury-kanabo-k2-hot-swap-red-switch-szaro-fioletowy;84.99;84.99;0.00;
2026-09-19 17:27:17;Media Expert;Słuchawki RAZER Kraken X Lite Nauszne, Dźwięk przestrzenny;RAZER;Słuchawki z mikrofonem;-;https://www.mediaexpert.pl/komputery-i-tablety/sluchawki-i-glosniki-komputerowe/sluchawki-z-mikrofonem/sluchawki-gaming-razer-kraken-x-lite;129.98;149.00;129.99;ME1909-230926
2026-09-19 17:27:18;Media Expert;Biurko ULTRADESK Pulsar Kids Czarny;ULTRADESK;Biurka regulowane;-;https://www.mediaexpert.pl/dom/meble/biurka-regulowane/biurko-ultradesk-pulsar-kids-czarny;419.98;471.89;419.99;ME1909-230926
2026-09-19 17:27:18;Media Expert;Zestaw THRUSTMASTER TCA Captain Pack X Airbus Edition;THRUSTMASTER;Pady;-;https://www.mediaexpert.pl/gaming/kontrolery-pady/joystick-thrustmaster-tca-captain-pack-x-airbus-edition;969.00;1079.99;1079.99;ML0609-200926
2026-09-19 17:27:18;Media Expert;Kontroler COBRA QSP572CBL Camo niebieski;COBRA;Pady;-;https://www.mediaexpert.pl/gaming/kontrolery-pady/kontroler-cobra-qsp572cbl-camo-niebieski;149.99;169.00;169.00;ME1909-031026
2026-09-19 17:27:18;Media Expert;Aparat YASHICA City 200 Czarny 72Mpix, 10-krotny zoom optyczny, 4-krotny zoom cyfrowy, 5K 30fps;YASHICA;Aparaty cyfrowe;-;https://www.mediaexpert.pl/foto-i-kamery/aparaty-fotograficzne/aparat-cyfrowy/aparat-yashica-city-200-czarny-72mpix-10-krotny-zoom-optyczny-4-krotny-zoom-cyfrowy-5k-30fps;897.00;1099.00;898.99;PNU1809-2409
2026-09-19 17:27:18;Media Expert;Aparat natychmiastowy FUJIFILM Instax mini LiPlay Brązowy;FUJIFILM;Aparaty natychmiastowe;-;https://www.mediaexpert.pl/foto-i-kamery/aparaty-fotograficzne/aparaty-natychmiastowe/aparat-fujifilm-instax-mini-liplay-brazowy;590.00;590.00;0.00;
2026-09-19 17:27:19;Media Expert;Kamera sportowa SJCAM Aparat dla dzieci FUNCAM PLUS 12MP Żółta;SJCAM;Kamery sportowe;-;https://www.mediaexpert.pl/foto-i-kamery/kamery/kamery-sportowe/sjcam-funcam-plus-yellow;174.99;199.00;179.00;ME1609-031026
2026-09-19 17:27:19;Media Expert;Dron DJI Flip, Lekki dron z kamerą 4K, Nagrywanie w pionie;DJI;Drony;-;https://www.mediaexpert.pl/foto-i-kamery/drony-i-akcesoria/drony/dron-dji-flip;1548.99;1649.00;1549.00;ME1609-270926
2026-09-19 17:27:19;Media Expert;Gimbal HOHEM iSteady MT3 Pro;HOHEM;Gimbale;-;https://www.mediaexpert.pl/foto-i-kamery/gimbale/gimbal-hohem-isteady-mt3-pro;1549.00;1949.00;1699.00;ME1509-270926
2026-09-19 17:27:19;Media Expert;Lodówka BOSCH Seria 4 KGN492LDF No frost 203cm Srebrna;BOSCH;Lodówki;-;https://www.mediaexpert.pl/agd/lodowki-i-zamrazarki/lodowki/lodowka-bosch-kgn492ldf-no-frost-203cm-srebrna;2519.99;3099.00;2598.99;ME0809-300926
2026-09-19 17:27:20;Media Expert;Lodówka AMICA FK2415.3U(E) 152cm Biała;AMICA;Lodówki;-;https://www.mediaexpert.pl/agd/lodowki-i-zamrazarki/lodowki/lodowka-amica-fk2415-3u-e-152cm-biala;1297.99;1449.00;1298.00;ME1109-031026
2026-09-19 17:27:20;Media Expert;Lodówka CANDY Fresco 300 CNCQ2T620EW No frost 205cm Biała;CANDY;Lodówki;-;https://www.mediaexpert.pl/agd/lodowki-i-zamrazarki/lodowki/lodowka-candy-cncq2t620ew-no-frost-205cm-biala;1689.00;2199.00;1690.00;ME1109-031026
2026-09-19 17:27:20;Media Expert;Lodówka LG GBBSJ10ESW No frost 186cm Biała;LG;Lodówki;-;https://www.mediaexpert.pl/agd/lodowki-i-zamrazarki/lodowki/lodowka-lg-gbbsj10esw-no-frost-186cm-biala;1939.99;2049.99;1944.97;ME0809-300926
2026-09-19 17:27:20;Media Expert;Lodówka SAMSUNG RB53DG703DB1EO No frost AI Energy Mode 2.0 203cm Grafitowa stal;SAMSUNG;Lodówki;-;https://www.mediaexpert.pl/agd/lodowki-i-zamrazarki/lodowki/lodowka-samsung-ai-rb53dg703db1eo-no-frost-203cm-grafitowa-stal;3599.00;3799.99;3799.00;ME1109-031026
2026-09-19 17:27:21;Media Expert;Lodówka CANDY CCG3L517ES 176cm Srebrna;CANDY;Lodówki;-;https://www.mediaexpert.pl/agd/lodowki-i-zamrazarki/lodowki/lodowka-candy-ccg3l517es-176cm-srebrna;1349.00;1799.00;1389.99;ME0709-300926
2026-09-19 17:27:21;Media Expert;Lodówka SAMSUNG RB33B610EBN EF No frost 185.3cm Czarna;SAMSUNG;Lodówki;-;https://www.mediaexpert.pl/agd/lodowki-i-zamrazarki/lodowki/lodowka-samsung-rb33b610ebn-ef-no-frost-185-3cm-czarna;1999.00;1999.00;0.00;
2026-09-19 17:27:21;Media Expert;Lodówka CANDY CNDQ2S514EW 143cm Biała;CANDY;Lodówki;-;https://www.mediaexpert.pl/agd/lodowki-i-zamrazarki/lodowki/lodowka-candy-cndq2s514ew-143cm-biala;899.00;1199.00;989.99;ME0709-300926
2026-09-19 17:27:21;Media Expert;Lodówka LG GML960EVBE No frost Sidy by side Kostkarka 179cm Czarny mat;LG;Lodówki;-;https://www.mediaexpert.pl/agd/lodowki-i-zamrazarki/lodowki/lodowka-lg-gml960evbe-side-by-side-no-frost-179-2cm-czarny-matowy-kostkarka-podajnik-wody;8994.98;9499.00;8994.99;ME1609-031026
2026-09-19 17:27:22;Media Expert;Lodówka MPM 563-SBS-16 D No frost Side by side 177cm Ciemna inox;MPM;Lodówki;-;https://www.mediaexpert.pl/agd/lodowki-i-zamrazarki/lodowki/lodowka-mpm-563-sbs-16-d-side-by-side-no-frost-177cm-ciemny-inox;2879.99;3199.00;2998.99;ME0709-300926
2026-09-19 17:27:22;Media Expert;Lodówka RAVANSON LKK-50ES 48.5cm Srebrno-czarna;RAVANSON;Lodówki;-;https://www.mediaexpert.pl/agd/lodowki-i-zamrazarki/lodowki/lodowka-ravanson-lkk-50es-48-5cm-srebrno-czarna;404.99;429.00;409.99;ME0709-300926
2026-09-19 17:27:22;Media Expert;Lodówka SAMSUNG Twin RR70H39CEFEO No frost 185.8cm Grafitowa stal;SAMSUNG;Lodówki;-;https://www.mediaexpert.pl/agd/lodowki-i-zamrazarki/lodowki/lodowka-samsung-ai-twin-rr70h39cefeo-no-frost-185-8cm-grafitowa-stal;3299.00;3699.00;3599.99;ME0709-300926
2026-09-19 17:27:22;Media Expert;Pralka LG MF4W90506W 9kg 56.5cm 1400obr AI DD, Wash;LG;Pralki;-;https://www.mediaexpert.pl/agd/pralki-i-suszarki/pralki/pralka-lg-mf4w90506w-ai-dd-9kg-1400-obr-steamspa;1899.99;2399.99;1949.00;R1109-101026
2026-09-19 17:27:22;Media Expert;Pralka WHIRLPOOL WRBSS6249WEU 6kg Slim 42.5cm 1200obr;WHIRLPOOL;Pralki;-;https://www.mediaexpert.pl/agd/pralki-i-suszarki/pralki/pralka-whirlpool-wrbss-6249-w-eu-6kg-1200-obr;1129.00;1199.00;1199.00;ME0109-300926
2026-09-19 17:27:23;Media Expert;Pralka HISENSE Seria 5S WF5S1045BW 10.5kg 59cm 1400obr Sterowanie smartfonem;HISENSE;Pralki;-;https://www.mediaexpert.pl/agd/pralki-i-suszarki/pralki/pralka-hisense-wf5s1045bw-pl-10-5kg-1400-obr;2398.00;2599.00;2599.00;ME1109-031026
2026-09-19 17:27:23;Media Expert;Pralka CANDY MultiWash MQD 410CBL9-PL 10+1+1kg 59.5cm 1400obr;CANDY;Pralki;-;https://www.mediaexpert.pl/agd/pralki-i-suszarki/pralki/pralka-candy-multiwash-mqd410cbl9-pl-10kg-1400-obr;4139.99;4599.99;4364.98;ME0709-300926
2026-09-19 17:27:23;Media Expert;Pralka BOSCH Serie 4 WAN2425LPL 8kg 59cm 1200obr;BOSCH;Pralki;-;https://www.mediaexpert.pl/agd/pralki-i-suszarki/pralki/pralka-bosch-wan2425lpl-serie-4-8kg-1200-obr;1549.00;1959.99;1579.00;PNU1809-2409
2026-09-19 17:27:23;Media Expert;Pralka CANDY ProWash 700 BS 411B9-S 11kg 62.5cm 1400obr Sterowanie smartfonem;CANDY;Pralki;-;https://www.mediaexpert.pl/agd/pralki-i-suszarki/pralki/pralka-candy-prowash-700-bs-411b9-s-11kg-1400-obr-proactive-ecowash;1697.00;1697.00;0.00;
2026-09-19 17:27:24;Media Expert;Pralka HAIER THASN286TM5-S T 8kg 60cm 1200obr AI KG Load Sterowanie smartfonem;HAIER;Pralki;-;https://www.mediaexpert.pl/agd/pralki-i-suszarki/pralki/pralka-haier-ai-thasn286tm5-s-8kg-1200-obr;1844.99;1939.00;1849.97;ME1109-031026
2026-09-19 17:27:24;Media Expert;Pralka AMICA AGA3T712ANi 7kg 1200 obr;AMICA;Pralki;-;https://www.mediaexpert.pl/agd/pralki-i-suszarki/pralki/pralka-amica-aga3t712ani-7kg-1200-obr;1245.00;1399.00;1246.00;ME0709-300926
2026-09-19 17:27:24;Media Expert;Suszarka ELECTROLUX Absolute Care 600 EW6D285YP 63.8 cm;ELECTROLUX;Suszarki;-;https://www.mediaexpert.pl/agd/pralki-i-suszarki/suszarki/suszarka-electrolux-absolute-care-600-ew6d285yp;1799.99;1999.00;1995.00;R0909-300926
2026-09-19 17:27:24;Media Expert;Suszarka ELECTROLUX Absolute Care 700 MEWD3E8C7P 63.8 cm;ELECTROLUX;Suszarki;-;https://www.mediaexpert.pl/agd/pralki-i-suszarki/suszarki/suszarka-electrolux-absolute-care-700-mewd3e8c7p;2648.97;3249.00;2648.98;ME0709-300926
2026-09-19 17:27:25;Media Expert;Suszarka ELECTROLUX Absolute Care 900 EW9D787KCP 63.6 cm Sterowanie smartfonem;ELECTROLUX;Suszarki;-;https://www.mediaexpert.pl/agd/pralki-i-suszarki/suszarki/suszarka-electrolux-ew9d787kcp-z-pompa-ciepla;5404.99;5799.00;5409.98;ME1209-031026
2026-09-19 17:27:25;Media Expert;Pralko-suszarka HAIER X7 HWD80-BPD14MEPGTU Slim 47.6 cm Funkcje AI Sterowanie smartfonem;HAIER;Pralko-suszarki;-;https://www.mediaexpert.pl/agd/pralki-i-suszarki/pralko-suszarki/pralko-suszarka-haier-ai-x7-hwd80-bpd14mepgtu;2798.00;2899.00;2798.99;ME0709-300926
2026-09-19 17:27:25;Media Expert;Pralko-suszarka HAIER X7 HWD100-BD14MEPU1 54.4 cm Funkcje AI Sterowanie smartfonem;HAIER;Pralko-suszarki;-;https://www.mediaexpert.pl/agd/pralki-i-suszarki/pralko-suszarki/pralko-suszarka-haier-ai-x7-hwd100-bd14mepu1;3104.99;3449.00;3198.96;ME0809-300926
2026-09-19 17:27:25;Media Expert;Zmywarka WHIRLPOOL W8FHS61BS MaxiSpace PowerClean Pro Kosz SpaceClean Autootwieranie drzwi 60cm Czarna stal;WHIRLPOOL;Zmywarki;-;https://www.mediaexpert.pl/agd/zmywarki-i-akcesoria/zmywarki/zmywarka-whirlpool-w8f-hs61bs;2599.97;2898.99;2599.98;RW0109-3009
2026-09-19 17:27:26;Media Expert;Zmywarka MPM-45-ZMF-02;MPM;Zmywarki;-;https://www.mediaexpert.pl/agd/zmywarki-i-akcesoria/zmywarki/zmywarka-mpm-45-zmf-02;1278.97;1348.93;1278.98;ME0709-300926
2026-09-19 17:27:26;Media Expert;Zmywarka BOSCH SMS2ITW09E;BOSCH;Zmywarki;-;https://www.mediaexpert.pl/agd/zmywarki-i-akcesoria/zmywarki/zmywarka-bosch-sms2itw09e;1649.00;1849.00;1680.99;ME0609-300926
2026-09-19 17:27:26;Media Expert;Zmywarka HAIER I-Pro Shine 5 XF 6B2M3PW AI Smart, PartLight, Crystal Protect, Auto Door - automatycznie otwierane drzwi, hOn;HAIER;Zmywarki;-;https://www.mediaexpert.pl/agd/zmywarki-i-akcesoria/zmywarki/zmywarka-haier-ai-i-pro-shine-5-xf-6b2m3pw;2599.00;2929.00;2699.00;ME0609-300926
2026-09-19 17:27:26;Media Expert;Kuchnia AMICA 58GET3.43HZPTADPFA(XX) Termoobieg Rożen Drabinki Prowadnice teleskopowe Pizza 300˚C;AMICA;Kuchnie;-;https://www.mediaexpert.pl/agd/kuchnie/kuchnie-wolnostojace/kuchnia-amica-58get3-43hzptadpfa-xx-pizza;1547.00;1599.99;1548.00;ME1109-031026
2026-09-19 17:27:27;Media Expert;Kuchnia AMICA 58CE3.413HTaKDpQ(Xx);AMICA;Kuchnie;-;https://www.mediaexpert.pl/agd/kuchnie/kuchnie-wolnostojace/kuchnia-amica-58ce3-413htakdpq-xx;1748.00;2199.99;1748.97;ME1409-031026
2026-09-19 17:27:27;Media Expert;Kuchnia AMICA 523IE3.325PaHTsKDp(Xx) Pizza Steam;AMICA;Kuchnie;-;https://www.mediaexpert.pl/agd/kuchnie/kuchnie-wolnostojace/kuchnia-amica-523ie3-325pahtskdp-xx-pizza-steam;2249.00;2298.99;2298.99;ME1409-031026
2026-09-19 17:27:27;Media Expert;Kuchnia GORENJE MEKS5121SM ExtraSteam 3 Programy parowe, Pizza, Air Fry;GORENJE;Kuchnie;-;https://www.mediaexpert.pl/agd/kuchnie/kuchnie-wolnostojace/kuchnia-gorenje-meks5121sm-extrasteam-3-programy-parowe-pizza-air-fry;1249.00;1249.00;0.00;
2026-09-19 17:27:27;Media Expert;Kuchenka mikrofalowa GÖTZE & JENSEN MO401X 700W średnica 24.5 cm pojemność 20L Auto Defrost QuickStart Czarno-srebrny;GÖTZE & JENSEN;Mikrofalówki;-;https://www.mediaexpert.pl/agd-male/do-kuchni/kuchnie-mikrofalowe/kuchenka-mikrofalowa-gotze-amp-jensen-mo401x;348.85;389.99;348.86;RW0109-3009
2026-09-19 17:27:27;Media Expert;Kuchenka mikrofalowa SAMSUNG BESPOKE MC35R8058CC 900W średnica 38 cm pojemność 35L Auto Cook Czarno-szary;SAMSUNG;Mikrofalówki;-;https://www.mediaexpert.pl/agd-male/do-kuchni/kuchnie-mikrofalowe/kuchenka-mikrofalowa-samsung-bespoke-mc35r8058cc;1479.00;1599.00;1599.00;ME1809-031026
2026-09-19 17:27:28;Media Expert;Zamrażarka szufladowa MPM-80-ZS-33/N 60l;MPM;Zamrażarki;-;https://www.mediaexpert.pl/agd/lodowki-i-zamrazarki/zamrazarki/zamrazarka-mpm-80-zs-33-n;694.99;749.99;699.00;ME0709-300926
2026-09-19 17:27:28;Media Expert;Zamrażarka szufladowa MPM-80-ZS-06/N 60l;MPM;Zamrażarki;-;https://www.mediaexpert.pl/agd/lodowki-i-zamrazarki/zamrazarki/zamrazarka-mpm-80-zs-06-n;699.00;799.99;799.99;ME1109-031026
2026-09-19 17:27:28;Media Expert;Zamrażarka skrzyniowa CANDY CHAE 1002E 97l Szybkie zamrażanie;CANDY;Zamrażarki;-;https://www.mediaexpert.pl/agd/lodowki-i-zamrazarki/zamrazarki/zamrazarka-candy-chae-1002e;698.98;999.00;698.99;ME1109-031026
2026-09-19 17:27:28;Media Expert;Piekarnik AMICA ES37519 FINE Elektryczny Czarny matowy A;AMICA;Piekarniki do zabudowy;-;https://www.mediaexpert.pl/agd-do-zabudowy/piekarniki-do-zabudowy/piekarnik-amica-es37519-fine-elektryczny-czarny-matowy-a;899.99;1099.99;949.00;ME0809-300926
2026-09-19 17:27:29;Media Expert;Piekarnik AMICA TED57676ARBA+V PIZZA Elektryczny Czarny A+;AMICA;Piekarniki do zabudowy;-;https://www.mediaexpert.pl/agd-do-zabudowy/piekarniki-do-zabudowy/piekarnik-amica-ted57676arba-v-pizza-elektryczny-czarny-a;1799.00;2199.00;1899.88;ME0809-300926
2026-09-19 17:27:29;Media Expert;Piekarnik HISENSE BSA6633PBG8 Elektryczny parowy Czarny A+;HISENSE;Piekarniki do zabudowy;-;https://www.mediaexpert.pl/agd-do-zabudowy/piekarniki-do-zabudowy/piekarnik-hisense-bsa6633pbg8-elektryczny-parowy-czarny-a;2399.00;2499.99;2499.00;ME1209-031026
2026-09-19 17:27:29;Media Expert;Piekarnik ELECTROLUX LOE8F38X 700 MealAssist Elektryczny Stal szlachetna A+;ELECTROLUX;Piekarniki do zabudowy;-;https://www.mediaexpert.pl/agd-do-zabudowy/piekarniki-do-zabudowy/piekarnik-electrolux-loe8f38x-700-mealassist-elektryczny-stal-szlachetna-a;1854.00;1948.79;1854.98;ME1409-031026
2026-09-19 17:27:29;Media Expert;Piekarnik ELECTROLUX Rococo EOA5220FOV Elektryczny Biały A;ELECTROLUX;Piekarniki do zabudowy;-;https://www.mediaexpert.pl/agd-do-zabudowy/piekarniki-do-zabudowy/piekarnik-electrolux-rococo-eoa5220fov-elektryczny-bialy-a;1698.00;1999.00;1698.99;ME1409-031026
2026-09-19 17:27:30;Media Expert;Piekarnik HAIER H6 ID68C5SYTB Elektryczny parowy Czarny A++ AI Bionicook, Termosonda;HAIER;Piekarniki do zabudowy;-;https://www.mediaexpert.pl/agd-do-zabudowy/piekarniki-do-zabudowy/piekarnik-haier-h6-id68c5sytb-elektryczny-parowy-czarny-a-ai-bionicook-termosonda;4599.00;4999.00;4999.00;ME1409-031026
2026-09-19 17:27:30;Media Expert;Piekarnik HAIER H6 ID46G3YTB Elektryczny Czarny A++;HAIER;Piekarniki do zabudowy;-;https://www.mediaexpert.pl/agd-do-zabudowy/piekarniki-do-zabudowy/piekarnik-haier-h6-id46g3ytb-elektryczny-czarny-a;2188.00;2323.31;2189.00;ME1909-031026
2026-09-19 17:27:30;Media Expert;Piekarnik CANDY FMCIDC N602/CA Elektryczny Czarny A+;CANDY;Piekarniki do zabudowy;-;https://www.mediaexpert.pl/agd-do-zabudowy/piekarniki-do-zabudowy/piekarnik-candy-fmcidc-n602-ca-elektryczny-czarny-a;775.00;775.00;0.00;
2026-09-19 17:27:30;Media Expert;Płyta indukcyjna BEKO HII64720SUF2T Slim łączenie pól - IndyFlex PowerManagement HobToHood 60cm Czarny;BEKO;Płyty do zabudowy;-;https://www.mediaexpert.pl/agd-do-zabudowy/plyty-do-zabudowy/plyta-indukcyjna-beko-hii64720suf2t;1598.98;2299.00;1598.99;AK1809-190926
2026-09-19 17:27:30;Media Expert;Płyta indukcyjna SAMSUNG NZ64T3707A1;SAMSUNG;Płyty do zabudowy;-;https://www.mediaexpert.pl/agd-do-zabudowy/plyty-do-zabudowy/plyta-indukcyjna-samsung-nz64t3707a1;1449.00;1499.00;1499.00;ME1409-031026
2026-09-19 17:27:31;Media Expert;Płyta ceramiczna SAMSUNG CTR164NC01;SAMSUNG;Płyty do zabudowy;-;https://www.mediaexpert.pl/agd-do-zabudowy/plyty-do-zabudowy/plyta-samsung-ctr164nc01;1149.00;1249.00;1198.99;ME1409-031026
2026-09-19 17:27:31;Media Expert;Płyta ceramiczna BOSCH PKE611FP2E;BOSCH;Płyty do zabudowy;-;https://www.mediaexpert.pl/agd-do-zabudowy/plyty-do-zabudowy/plyta-ceramiczna-bosch-pke611fp2e;899.00;948.97;928.65;ME1509-031026
2026-09-19 17:27:31;Media Expert;Płyta indukcyjna BEKO HII64880UFT łączenie pól - IndyFlex PowerManagement 59cm Czarny;BEKO;Płyty do zabudowy;-;https://www.mediaexpert.pl/agd-do-zabudowy/plyty-do-zabudowy/plyta-indukcyjna-beko-hii64880uft;1446.99;1719.99;1447.00;ME1909-031026
2026-09-19 17:27:31;Media Expert;Płyta indukcyjna HAIER HA2MT68IRCS Pole łączone Varycook Slim fit;HAIER;Płyty do zabudowy;-;https://www.mediaexpert.pl/agd-do-zabudowy/plyty-do-zabudowy/plyta-indukcyjna-haier-ha2mt68ircs;2199.00;2749.00;2248.99;ME1409-031026
2026-09-19 17:27:32;Media Expert;Płyta gazowa BOSCH POH6B6K30;BOSCH;Płyty do zabudowy;-;https://www.mediaexpert.pl/agd-do-zabudowy/plyty-do-zabudowy/plyta-gazowa-bosch-poh6b6k30;784.00;899.00;785.00;ME1409-031026
2026-09-19 17:27:32;Media Expert;Płyta gazowa AMICA PGB6100BPR;AMICA;Płyty do zabudowy;-;https://www.mediaexpert.pl/agd-do-zabudowy/plyty-do-zabudowy/plyta-gazowa-amica-pgb6100bpr;617.99;649.99;618.00;ME1809-031026
2026-09-19 17:27:32;Media Expert;Płyta indukcyjno-gazowa ELECTROLUX KDI641723K;ELECTROLUX;Płyty do zabudowy;-;https://www.mediaexpert.pl/agd-do-zabudowy/plyty-do-zabudowy/plyta-indukcyjno-gazowa-electrolux-kdi641723k;2079.00;2129.99;2129.00;ME1409-031026
2026-09-19 17:27:32;Media Expert;Zmywarka WHIRLPOOL WH2ITD14C6N6A Połowa załadunku Inwerter 60cm;WHIRLPOOL;Zmywarki do zabudowy;-;https://www.mediaexpert.pl/agd-do-zabudowy/zmywarki-do-zabudowy/zmywarka-whirlpool-wh2itd14c6n6a;1099.99;1199.99;1199.99;RW1009-3109
2026-09-19 17:27:33;Media Expert;Zmywarka SAMSUNG DW60CG550B00ET Aqua Stop;SAMSUNG;Zmywarki do zabudowy;-;https://www.mediaexpert.pl/agd-do-zabudowy/zmywarki-do-zabudowy/zmywarka-samsung-dw60cg550b00et;1899.00;1969.99;1969.99;ME0609-300926
2026-09-19 17:27:33;Media Expert;Zmywarka WHIRLPOOL WIO3T133PE6.5 PowerClean Pro Autootwieranie drzwi 60cm;WHIRLPOOL;Zmywarki do zabudowy;-;https://www.mediaexpert.pl/agd-do-zabudowy/zmywarki-do-zabudowy/zmywarka-whirlpool-wio-3t133-pe-6-5;1686.00;1749.00;1686.99;ME0609-300926
2026-09-19 17:27:33;Media Expert;Zmywarka AMICA DIM42E6EBQO;AMICA;Zmywarki do zabudowy;-;https://www.mediaexpert.pl/agd-do-zabudowy/zmywarki-do-zabudowy/zmywarka-amica-dim42e6ebqo;1265.00;1699.00;1275.00;ME0809-190926
2026-09-19 17:27:33;Media Expert;Zmywarka SIEMENS iQ300 SR53ES25KE;SIEMENS;Zmywarki do zabudowy;-;https://www.mediaexpert.pl/agd-do-zabudowy/zmywarki-do-zabudowy/zmywarka-siemens-iq300-sr53es25ke;2238.00;2999.00;2248.00;ME0709-190926
2026-09-19 17:27:33;Media Expert;Zmywarka XPI 8D9FFB Wall-in Do zabudowy modułowej Kolorowy wyświetlacz Zdalne sterowanie;HAIER;Zmywarki do zabudowy;-;https://www.mediaexpert.pl/agd-do-zabudowy/zmywarki-do-zabudowy/zmywarka-haier-xpi-8d9ffb;1999.00;2699.00;2098.99;ME0609-300926
2026-09-19 17:27:34;Media Expert;Zmywarka BOSCH SMV4ENX06E Trzeci kosz ExtraSpace;BOSCH;Zmywarki do zabudowy;-;https://www.mediaexpert.pl/agd-do-zabudowy/zmywarki-do-zabudowy/zmywarka-bosch-smv4enx06e-aquasensor-efficientdry;2749.00;2749.00;0.00;
2026-09-19 17:27:34;Media Expert;Lodówka SAMSUNG BRB70F26DES0EO No frost AI Energy Mode 177.5cm;SAMSUNG;Lodówki do zabudowy;-;https://www.mediaexpert.pl/agd-do-zabudowy/lodowki-i-zamrazarki-do-zabudowy/lodowki-do-zabudowy/lodowka-samsung-brb70f26des0eo-ai;2799.00;3099.99;2899.00;PNU1809-2409
2026-09-19 17:27:34;Media Expert;Lodówka SIEMENS iQ500 KI86NADD0 177.2cm;SIEMENS;Lodówki do zabudowy;-;https://www.mediaexpert.pl/agd-do-zabudowy/lodowki-i-zamrazarki-do-zabudowy/lodowki-do-zabudowy/lodowka-siemens-ki86nadd0-nofrost;3689.98;3999.00;3689.99;ME0709-300926
2026-09-19 17:27:34;Media Expert;Lodówka HAIER HBW7519CF No frost 193.5cm;HAIER;Lodówki do zabudowy;-;https://www.mediaexpert.pl/agd-do-zabudowy/lodowki-i-zamrazarki-do-zabudowy/lodowki-do-zabudowy/lodowka-haier-hbw7519cf;3938.99;4449.00;3939.00;ME1109-031026
2026-09-19 17:27:35;Media Expert;Lodówka BEKO b100 BU1104N 81.8cm;BEKO;Lodówki do zabudowy;-;https://www.mediaexpert.pl/agd-do-zabudowy/lodowki-i-zamrazarki-do-zabudowy/lodowki-do-zabudowy/lodowka-beko-bu1104n;1169.99;1199.00;1189.99;ME0709-300926
2026-09-19 17:27:35;Media Expert;Lodówka LIEBHERR IRBd 5120 177cm;LIEBHERR;Lodówki do zabudowy;-;https://www.mediaexpert.pl/agd-do-zabudowy/lodowki-i-zamrazarki-do-zabudowy/lodowki-do-zabudowy/lodowka-liebherr-irbd-5120;6174.99;6174.99;0.00;
2026-09-19 17:27:35;Media Expert;Okap GOTZE & JENSEN VH760KGF Czarny 694.4m3/h 53dB klasa B Sterowanie gestem;GÖTZE & JENSEN;Okapy;-;https://www.mediaexpert.pl/agd-do-zabudowy/okapy-do-zabudowy/okap-gotze-jensen-vh760kgf-czarny-694-4m3-h-53db-klasa-b;898.98;999.99;898.99;RW0109-3009
2026-09-19 17:27:35;Media Expert;Okap AKPO WK-4 Rustica Nova 60 Kremowy 376.8m3/h 71dB klasa C;AKPO;Okapy;-;https://www.mediaexpert.pl/agd-do-zabudowy/okapy-do-zabudowy/okap-akpo-wk-4-rustica-nova-60;629.00;906.00;906.00;ME1509-031026
2026-09-19 17:27:36;Media Expert;Okap SIEMENS LC67KFN60 Czarne szkło 768m3/h 56dB klasa A+ Opóźnienie wyłączenia;SIEMENS;Okapy;-;https://www.mediaexpert.pl/agd-do-zabudowy/okapy-do-zabudowy/okap-siemens-lc67kfn60-czarne-szklo;2499.00;2999.00;2699.98;ME1809-031026
2026-09-19 17:27:36;Media Expert;Okap ELICA Stripe BL/A/60 Czarny 757m3/h 65dB klasa B;ELICA;Okapy;-;https://www.mediaexpert.pl/agd-do-zabudowy/okapy-do-zabudowy/okap-elica-stripe-bl-a-60;1234.00;1499.00;1249.99;ME1809-031026
2026-09-19 17:27:36;Media Expert;Okap SIEMENS LC65BCC60 Czarny matowy 67dB klasa B;SIEMENS;Okapy;-;https://www.mediaexpert.pl/agd-do-zabudowy/okapy-do-zabudowy/okap-siemens-lc65bcc60-czarny-matowy-67db-klasa-b;1479.00;1849.00;1849.00;ME1809-031026
2026-09-19 17:27:36;Media Expert;Okap GORENJE TH60E3W Biały 350m3/h 67dB klasa C;GORENJE;Okapy;-;https://www.mediaexpert.pl/agd-do-zabudowy/okapy-do-zabudowy/okap-gorenje-th60e3w;339.00;379.00;379.00;ME1809-031026
2026-09-19 17:27:37;Media Expert;Okap WHIRLPOOL AKR5390/1IX Inox 304m3/h 65dB klasa D;WHIRLPOOL;Okapy;-;https://www.mediaexpert.pl/agd-do-zabudowy/okapy-do-zabudowy/okap-whirlpool-akr-5390-1-ix;389.00;459.00;459.00;ME1809-031026
2026-09-19 17:27:37;Media Expert;Okap AMICA OSC6132W Biały 170m3/h 63dB klasa C;AMICA;Okapy;-;https://www.mediaexpert.pl/agd-do-zabudowy/okapy-do-zabudowy/okap-amica-osc6132w-bialy-170m3-h-63db-klasa-c;214.00;249.00;249.00;ME1809-031026
2026-09-19 17:27:37;Media Expert;Okap MIDEA MH60F17EM21BB Czarny 62dB klasa B;MIDEA;Okapy;-;https://www.mediaexpert.pl/agd-do-zabudowy/okapy-do-zabudowy/okap-midea-mh60f17em21bb-czarny-62db-klasa-b;199.99;219.99;219.99;ME1208-300926
2026-09-19 17:27:37;Media Expert;Okap MPM 45-OW-05 Czarny 315m3/h 57dB klasa C;MPM;Okapy;-;https://www.mediaexpert.pl/agd-do-zabudowy/okapy-do-zabudowy/okap-mpm-45-ow-05-czarny-315m3-h-57db-klasa-c;409.00;499.00;449.99;ME1809-031026
2026-09-19 17:27:37;Media Expert;Okap VDB Craft Premio 60 Biały 630m3/h 59dB klasa A;VDB;Okapy;-;https://www.mediaexpert.pl/agd-do-zabudowy/okapy-do-zabudowy/okap-vdb-craft-premio-60-bialy-630m3-h-59db-klasa-a;889.00;1069.00;889.00;ME1809-031026
2026-09-19 17:27:38;Media Expert;Okap VDB Master 60 Glass Czarne szkło 425m3/h 63db klasa B;VDB;Okapy;-;https://www.mediaexpert.pl/agd-do-zabudowy/okapy-do-zabudowy/okap-vdb-master-60-glass-czarny;1074.00;1144.00;1144.00;ME1809-031026
2026-09-19 17:27:38;Media Expert;Okap FABER Inka Plus HCS X 52 Inox;FABER;Okapy;-;https://www.mediaexpert.pl/agd-do-zabudowy/okapy-do-zabudowy/okap-faber-inka-plus-hcs-x-52;944.00;944.00;0.00;
2026-09-19 17:27:38;Media Expert;Kuchenka mikrofalowa AMICA AMMB25E3SGVB X-TYPE 900W średnica 31.5 cm pojemność 25L Multiwave system Czarny;AMICA;Kuchenki mikrofalowe do zabudowy;-;https://www.mediaexpert.pl/agd-do-zabudowy/kuchnie-mikrofalowe-do-zabudowy/kuchenka-mikrofalowa-amica-ammb25e3sgvb-x-type;1499.55;1649.99;1499.56;RW0109-3009
2026-09-19 17:27:38;Media Expert;Kuchenka mikrofalowa MIDEA MBMTG925EBK 900W średnica 31.5 cm pojemność 25l Czarny;MIDEA;Kuchenki mikrofalowe do zabudowy;-;https://www.mediaexpert.pl/agd-do-zabudowy/kuchnie-mikrofalowe-do-zabudowy/kuchenka-mikrofalowa-midea-mbmtg925ebk-900w-srednica-31-5-cm-pojemnosc-25l-czarny;699.99;799.99;799.99;ME1008-300926
2026-09-19 17:27:39;Media Expert;Kuchenka mikrofalowa WHIRLPOOL WMW57DHMX 900W średnica 40 cm pojemność 40L Czarno-srebrny;WHIRLPOOL;Kuchenki mikrofalowe do zabudowy;-;https://www.mediaexpert.pl/agd-do-zabudowy/kuchnie-mikrofalowe-do-zabudowy/kuchenka-mikrofalowa-whirlpool-wmw57dhmx-900w-srednica-40-cm-pojemnosc-40l-czarno-srebrny;2999.00;3549.00;3099.00;ME1409-031026
2026-09-19 17:27:39;Media Expert;Pralka do zabudowy CANDY ProWash 400 BC448M4D8J-S 8kg 1400obr Funkcje AI Sterowanie smartfonem;CANDY;Pralki do zabudowy;-;https://www.mediaexpert.pl/agd-do-zabudowy/pralki-i-suszarki-do-zabudowy/pralki-do-zabudowy/pralka-candy-ai-prowash-400-bc448m4d8j-s-8kg-1400-obr;1574.99;1749.00;1749.00;ME0109-300926
2026-09-19 17:27:39;Media Expert;Robot sprzątający MOVA E30 Ultra;MOVA;Roboty sprzątające;-;https://www.mediaexpert.pl/agd-male/sprzatanie/odkurzacze-automatyczne/robot-sprzatajacy-mova-e30-ultra;899.00;1179.00;999.00;R0209-300926
2026-09-19 17:27:39;Media Expert;Odkurzacz pionowy TINECO Floor One S9 Scientist Complete separacja wody Bezprzewodowy (Mopujący);TINECO;Odkurzacze pionowe;-;https://www.mediaexpert.pl/agd-male/sprzatanie/odkurzacze-pionowe/odkurzacz-mopujacy-tineco-floor-one-s9-scientist-complete;2997.00;3999.00;2998.00;ME0209-270926
2026-09-19 17:27:40;Media Expert;Robot do mycia okien WEBBER WM169;WEBBER;Myjki do okien;-;https://www.mediaexpert.pl/agd-male/sprzatanie/myjki-okienne/robot-do-mycia-okien-webber-wm169;669.00;669.00;0.00;
2026-09-19 17:27:40;Media Expert;Żelazko DREAME Rotafly P7 z funkcją parownicy;DREAME;Żelazka;-;https://www.mediaexpert.pl/agd-male/prasowanie-i-pielegnacja-ubran/zelazka/zelazko-dreame-p7-z-funkcja-parownicy;278.99;339.99;279.00;ME1309-031026
2026-09-19 17:27:40;Media Expert;Oczyszczacz powietrza PHILIPS AC3220/10 PureProtect Wi‑Fi;PHILIPS;Oczyszczacze powietrza;-;https://www.mediaexpert.pl/agd-male/do-domu/oczyszczacze-powietrza/oczyszczacz-powietrza-philips-ac3220-10-pureprotect;1438.60;1869.99;1438.61;RW0109-3009
2026-09-19 17:27:40;Media Expert;Nawilżacz ultradźwiękowy STADLER FORM Oliwier Czarny;STADLER FORM;Nawilżacze powietrza;-;https://www.mediaexpert.pl/agd-male/do-domu/nawilzacze-powietrza/nawilzacz-ultradzwiekowy-stadler-form-oliwier-czarny;424.99;499.00;429.95;ME1209-031026
2026-09-19 17:27:40;Media Expert;Gniazdko TESLA SP300 TSL-SPL-SP300-3USB Wi-Fi;TESLA;Inteligentne gniazdka;-;https://www.mediaexpert.pl/dom/inteligentny-dom/inteligentne-gniazdka-wifi/inteligentne-gniazdko-tesla-sp300-tsl-spl-sp300-3usb-wi-fi;49.00;55.00;55.00;ME1009-300926
2026-09-19 17:27:41;Media Expert;Inteligentna żarówka LED PHILIPS HUE 929003853501 8.1W E27 Bluetooth, ZigBee;PHILIPS HUE;Żarówki;-;https://www.mediaexpert.pl/dom/zarowki/zrodla-swiatla/inteligentna-zarowka-led-philips-hue-929003853501-8-1w-e27-bluetooth-zigbee;229.00;279.00;279.00;ME1009-300926
2026-09-19 17:27:41;Media Expert;Czujnik temperatury i wilgotności NEDIS SmartLife ZBSC30WT ZigBee;NEDIS;Czujniki;-;https://www.mediaexpert.pl/dom/inteligentny-dom/detektory/czujnik-temperatury-i-wilgotnosci-nedis-smartlife-zbsc30wt-zigbee;79.00;150.95;89.00;ME0409-300926
2026-09-19 17:27:41;Media Expert;Dzwonek bezprzewodowy EZVIZ CH1 Wi-Fi;EZVIZ;Dzwonki do drzwi;-;https://www.mediaexpert.pl/dom/inteligentny-dom/dzwonki-do-domu/dzwonek-do-drzwi-ezviz-ch1-wi-fi;129.00;159.99;159.99;ME1009-300926
2026-09-19 17:27:41;Media Expert;Inteligentny czujnik temperatury i wilgotności X-SENSE STH51;X-SENSE;Czujniki;-;https://www.mediaexpert.pl/dom/inteligentny-dom/detektory/inteligentny-czujnik-temperatury-i-wilgotnosci-x-sense-sth51;44.00;69.00;69.00;ME1009-300926
2026-09-19 17:27:42;Media Expert;Bramka EURA VDA-99A3 Wi-Fi;EURA;Bramki smart home;-;https://www.mediaexpert.pl/dom/inteligentny-dom/bramki-smart-home/bramka-eura-vda-99a3-wi-fi;159.00;170.42;170.42;ME1009-300926
2026-09-19 17:27:42;Media Expert;Filtr do oczyszczacza TCL KJ5F;TCL;Filtry do oczyszczaczy powietrza;-;https://www.mediaexpert.pl/agd-male/do-domu/akcesoria-do-oczyszczaczy-nawilzaczy/filtr-do-oczyszczacza-tcl-kj5f;44.99;49.00;49.00;ME1909-031026
2026-09-19 17:27:42;Media Expert;Ekspres SIEMENS EQ.600 TP603EM6 iAroma (Cold Brew);SIEMENS;Ekspresy ciśnieniowe;-;https://www.mediaexpert.pl/agd-male/ekspresy-i-kawa/ekspresy-cisnieniowe/ekspres-siemens-eq-600-tp603em6-iaroma-cold-brew;3698.99;3999.00;3699.00;ME0409-300926
2026-09-19 17:27:42;Media Expert;Ekspres SIEMENS EQ.500 TP511R09;SIEMENS;Ekspresy ciśnieniowe;-;https://www.mediaexpert.pl/agd-male/ekspresy-i-kawa/ekspresy-cisnieniowe/ekspres-siemens-eq-500-tp511r09;1329.00;1329.00;0.00;
2026-09-19 17:27:43;Media Expert;Ekspres SAGE Oracle Dual Boiler SES995BSS;SAGE;Ekspresy ciśnieniowe;-;https://www.mediaexpert.pl/agd-male/ekspresy-i-kawa/ekspresy-cisnieniowe/ekspres-kolbowy-sage-ses995bss-oracle-dual-boiler;10398.98;10999.00;10398.99;ME1009-300926
2026-09-19 17:27:43;Media Expert;Ekspres SMEG ECF03BLEU Czarny (Cold Brew);SMEG;Ekspresy ciśnieniowe;-;https://www.mediaexpert.pl/agd-male/ekspresy-i-kawa/ekspresy-cisnieniowe/ekspres-smeg-ecf03bleu-czarny-cold-brew;1719.00;1719.00;0.00;
2026-09-19 17:27:43;Media Expert;Robot kuchenny planetarny GÖTZE & JENSEN SB800T 1500W z szatkownicą, maszynką do mięsa i blenderem kielichowym;GÖTZE & JENSEN;Roboty kuchenne;-;https://www.mediaexpert.pl/agd-male/do-kuchni/roboty-kuchenne/robot-kuchenny-planetarny-gotze-jensen-sb800t-1500w-pojemnosc-7-l-blender-kielichowy-maszynka-do-miesa;999.97;1099.99;999.98;RW1808-300926
2026-09-19 17:27:43;Media Expert;Blender personalny NINJA BlendBoss BD351EUCY;NINJA;Blendery personalne;-;https://www.mediaexpert.pl/agd-male/do-kuchni/blendery-personalne/blender-personalny-ninja-blendboss-bd351eucy;449.95;489.99;449.96;ME1209-031026
2026-09-19 17:27:44;Media Expert;Gofrownica DEZAL 301.5.1 LWN Czerwony;DEZAL;Gofrownice;-;https://www.mediaexpert.pl/agd-male/do-kuchni/gofrownice/gofrownica-dezal-301-5-1-lwn-czerwony;599.00;649.00;649.00;ME0909-300926
2026-09-19 17:27:44;Media Expert;Szczoteczka soniczna OROMED ORO-BRUSH Czarny;ORO-MED;Szczoteczki elektryczne;-;https://www.mediaexpert.pl/agd-male/zdrowie/szczoteczki-elektryczne/szczoteczka-soniczna-oro-brush-black;119.99;127.99;127.99;R1809-230926
2026-09-19 17:27:44;Media Expert;Kosiarka akumulatorowa MOVA GL620 z napędem, 47 cm, rozdrabnianie, 5 Ah, 60 V,  silnik bezszczotkowy, kosz 62L, 1 akumulator 5 Ah;MOVA;Kosiarki akumulatorowe;-;https://www.mediaexpert.pl/dom-i-ogrod/kosiarki-i-podkaszarki/kosiarki-akumulatorowe/kosiarka-akumulatorowa-mova-gl620-z-napedem;3298.00;3899.99;3299.00;R1009-250926
2026-09-19 17:27:44;Media Expert;Podkaszarka akumulatorowa BOSCH Advanced GrassCut 36V-33;BOSCH_elektronarzedzia;Podkaszarki akumulatorowe;-;https://www.mediaexpert.pl/dom-i-ogrod/narzedzia-akumulatorowe/podkaszarki-akumulatorowe/podkaszarka-akumulatorowa-bosch-advanced-grasscut-36v-33;659.00;829.99;829.99;ME1109-300926
2026-09-19 17:27:44;Media Expert;Myjka ciśnieniowa BOSCH UniversalAquatak 130 Car Cleaning Kit 0.615.992.61B;BOSCH_elektronarzedzia;Myjki ciśnieniowe;-;https://www.mediaexpert.pl/dom-i-ogrod/myjki-wysokocisnieniowe_i_akcesoria/myjki-wysokocisnieniowe/myjka-cisnieniowa-bosch-universalaquatak-130-car-cleaning-kit-0-615-992-61b;594.98;649.00;594.99;ME0809-300926
2026-09-19 17:27:45;Media Expert;Nożyce do żywopłotu DEDRA DED8693-51 550 mm 0.6kW elektryczne;DEDRA;Nożyce do żywopłotów;-;https://www.mediaexpert.pl/dom-i-ogrod/narzedzia-ogrodnicze/nozyce-i-sekatory-do-zywoplotow/nozyce-do-zywoplotu-dedra-ded8693-51-550-mm-0-6kw-elektryczne;209.00;308.99;308.99;WYPRZEDAZ-OGROD26
2026-09-19 17:27:45;Media Expert;Sekator do gałęzi NEO TOOLS 15-254;NEO TOOLS;Sekatory;-;https://www.mediaexpert.pl/dom-i-ogrod/narzedzia-ogrodnicze/sekatory/sekator-reczny-neo-15-254;179.00;196.89;196.89;ME0409-300926
2026-09-19 17:27:45;Media Expert;Nóż do kosiarki BOSCH F016800503;BOSCH_elektronarzedzia;Noże do kosiarek;-;https://www.mediaexpert.pl/dom-i-ogrod/kosiarki-i-podkaszarki/noze-do-kosiarek/zapasowy-noz-38-cm-leaf-collect-gen-5-li;89.99;99.99;93.00;ME1109-300926
2026-09-19 17:27:45;Media Expert;Polerka NEO TOOLS 04-604;NEO TOOLS;Polerki;-;https://www.mediaexpert.pl/dom-i-ogrod/elektronarzedzia/polerki/polerka-neo-04-604;105.49;178.62;106.59;ME0409-300926
2026-09-19 17:27:46;Media Expert;Szlifierka kątowa sieciowa GRAPHITE 59G110;GRAPHITE;Szlifierki kątowe;-;https://www.mediaexpert.pl/dom-i-ogrod/elektronarzedzia/szlifierki-katowe/szlifierka-katowa-graphite-59g110;189.89;209.99;189.99;ME0409-300926
2026-09-19 17:27:46;Media Expert;Szlifierka kątowa akumulatorowa BOSCH Professional 06019N9005 GWS 18V-8;BOSCH_elektronarzedzia;Szlifierki kątowe;-;https://www.mediaexpert.pl/dom-i-ogrod/elektronarzedzia/szlifierki-katowe/szlifierka-katowa-akumulatorowa-bosch-professional-06019n9005-gws-18v-8;999.00;1272.00;1183.00;ME1109-300926
2026-09-19 17:27:46;Media Expert;Wkrętak akumulatorowy BOSCH Professional GTB 12V-11 06019E4002 12V;BOSCH_elektonarzedzia;Wkrętarki;-;https://www.mediaexpert.pl/dom-i-ogrod/elektronarzedzia/wkretarki/gtb-12v-11-solo;526.62;607.00;607.00;ME1109-300926
2026-09-19 17:27:46;Media Expert;Wyrzynarka BOSCH Professional GST 90 BE 60158F001;BOSCH_elektonarzedzia;Wyrzynarki;-;https://www.mediaexpert.pl/dom-i-ogrod/elektronarzedzia/wyrzynarki/wyrzynarka-bosch-gst-90-be-professional-1;599.00;670.00;670.00;ME1109-300926
2026-09-19 17:27:47;Media Expert;Wiertarko-wkrętarka BOSCH UniversalDrill 18V-60 06039D7002 zestaw akumulatorów;BOSCH_elektronarzedzia;Wiertarko - wkrętarki;-;https://www.mediaexpert.pl/dom-i-ogrod/elektronarzedzia/wiertarko-wkretarki/wiertarko-wkretarka-bosch-universaldrill-18v-60-06039d7002;486.98;648.98;555.00;ME1109-300926
2026-09-19 17:27:47;Media Expert;Gwoździarka akumulatorowa BOSCH Professional GNH 18V-50 M 0601482401;BOSCH_elektronarzedzia;Gwoździarki;-;https://www.mediaexpert.pl/dom-i-ogrod/elektronarzedzia/gwozdziarki/gwozdziarka-akumulatorowa-bosch-professional-gnh-18v-50-m-0601482401;2599.00;3089.99;2864.00;ME1109-300926
2026-09-19 17:27:47;Media Expert;Pilarka tarczowa BOSCH GKS 65 GCE Professional;BOSCH_elektonarzedzia;Pilarki tarczowe;-;https://www.mediaexpert.pl/dom-i-ogrod/elektronarzedzia/pilarki-tarczowe/pilarka-tarczowa-bosch-gks-65-gce-professional;1114.00;1441.00;1115.00;ME1109-300926
2026-09-19 17:27:47;Media Expert;Szlifierka kątowa sieciowa BOSCH GWX 14-125 S;BOSCH_elektronarzedzia;Szlifierki kątowe;-;https://www.mediaexpert.pl/dom-i-ogrod/elektronarzedzia/szlifierki-katowe/szlifierka-katowa-bosch-gwx-14-125-s;769.00;849.00;777.47;ME1109-300926
2026-09-19 17:27:47;Media Expert;Szlifierka kątowa sieciowa BOSCH Professional GWS 9-115 0601396006;BOSCH_elektonarzedzia;Szlifierki kątowe;-;https://www.mediaexpert.pl/dom-i-ogrod/elektronarzedzia/szlifierki-katowe/gws-9-115;299.00;359.99;359.00;ME1109-300926
2026-09-19 17:27:48;Media Expert;Wiertarko-wkrętarka BOSCH Professional GSR 12V-35 FC 06019H3003 SOLO;BOSCH_elektronarzedzia;Wiertarko - wkrętarki;-;https://www.mediaexpert.pl/dom-i-ogrod/elektronarzedzia/wiertarko-wkretarki/wiertarko-wkretarka-bosch-professional-gsr-12v-35-fc-06019h3003;1199.00;1329.99;1237.00;ME1109-300926
2026-09-19 17:27:48;Media Expert;Młot wyburzeniowy BOSCH Professional GSH 7 VC 0611322000;BOSCH_elektonarzedzia;Młoty udarowo-obrotowe;-;https://www.mediaexpert.pl/dom-i-ogrod/elektronarzedzia/mloty-udarowo-obrotowe/mlot-udarowy-bosch-gsh-7-vc-professional;3599.00;4750.63;3637.00;ME1109-300926
2026-09-19 17:27:48;Media Expert;Szlifierka prosta BOSCH GGS 8 CE Professional;BOSCH_elektonarzedzia;Szlifierki proste;-;https://www.mediaexpert.pl/dom-i-ogrod/elektronarzedzia/szlifierki-proste/szlifierka-prosta-bosch-ggs-8-ce-professional;1339.98;1499.00;1339.99;ME1109-300926
2026-09-19 17:27:48;Media Expert;Szlifierka kątowa sieciowa BOSCH Professional GWS 14-125 06017D0000;BOSCH_elektronarzedzia;Szlifierki kątowe;-;https://www.mediaexpert.pl/dom-i-ogrod/elektronarzedzia/szlifierki-katowe/szlifierka-katowa-gws-14-125;609.00;768.00;611.00;ME1109-300926
2026-09-19 17:27:49;Media Expert;Pilarka tarczowa BOSCH GKS 235 Turbo Professional;BOSCH_elektonarzedzia;Pilarki tarczowe;-;https://www.mediaexpert.pl/dom-i-ogrod/elektronarzedzia/pilarki-tarczowe/pilarka-tarczowa-bosch-gks-235-turbo-professional;965.00;1210.00;966.00;ME1109-300926
2026-09-19 17:27:49;Media Expert;Młot udarowo-obrotowy BOSCH Professional GBH 18V-18 0611927001;BOSCH_elektronarzedzia;Młoty udarowo-obrotowe;-;https://www.mediaexpert.pl/dom-i-ogrod/elektronarzedzia/mloty-udarowo-obrotowe/mlot-udarowo-obrotowy-bosch-professional-gbh-18v-18-0611927001;1043.99;1259.00;1044.00;ME1109-300926
2026-09-19 17:27:49;Media Expert;Wiertło BOSCH 2608586994;BOSCH_elektronarzedzia;Wiertła;-;https://www.mediaexpert.pl/dom-i-ogrod/elektronarzedzia/wiertla/wiertlo-bosch-2608586994;125.99;159.99;150.83;ME1109-300926
2026-09-19 17:27:49;Media Expert;Wiertło BOSCH 2608586796;BOSCH_elektronarzedzia;Wiertła;-;https://www.mediaexpert.pl/dom-i-ogrod/elektronarzedzia/wiertla/wiertlo-bosch-2608586796;419.99;519.99;422.00;ME1109-300926
2026-09-19 17:27:50;Media Expert;Wiertło BOSCH 2608685865;BOSCH_elektronarzedzia;Wiertła;-;https://www.mediaexpert.pl/dom-i-ogrod/elektronarzedzia/wiertla/wiertlo-bosch-2608685865;89.99;97.47;94.00;ME1109-300926
2026-09-19 17:27:50;Media Expert;Gwoździarka akumulatorowa BOSCH Professional GNB 18V-38 06019L7002;BOSCH_elektronarzedzia;Gwoździarki;-;https://www.mediaexpert.pl/dom-i-ogrod/elektronarzedzia/gwozdziarki/gwozdziarka-akumulatorowa-bosch-professional-gnb-18v-38-06019l7002;3621.25;3825.53;3621.26;ME1109-300926
2026-09-19 17:27:50;Media Expert;Zestaw wierteł BOSCH 2608833906 (10 szt.);BOSCH_elektronarzedzia;Wiertła;-;https://www.mediaexpert.pl/dom-i-ogrod/elektronarzedzia/wiertla/zestaw-wiertel-bosch-2608833906-10-szt;189.99;229.00;192.72;ME1109-300926
2026-09-19 17:27:50;Media Expert;Laser krzyżowy BOSCH Professional GLL 2-15 G 0601063W00;BOSCH_elektronarzedzia;Poziomice i lasery;-;https://www.mediaexpert.pl/dom-i-ogrod/narzedzia-pomiarowe/poziomice-i-lasery/laser-krzyzowy-bosch-professional-gll-2-15-g-0601063w00;638.00;859.99;800.00;ME1109-300926
2026-09-19 17:27:50;Media Expert;Wkład BOSCH 1600A002VE;BOSCH_elektronarzedzia;Pozostałe akcesoria do transportu narzędzi;-;https://www.mediaexpert.pl/dom-i-ogrod/narzedzia-reczne/transport-narzedzi/wklad-bosch-1600a002ve;64.99;106.00;67.99;ME1109-300926
2026-09-19 17:27:51;Media Expert;Zestaw szczypiec BOSCH 1600A016BG (3 szt.);BOSCH;Szczypce;-;https://www.mediaexpert.pl/dom-i-ogrod/narzedzia-reczne/szczypce/zestaw-szczypiec-bosch-1600a016bg-3-szt;176.59;269.99;186.35;ME1109-300926
2026-09-19 17:27:51;Media Expert;Wkład BOSCH 1600A0089S;BOSCH_elektronarzedzia;Pozostałe akcesoria do transportu narzędzi;-;https://www.mediaexpert.pl/dom-i-ogrod/narzedzia-reczne/transport-narzedzi/wklad-bosch-1600a0089s;39.99;53.00;42.00;ME1109-300926
2026-09-19 17:27:51;Media Expert;Klucz nastawny BOSCH 1600A02W3N;BOSCH;Klucze do rur i nastawne;-;https://www.mediaexpert.pl/dom-i-ogrod/narzedzia-reczne/klucze-do-rur-i-nastawne/klucz-nastawny-bosch-1600a02w3n;119.86;179.99;163.10;ME1109-300926
2026-09-19 17:27:51;Media Expert;Torba narzędziowa NEO TOOLS 84-308;NEO TOOLS;Torby narzędziowe;-;https://www.mediaexpert.pl/dom-i-ogrod/narzedzia-reczne/torby-narzedziowe/torba-monterska-neo-tools-84-308;169.78;409.99;169.88;ME0409-300926
2026-09-19 17:27:52;Media Expert;Regał BOSCH I-BOXX 3 szuflady (1600A001SF);BOSCH_elektonarzedzia;Przechowywanie narzędzi;-;https://www.mediaexpert.pl/dom-i-ogrod/narzedzia-reczne/przechowywanie-narzedzi/regal-bosch-i-boxx-3-szuflady-1600a001sf;349.00;379.00;365.37;ME1109-300926
2026-09-19 17:27:52;Media Expert;Lampa budowlana BOSCH Professional GLT18V-5000 06019P5000;BOSCH;Lampy warsztatowe;-;https://www.mediaexpert.pl/dom-i-ogrod/wyposazenie-warsztatu/lampy-warsztatowe/lampa-budowlana-bosch-professional-glt18v-5000-06019p5000;1499.00;1600.57;1586.42;ME1109-300926
2026-09-19 17:27:52;Media Expert;Budzik HAMA Ibiza Żółty;HAMA;Budziki;-;https://www.mediaexpert.pl/agd-male/do-domu/zegarki-i-budziki/budzik-hama-ibiza-zolty;82.63;88.85;82.64;AK1909-2009
2026-09-19 17:27:52;Media Expert;Rower miejski INDIANA Moena A3B 28 cali damski Czarny 2026;INDIANA;Rowery miejskie;-;https://www.mediaexpert.pl/rowery/rowery-miejskie/rower-miejski-indiana-moena-a3b-28-cali-damski-czarny-1;1099.99;1299.99;1249.99;WYPRZEDAZ-ROWERY
2026-09-19 17:27:53;Media Expert;Rower miejski INDIANA Moena S7B 26 cali damski Lazurowy;INDIANA;Rowery miejskie;-;https://www.mediaexpert.pl/rowery/rowery-miejskie/rower-miejski-indiana-moena-s7b-26-cali-damski-lazurowy;899.99;1099.99;999.99;ME2808-300926
2026-09-19 17:27:53;Media Expert;Rower miejski DAWSTAR Citybike S7B 28 cali damski Granatowy;DAWSTAR;Rowery miejskie;-;https://www.mediaexpert.pl/rowery/rowery-miejskie/rower-miejski-dawstar-citybike-s7b-28-cali-damski-granatowy;839.99;999.99;849.99;ME2808-300926
2026-09-19 17:27:53;Media Expert;Rower miejski ROMET Wigry Classic U13 20 cali Szary;ROMET;Rowery miejskie;-;https://www.mediaexpert.pl/rowery/rowery-miejskie/rower-miejski-romet-wigry-classic-u13-20-cali-szary;2299.99;2999.99;2999.99;ME2808-300926
2026-09-19 17:27:53;Media Expert;Rower miejski MBM Apostrophe 806 6B 28 cali męski Beżowy;MBM;Rowery miejskie;-;https://www.mediaexpert.pl/rowery/rowery-miejskie/rower-miejski-mbm-apostrophe-806-6b-28-cali-meski-bezowy;599.99;1499.99;699.98;ME2808-300926
2026-09-19 17:27:54;Media Expert;Rower górski MTB INDIANA X-Pulser 2.7 M21 27.5 cala męski Czarno-żółty;INDIANA;Rowery MTB górskie;-;https://www.mediaexpert.pl/rowery/rowery-mtb/rower-gorski-mtb-indiana-x-pulser-2-7-m21-27-5-cala-meski-czarno-zolty-3;1119.90;1399.99;1129.99;ME0809-300926
2026-09-19 17:27:54;Media Expert;Rower górski MTB INDIANA X-Pulser 2.7 D15 27.5 cali damski Czarno-miętowy;INDIANA;Rowery MTB górskie;-;https://www.mediaexpert.pl/rowery/rowery-mtb/rower-gorski-mtb-indiana-x-pulser-2-7-d15-27-5-cali-damski-czarno-mietowy;899.99;1499.99;1199.99;ME2808-300926
2026-09-19 17:27:54;Media Expert;Rower górski MTB INDIANA X-Pulser 2.6 M15 26 cali męski Czarno-pomarańczowy;INDIANA;Rowery MTB górskie;-;https://www.mediaexpert.pl/rowery/rowery-mtb/rower-gorski-mtb-indiana-x-pulser-2-6-m15-26-cali-meski-czarno-pomaranczowy-2;1199.99;1699.99;1399.99;ME2808-300926
2026-09-19 17:27:54;Media Expert;Rower górski MTB INDIANA X-Pulser 2.6 D19 26 cali damski Czarno-fioletowy;INDIANA;Rowery MTB górskie;-;https://www.mediaexpert.pl/rowery/rowery-mtb/rower-gorski-mtb-indiana-x-pulser-2-6-d19-26-cali-damski-czarno-fioletowy;1199.99;1599.99;1399.99;ME2808-300926
2026-09-19 17:27:54;Media Expert;Rower górski MTB INDIANA X-Pulser 2.6 M15 26 cali męski Niebiesko-żółty;INDIANA;Rowery MTB górskie;-;https://www.mediaexpert.pl/rowery/rowery-mtb/rower-gorski-mtb-indiana-x-pulser-2-6-m15-26-cali-meski-niebiesko-zolty;1199.99;1699.99;1399.99;ME2808-300926
2026-09-19 17:27:55;Media Expert;Rower górski MTB INDIANA X-Pulser 1.9 M21 29 cali męski Czarno-niebieski;INDIANA;Rowery MTB górskie;-;https://www.mediaexpert.pl/rowery/rowery-mtb/rower-gorski-mtb-indiana-x-pulser-1-9-m21-29-cali-meski-czarno-niebieski-4;1199.99;1699.99;1399.99;ME2808-300926
2026-09-19 17:27:55;Media Expert;Rower górski MTB SIROX Tornado M19 29 cale Czarno-szary;SIROX;Rowery MTB górskie;-;https://www.mediaexpert.pl/rowery/rowery-mtb/rower-gorski-mtb-sirox-tornado-m19-29-cale-czarno-szary;1099.99;1699.99;1699.99;ME2808-300926
2026-09-19 17:27:55;Media Expert;Rower górski MTB INDIANA X-Pulser 2.9 M17 29 cali męski Grafitowo-srebrny;INDIANA;Rowery MTB górskie;-;https://www.mediaexpert.pl/rowery/rowery-mtb/rower-gorski-mtb-indiana-x-pulser-2-9-m17-29-cali-meski-grafitowo-srebrny;1299.99;2199.99;1499.98;ME2808-300926
2026-09-19 17:27:55;Media Expert;Rower górski MTB INDIANA X-Pulser 1.6 M19 26 cali męski Czarno-czerwony;INDIANA;Rowery MTB górskie;-;https://www.mediaexpert.pl/rowery/rowery-mtb/rower-gorski-mtb-indiana-x-pulser-1-6-m19-26-cali-meski-czarno-czerwony-4;599.99;949.99;699.99;ME2808-300926
2026-09-19 17:27:56;Media Expert;Rower górski MTB INDIANA X-Pulser 2.6 M19 26 cali męski Czarno-zielony;INDIANA;Rowery MTB górskie;-;https://www.mediaexpert.pl/rowery/rowery-mtb/rower-gorski-mtb-indiana-x-pulser-2-6-m19-26-cali-meski-czarno-zielony-3;899.99;1599.99;999.99;ME2808-300926
2026-09-19 17:27:56;Media Expert;Rower górski MTB INDIANA X-Pulser 3.9 D18 29 cali damski Lawendowo-fioletowy;INDIANA;Rowery MTB górskie;-;https://www.mediaexpert.pl/rowery/rowery-mtb/rower-gorski-mtb-indiana-x-pulser-3-9-d18-29-cali-damski-lawendowo-fioletowy;1899.99;2599.99;2099.99;ME2808-300926
2026-09-19 17:27:56;Media Expert;Rower górski MTB ROMET Rambler R7.3 B U20 27.5 cala Niebiesko-żółty;ROMET;Rowery MTB górskie;-;https://www.mediaexpert.pl/rowery/rowery-mtb/rower-gorski-mtb-romet-rambler-r7-3-b-u20-27-5-cali-niebiesko-zolty;1799.99;3299.99;3299.99;ME2808-300926
2026-09-19 17:27:56;Media Expert;Rower górski MTB INDIANA X-Pulser 1.9 M21 29 cali męski Czarno-niebieski;INDIANA;Rowery MTB górskie;-;https://www.mediaexpert.pl/rowery/rowery-mtb/rower-gorski-mtb-indiana-x-pulser-1-9-m21-29-cali-meski-czarno-niebieski-5;1199.99;1899.99;1299.99;ME2808-300926
2026-09-19 17:27:57;Media Expert;Rower górski MTB INDIANA X-Pulser 1.6 M17 26 cali męski Czarno-czerwony;INDIANA;Rowery MTB górskie;-;https://www.mediaexpert.pl/rowery/rowery-mtb/rower-gorski-mtb-indiana-x-pulser-1-6-m17-26-cali-meski-czarno-czerwony-5;899.99;1599.99;1099.99;ME2808-300926
2026-09-19 17:27:57;Media Expert;Rower górski MTB INDIANA X-Pulser 1.9 M17 29 cali męski Grafitowo-beżowy;INDIANA;Rowery MTB górskie;-;https://www.mediaexpert.pl/rowery/rowery-mtb/rower-gorski-mtb-indiana-x-pulser-1-9-m17-29-cali-meski-grafitowo-bezowy;1299.99;2299.99;2299.99;ME2808-300926
2026-09-19 17:27:57;Media Expert;Rower górski MTB ROMET Monsun 3.1 29212262-A U21 29 cali Szary;ROMET;Rowery MTB górskie;-;https://www.mediaexpert.pl/rowery/rowery-mtb/rower-gorski-mtb-romet-monsun-3-1-29212262-a-u21-29-cali-szary;4999.99;7299.99;7299.99;ME2808-300926
2026-09-19 17:27:57;Media Expert;Rower górski MTB ROMET Monsun 1 29210134-B U21 29 cali Czarny;ROMET;Rowery MTB górskie;-;https://www.mediaexpert.pl/rowery/rowery-mtb/rower-gorski-mtb-romet-monsun-1-29210134-b-u21-29-cali-czarny;3999.99;5999.99;5999.99;ME2808-300926
2026-09-19 17:27:57;Media Expert;Rower górski MTB ROMET Mustang 4.1 U17 29 cali Grafitowy;ROMET;Rowery MTB górskie;-;https://www.mediaexpert.pl/rowery/rowery-mtb/rower-gorski-mtb-romet-mustang-4-1-u17-29-cali-grafitowy;3999.99;5299.99;5299.99;ME2808-300926
2026-09-19 17:27:58;Media Expert;Rower górski MTB INDIANA X-Pulser 1.9 M19 29 cali Deli męski Czarno-niebieski;INDIANA;Rowery MTB górskie;-;https://www.mediaexpert.pl/rowery/rowery-mtb/rower-gorski-mtb-indiana-x-pulser-1-9-m19-29-cali-meski-czarno-niebieski-3;799.99;1199.99;1199.99;ME2808-300926
2026-09-19 17:27:58;Media Expert;Rower górski MTB INDIANA X-Pulser 3.7 D17 27.5 cala damski Fioletowy;INDIANA;Rowery MTB górskie;-;https://www.mediaexpert.pl/rowery/rowery-mtb/rower-gorski-mtb-indiana-x-pulser-3-7-d17-27-5-cala-damski-fioletowy-1;1699.99;2599.99;2599.99;ME2808-300926
2026-09-19 17:27:58;Media Expert;Rower elektryczny INDIANA E-Trekking 3.0 D18 28 cali damski Biały;INDIANA;Rowery elektryczne;-;https://www.mediaexpert.pl/rowery/rower-elektryczne/rowery-elektryczne/rower-elektryczny-indiana-e-trekking-3-0-d18-28-cali-bialy;4749.97;4999.99;4749.98;ME2808-300926
2026-09-19 17:27:58;Media Expert;Rower elektryczny ROMET PROECO FS U17 29 cali Grafitowy;PROECO;Rowery elektryczne;-;https://www.mediaexpert.pl/rowery/rower-elektryczne/rowery-elektryczne/rower-elektryczny-proeco-fs-u17-29-cali-grafitowy;5499.99;6999.00;5999.00;ME2808-300926
2026-09-19 17:27:59;Media Expert;Rower elektryczny ROMET E-Modeco SUV 1.0 AN U17 28 cali Złoty;ROMET;Rowery elektryczne;-;https://www.mediaexpert.pl/rowery/rower-elektryczne/rowery-elektryczne/rower-elektryczny-romet-e-modeco-suv-1-0-an-u17-28-cali-zloty;5998.00;8999.99;5999.99;ME2808-300926
2026-09-19 17:27:59;Media Expert;Rower elektryczny ROMET E-Modeco SUV 1.0 AN U19 28 cali Limonkowy;ROMET;Rowery elektryczne;-;https://www.mediaexpert.pl/rowery/rower-elektryczne/rowery-elektryczne/rower-elektryczny-romet-e-modeco-suv-1-0-an-u19-28-cali-limonkowy;5998.00;8999.99;5999.99;ME2808-300926
2026-09-19 17:27:59;Media Expert;Rower elektryczny ROMET E-Modeco URB 2.0 U17 28 cali Czarno-granatowy;ROMET;Rowery elektryczne;-;https://www.mediaexpert.pl/rowery/rower-elektryczne/rowery-elektryczne/rower-elektryczny-romet-e-modeco-urb-2-0-u17-28-cali-czarno-granatowy;8498.99;11499.99;8499.99;ME2808-300926
2026-09-19 17:27:59;Media Expert;Rower elektryczny DENVER Urban 600 U16 24 cale Granatowy;DENVER;Rowery elektryczne;-;https://www.mediaexpert.pl/rowery/rower-elektryczne/rowery-elektryczne/rower-elektryczny-denver-urban-600-u16-24-cale-granatowy;3799.99;4299.99;4299.99;ME2808-300926
2026-09-19 17:28:00;Media Expert;Rower elektryczny TORPADO Balio S M23 28 cali Srebrno-czerwony;TORPADO;Rowery elektryczne;-;https://www.mediaexpert.pl/rowery/rower-elektryczne/rowery-elektryczne/rower-elektryczny-torpado-balio-s-m23-28-cali-meski-srebrno-czerwony;5499.99;16749.99;7999.99;ME2808-300926
2026-09-19 17:28:00;Media Expert;Rower elektryczny INDIANA E3400 U19 27.5 cala Czarny;INDIANA;Rowery elektryczne;-;https://www.mediaexpert.pl/rowery/rower-elektryczne/rowery-elektryczne/rower-elektryczny-indiana-e3400-u16-27-5-cala-czarny;3199.99;3999.99;3879.97;ME2808-300926
2026-09-19 17:28:00;Media Expert;Rower elektryczny DUCATI Scrambler SCR-E U17 20 cali Czarno-żółty;DUCATI;Rowery elektryczne;-;https://www.mediaexpert.pl/rowery/rower-elektryczne/rowery-elektryczne/rower-elektryczny-ducati-scrambler-scr-e-u17-20-cali-czarno-zolty;3499.99;6999.99;6999.99;ME0809-300926
2026-09-19 17:28:00;Media Expert;Rower dziecięcy SUN BABY Heart Bike Silver Moon 14 cali Różowy Wzrost: 95-110 cm Wiek: 3-5 lat;SUN BABY;Rowery dla dzieci;-;https://www.mediaexpert.pl/rowery/rowery-dzieciece/rowery-dzieciece/rower-dzieciecy-sun-baby-heart-bike-silver-moon-14-cali-dla-dziewczynki-rozowy;589.99;649.99;649.99;ME2808-300926
2026-09-19 17:28:01;Media Expert;Rower dziecięcy HUFFY Star Wars 16 cali Wzrost: 100-120 cm Wiek: 5-7 lat;HUFFY;Rowery dla dzieci;-;https://www.mediaexpert.pl/rowery/rowery-dzieciece/rowery-dzieciece/rower-dzieciecy-huffy-star-wars-16-cali-dla-chlopca;199.99;549.99;289.99;ME2808-300926
2026-09-19 17:28:01;Media Expert;Rower dziecięcy HUFFY Spider-Man 14 cali Niebiesko-czerwony Wzrost: 95-110 cm Wiek: 4-6 lat;HUFFY;Rowery dla dzieci;-;https://www.mediaexpert.pl/rowery/rowery-dzieciece/rowery-dzieciece/rower-dzieciecy-huffy-spider-man-14-cali-dla-chlopca-niebiesko-czerwony;499.99;599.99;549.99;ME2808-300926
2026-09-19 17:28:01;Media Expert;Rower dziecięcy SUN BABY Flower Bike 20 cali Lawendowy Wzrost: 120-135 cm Wiek: 6-10 lat;SUN BABY;Rowery dla dzieci;-;https://www.mediaexpert.pl/rowery/rowery-dzieciece/rowery-dzieciece/rowerek-dzieciecy-sun-baby-flower-bike-20-cali-dla-dziewczynki-lawendowy;789.99;849.99;849.99;ME2808-300926
2026-09-19 17:28:01;Media Expert;Rower dziecięcy SUN BABY Heart Bike 16 cali Różowy 2022 Wzrost: 100-120 cm Wiek: 4-6 lat;SUN BABY;Rowery dla dzieci;-;https://www.mediaexpert.pl/rowery/rowery-dzieciece/rowery-dzieciece/rower-dzieciecy-sun-baby-heart-bike-16-cali-dla-dziewczynki-rozowy;639.99;699.99;699.99;ME2808-300926
2026-09-19 17:28:01;Media Expert;Rower dziecięcy SUN BABY Tiger Bike 20 cali Biało-zielony Wzrost: 120-135 cm Wiek: 6-8 lat;SUN BABY;Rowery dla dzieci;-;https://www.mediaexpert.pl/rowery/rowery-dzieciece/rowery-dzieciece/rower-dzieciecy-sun-baby-tiger-bike-20-cali-dla-chlopca-bialo-zielony;798.99;849.99;849.99;ME2808-300926
2026-09-19 17:28:02;Media Expert;Rower dziecięcy SUN BABY Heart Bike Silver Moon 16 cali Różowy Wzrost: 100-120 cm Wiek: 4-6 lat;SUN BABY;Rowery dla dzieci;-;https://www.mediaexpert.pl/rowery/rowery-dzieciece/rowery-dzieciece/rower-dzieciecy-sun-baby-heart-bike-silver-moon-16-cali-dla-dziewczynki-rozowy;649.99;699.99;699.99;ME2808-300926
2026-09-19 17:28:02;Media Expert;Rower dziecięcy SUN BABY Flower Bike 16 cali Biało-beżowy Wzrost: 100-120 cm Wiek: 4-6 lat;SUN BABY;Rowery dla dzieci;-;https://www.mediaexpert.pl/rowery/rowery-dzieciece/rowery-dzieciece/rower-dzieciecy-sun-baby-flower-bike-16-cali-bialo-bezowy-wzrost-100-120-cm-wiek-4-6-lat;598.99;699.99;699.99;ME2808-300926
2026-09-19 17:28:02;Media Expert;Rower dziecięcy TOIMSA Świnka Peppa 14 cali Zielony Wzrost: 95-110 cm Wiek: 4-6 lat;TOIMSA;Rowery dla dzieci;-;https://www.mediaexpert.pl/rowery/rowery-dzieciece/rowery-dzieciece/rower-dzieciecy-toimsa-swinka-peppa-14-cali-dla-dziewczynki;499.99;549.99;549.99;ME2808-300926
2026-09-19 17:28:02;Media Expert;Rower dziecięcy HUFFY Disney Princess 14 cali Różowy Wzrost: 95-110 cm Wiek: 4-6 lat;HUFFY;Rowery dla dzieci;-;https://www.mediaexpert.pl/rowery/rowery-dzieciece/rowery-dzieciece/rower-dzieciecy-huffy-disney-princess-14-cali-dla-dziewczynki-rozowy-1;699.99;899.99;899.99;ME2808-300926
2026-09-19 17:28:03;Media Expert;Rower dziecięcy INDIANA Air 16 cali Czerwony Wzrost: 100-120 cm Wiek: 4-6 lat;INDIANA;Rowery dla dzieci;-;https://www.mediaexpert.pl/rowery/rowery-dzieciece/rowery-dzieciece/rower-dzieciecy-indiana-air-16-cali-czerwony;899.99;1399.99;1099.99;ME2808-300926
2026-09-19 17:28:03;Media Expert;Rower dziecięcy KARBON Superlight 14 cali Niebieski Wzrost: 95-110 cm Wiek: 3-5 lat;KARBON;Rowery dla dzieci;-;https://www.mediaexpert.pl/rowery/rowery-dzieciece/rowery-dzieciece/rower-dzieciecy-karbon-superlight-14-niebieski;1148.99;1249.99;1149.00;ME2808-300926
2026-09-19 17:28:03;Media Expert;Rower dziecięcy INDIANA Roxy Kid 16 cali Różowy Wzrost: 100-120 cm Wiek: 4-5 lat;INDIANA;Rowery dla dzieci;-;https://www.mediaexpert.pl/rowery/rowery-dzieciece/rowery-dzieciece/rower-dzieciecy-indiana-roxy-kid-16-cali-dla-dziewczynki-rozowy-1;599.99;749.99;749.99;ME2808-300926
2026-09-19 17:28:03;Media Expert;Rower dziecięcy HUFFY Literide Junior 20 cali Srebrno-turkusowy Wzrost: 120-135 cm Wiek: 7-9 lat;HUFFY;Rowery dla dzieci;-;https://www.mediaexpert.pl/rowery/rowery-dzieciece/rowery-dzieciece/rower-dzieciecy-huffy-literide-junior-20-cali-dla-chlopca-srebrno-turkusowy;1499.99;1999.99;1999.99;ME2808-300926
2026-09-19 17:28:04;Media Expert;Rower dziecięcy BATCH Kids 20 cali Czarny mat Wzrost: 120-135 cm Wiek: 6-9 lat;BATCH;Rowery dla dzieci;-;https://www.mediaexpert.pl/rowery/rowery-dzieciece/rowery-dzieciece/rower-dzieciecy-batch-kids-20-cali-dla-chlopca-czarny-mat;1499.98;1949.99;1499.99;ME2808-300926
2026-09-19 17:28:04;Media Expert;Rower dziecięcy HUFFY Marvel Avengers 14 cali Srebrny Wzrost: 95-110 cm Wiek: 5-6 lat;HUFFY;Rowery dla dzieci;-;https://www.mediaexpert.pl/rowery/rowery-dzieciece/rowery-dzieciece/rower-dzieciecy-huffy-marvel-avengers-14-cali-dla-chlopca-srebrny;599.99;849.99;849.99;ME2808-300926
2026-09-19 17:28:04;Media Expert;Rower dziecięcy DISNEY Kraina lodu 14 cali Niebieski Wzrost: 95-110 cm Wiek: 4-6 lat;DISNEY;Rowery dla dzieci;-;https://www.mediaexpert.pl/rowery/rowery-dzieciece/rowery-dzieciece/rower-denver-kraina-lodu-14-blekitny;299.99;469.99;349.99;ME2808-300926
2026-09-19 17:28:04;Media Expert;Rower dziecięcy KARBON Superlight 14 cali Różowy Wzrost: 95-110 cm Wiek: 3-5 lat;KARBON;Rowery dla dzieci;-;https://www.mediaexpert.pl/rowery/rowery-dzieciece/rowery-dzieciece/rower-dzieciecy-karbon-superlight-14-cali-dla-dziewczynki-rozowy;1148.99;1249.99;1149.00;ME2808-300926
2026-09-19 17:28:04;Media Expert;Rower dziecięcy HUFFY Disney Princess 12 cali Różowy Wzrost: 85-100 cm Wiek: 3-5 lat;HUFFY;Rowery dla dzieci;-;https://www.mediaexpert.pl/rowery/rowery-dzieciece/rowery-dzieciece/rower-dzieciecy-huffy-disney-princess-12-cali-dla-dziewczynki-rozowy-2;479.98;799.99;479.99;ME2808-300926
2026-09-19 17:28:05;Media Expert;Rowerek biegowy QPLAY Spark Różowy;QPLAY;Rowerki biegowe;-;https://www.mediaexpert.pl/rowery/rowery-dzieciece/rowerki-biegowe/rowerek-biegowy-qplay-spark-rozowy;169.99;179.99;179.99;ME0209-300926
2026-09-19 17:28:05;Media Expert;Rower młodzieżowy INDIANA Rock Jr 24 cale dla chłopca Limonkowo-szary;INDIANA;Rowery młodzieżowe;-;https://www.mediaexpert.pl/rowery/rowery-dzieciece/rowery-junior/rower-mlodziezowy-indiana-rock-jr-24-cale-dla-chlopca-limonkowo-szary-1;999.99;1499.99;1099.99;ME2808-300926
2026-09-19 17:28:05;Media Expert;Rower młodzieżowy INDIANA Rock Jr 24 cale dla chłopca Czarno-zielony 2024;INDIANA;Rowery młodzieżowe;-;https://www.mediaexpert.pl/rowery/rowery-dzieciece/rowery-junior/rower-mlodziezowy-indiana-rock-jr-24-cale-dla-chlopca-czarno-zielony-2;599.99;1499.99;699.99;ME2808-300926
2026-09-19 17:28:05;Media Expert;Rower młodzieżowy INDIANA Roxy Jr 24 cale dla dziewczynki Miętowo-różowy;INDIANA;Rowery młodzieżowe;-;https://www.mediaexpert.pl/rowery/rowery-dzieciece/rowery-junior/rower-mlodziezowy-indiana-roxy-jr-24-cale-dla-dziewczynki-mietowo-rozowy-1;899.99;1599.99;1099.99;ME2808-300926
2026-09-19 17:28:06;Media Expert;Rower młodzieżowy ROMET Jolene Jr 24130734-G 24 cale dla dziewczynki Turkusowo-biały;ROMET;Rowery młodzieżowe;-;https://www.mediaexpert.pl/rowery/rowery-dzieciece/rowery-junior/rower-mlodziezowy-romet-jolene-jr-24130734-g-24-cale-dla-dziewczynki-turkusowo-bialy;1199.99;1849.99;1849.99;ME2808-300926
2026-09-19 17:28:06;Media Expert;Rower trekkingowy INDIANA X-Road 1.0 D19 28 cali damski Srebrno-czarny;INDIANA;Rowery trekkingowe;-;https://www.mediaexpert.pl/rowery/rowery-trekkingowe/rower-trekkingowy-indiana-x-road-1-0-d19-28-cali-damski-srebrno-czarny;1299.99;1699.99;1399.99;ME2808-300926
2026-09-19 17:28:06;Media Expert;Rower trekkingowy INDIANA X-Road 3.0 M19 26 cali Vee Rubber męski Czarno-brązowy;INDIANA;Rowery trekkingowe;-;https://www.mediaexpert.pl/rowery/rowery-trekkingowe/rower-trekkingowy-indiana-x-road-3-0-m19-28-cali-meski-czarno-brazowy-2;940.00;1999.99;949.98;ME0309-300926
2026-09-19 17:28:06;Media Expert;Rower trekkingowy INDIANA X-Road 3.0 M23 28 cali Apse męski Brązowo-czarny;INDIANA;Rowery trekkingowe;-;https://www.mediaexpert.pl/rowery/rowery-trekkingowe/rower-trekkingowy-indiana-x-road-3-0-m23-28-cali-meski-brazowo-czarny-1;940.00;1999.99;949.00;ME0309-300926
2026-09-19 17:28:07;Media Expert;Rower trekkingowy INDIANA X-Road 1.0 M23 28 cali męski Czarny 2024;INDIANA;Rowery trekkingowe;-;https://www.mediaexpert.pl/rowery/rowery-trekkingowe/rower-trekkingowy-indiana-x-road-1-0-m23-28-cali-meski-czarny-2024;899.98;1599.99;899.99;ME2808-300926
2026-09-19 17:28:07;Media Expert;Rower trekkingowy INDIANA X-Road 1.0 M19 28 cali męski Czarno-szary;INDIANA;Rowery trekkingowe;-;https://www.mediaexpert.pl/rowery/rowery-trekkingowe/rower-trekkingowy-indiana-x-road-1-0-m19-28-cali-meski-czarno-szary;899.99;1499.99;1299.99;ME2808-300926
2026-09-19 17:28:07;Media Expert;Rower trekkingowy INDIANA X-Road 1.0 M19 26 cali męski Czarny;INDIANA;Rowery trekkingowe;-;https://www.mediaexpert.pl/rowery/rowery-trekkingowe/rower-trekkingowy-indiana-x-road-1-0-m19-26-cali-meski-czarny;899.99;1599.99;989.99;ME2808-300926
2026-09-19 17:28:07;Media Expert;Rower trekkingowy ROMET Wagant Suv H PV B U18 28 cali Grafitowy;ROMET;Rowery trekkingowe;-;https://www.mediaexpert.pl/rowery/rowery-trekkingowe/rower-trekkingowy-romet-wagant-suv-h-pv-b-u18-28-cali-grafitowy;1199.00;2399.99;1599.99;ME2808-300926
2026-09-19 17:28:07;Media Expert;Rower trekkingowy ROMET Wagant SUV L PV B U20 28 cali męski Biały;ROMET;Rowery trekkingowe;-;https://www.mediaexpert.pl/rowery/rowery-trekkingowe/rower-trekkingowy-romet-wagant-suv-l-pv-b-u20-28-cali-meski-bialy;1199.00;2399.99;1599.99;ME2808-300926
2026-09-19 17:28:08;Media Expert;Rower trekkingowy INDIANA X-Road 3.0 M17 28 cali Alhonga męski Czarno-brązowy;INDIANA;Rowery trekkingowe;-;https://www.mediaexpert.pl/rowery/rowery-trekkingowe/rower-trekkingowy-indiana-x-road-3-0-m17-28-cali-meski-czarno-brazowy;999.99;1599.99;1199.99;ME2808-300926
2026-09-19 17:28:08;Media Expert;Rower crossowy DENVER Scrapper Crossroad 6.1 D17 damski Szary;DENVER;Rowery crossowe;-;https://www.mediaexpert.pl/rowery/rowery-cross/rower-crossowy-denver-scrapper-crossroad-6-1-d17-damski-szary;1069.99;1999.99;1199.99;WYPRZEDAZ-ROWERY
2026-09-19 17:28:08;Media Expert;Rower crossowy INDIANA X-Cross 4.0 D21 damski Ciemnoszary;INDIANA;Rowery crossowe;-;https://www.mediaexpert.pl/rowery/rowery-cross/rower-crossowy-indiana-x-cross-4-0-d21-damski-ciemnoszary;1290.00;1999.99;1299.99;ME0309-300926
2026-09-19 17:28:08;Media Expert;Rower crossowy INDIANA X-Cross 5.0 D19 28 cali damski Srebrno-błękitny;INDIANA;Rowery crossowe;-;https://www.mediaexpert.pl/rowery/rowery-cross/rower-crossowy-indiana-x-cross-5-0-d19-28-cali-damski-ciemnoszary;1899.98;2999.99;1899.99;ME2808-300926
2026-09-19 17:28:09;Media Expert;Rower crossowy MBM Maxilux M20 29 cali męski Czarny;MBM;Rowery crossowe;-;https://www.mediaexpert.pl/rowery/rowery-cross/rower-trekkingowy-mbm-maxilux-m20-29-cali-meski-czarny;1399.99;2799.99;1999.99;ME2808-300926
2026-09-19 17:28:09;Media Expert;Rower szosowy FONDRIEST 110 Corsa MIG 1.O U22.5 28 cali Czarno-czerwony;FONDRIEST;Rowery szosowe;-;https://www.mediaexpert.pl/rowery/rowery-szosowe/rower-szosowy-fondriest-110-corsa-mig-1-o-u22-5-28-cali-czarno-czerwony;960.00;2399.99;969.00;R2808-300926
2026-09-19 17:28:09;Media Expert;Rower gravel KROSS ESKER XPRT GRV U20 28 cali Grafitowo-bordowy;KROSS;Rowery gravel;-;https://www.mediaexpert.pl/rowery/rowery-gravel/rower-gravel-kross-xprt-grv-u20-28-cali-grafitowo-bordowy;1799.99;2199.99;1999.99;WYPRZEDAZ-ROWERY
2026-09-19 17:28:09;Media Expert;Rower gravel ROMET Aspre 2.1 2854M107-A U21 28 cali Niebieski;ROMET;Rowery gravel;-;https://www.mediaexpert.pl/rowery/rowery-gravel/rower-gravel-romet-aspre-2-1-2854m107-a-u21-28-cali-niebieski;3799.99;5299.99;4399.99;ME2808-300926
2026-09-19 17:28:10;Media Expert;Rower gravel MBM Starlight U21 28 cali Czarny;MBM;Rowery gravel;-;https://www.mediaexpert.pl/rowery/rowery-gravel/rower-gravel-mbm-starlight-d21-28-cali-meski-czarny;1898.99;2999.99;1899.00;ME2808-300926
2026-09-19 17:28:10;Media Expert;Przyczepka rowerowa HAMAX Outback Twin 40kg Pasy Zielono-czarny;HAMAX;Przyczepki rowerowe;-;https://www.mediaexpert.pl/rowery/akcesoria-do-rowerow/przyczepki-rowerowe/przyczepka-rowerowa-hamax-outback-twin-zielono-czarny;3399.00;3799.99;3499.99;R2608-300926
2026-09-19 17:28:10;Media Expert;Przyczepka rowerowa HAMAX Cocoon One 35kg Pasy Zielono-czarny;HAMAX;Przyczepki rowerowe;-;https://www.mediaexpert.pl/rowery/akcesoria-do-rowerow/przyczepki-rowerowe/przyczepka-rowerowa-hamax-cocoon-one-zielono-czarny;4299.99;4499.99;4499.99;ME0209-300926
2026-09-19 17:28:10;Media Expert;Kask rowerowy RASKULLZ Pop Splat Czarno-czerwony dla Dzieci (rozmiar S, 50-54 cm);RASKULLZ;Kaski rowerowe;-;https://www.mediaexpert.pl/rowery/odziez-rowerowa/kaski-sportowe/kask-rowerowy-raskullz-pop-splat-czarno-czerwony-dla-dzieci-rozmiar-s;119.99;198.00;149.99;W0408-300926
2026-09-19 17:28:11;Media Expert;Kask rowerowy LAZER Verde KinetiCore Biały mat Miejski (rozmiar S/M, 50 - 56 cm);LAZER;Kaski rowerowe;-;https://www.mediaexpert.pl/rowery/odziez-rowerowa/kaski-sportowe/kask-rowerowy-lazer-verde-kineticore-bialy-mat-miejski-rozmiar-s-m;269.99;380.50;319.99;ME0209-300926
2026-09-19 17:28:11;Media Expert;Kask DISNEY Myszka Mickey Wielokolorowy dla Dzieci (rozmiar XS/S, 52-56 cm);DISNEY;Kaski rowerowe;-;https://www.mediaexpert.pl/rowery/odziez-rowerowa/kaski-sportowe/kask-rowerowy-disney-myszka-mickey-wielokolorowy-dla-dzieci-rozmiar-52-56;49.99;95.09;59.99;ME2707-301026
2026-09-19 17:28:11;Media Expert;Lampka rowerowa TRELOCK LS 835 T Lighthammer;TRELOCK;Lampki rowerowe;-;https://www.mediaexpert.pl/rowery/akcesoria-do-rowerow/oswietlenie-rowerowe/lampka-rowerowa-trelock-ls-835-t-lighthammer;199.99;239.00;238.00;ME0209-300926
2026-09-19 17:28:11;Media Expert;Lampka rowerowa TRELOCK LS 415 COB Line Dynamo Brake light;TRELOCK;Lampki rowerowe;-;https://www.mediaexpert.pl/rowery/akcesoria-do-rowerow/oswietlenie-rowerowe/lampka-rowerowa-trelock-ls-415-cob-line-dynamo-brake-light;109.99;179.99;119.99;ME0209-300926
2026-09-19 17:28:11;Media Expert;Lampka rowerowa TRELOCK LS 583 Retro 15 Lux Steady 8003278;TRELOCK;Lampki rowerowe;-;https://www.mediaexpert.pl/rowery/akcesoria-do-rowerow/oswietlenie-rowerowe/lampka-rowerowa-trelock-ls-583-retro-15-lux-steady-8003278;149.99;189.99;179.00;ME0209-300926
2026-09-19 17:28:12;Media Expert;Lampka rowerowa OXC Ultratorch ST100 OXFORDLD760;OXC;Lampki rowerowe;-;https://www.mediaexpert.pl/rowery/akcesoria-do-rowerow/oswietlenie-rowerowe/lampka-rowerowa-oxc-ultratorch-st100-oxfordld760;49.99;59.99;59.99;ME0209-300926
2026-09-19 17:28:12;Media Expert;Nawigacja rowerowa SIGMA Rox 11.1 Evo HR Set Biały Podświetlany;SIGMA;Nawigacje rowerowe;-;https://www.mediaexpert.pl/rowery/akcesoria-do-rowerow/nawigacje-rowerowe/licznik-rowerowy-sigma-rox-11-1-evo-hr-set-bialy;644.99;739.99;739.99;ME0209-300926
2026-09-19 17:28:12;Media Expert;Nawigacja rowerowa CATEYE GPS Padrone Smart+;CATEYE;Nawigacje rowerowe;-;https://www.mediaexpert.pl/rowery/akcesoria-do-rowerow/nawigacje-rowerowe/licznik-rowerowy-cateye-gps-padrone-smart;599.99;649.99;649.99;ME0209-300926
2026-09-19 17:28:12;Media Expert;Nawigacja rowerowa SIGMA Rox 4.0 Endurance Biały Podświetlany;SIGMA;Nawigacje rowerowe;-;https://www.mediaexpert.pl/rowery/akcesoria-do-rowerow/nawigacje-rowerowe/licznik-rowerowy-sigma-rox-4-0-endurance-bialy-podswietlany;399.99;499.90;499.90;ME0209-300926
2026-09-19 17:28:13;Media Expert;Torba rowerowa podsiodłowa AUTHOR A-S351 QF9;AUTHOR;Torby rowerowe;-;https://www.mediaexpert.pl/rowery/akcesoria-do-rowerow/torby-rowerowe/torba-rowerowa-podsiodlowa-author-a-s351-qf9;50.99;99.99;99.99;ME0209-300926
2026-09-19 17:28:13;Media Expert;Torba rowerowa na ramę SKS Traveller Edge;SKS;Torby rowerowe;-;https://www.mediaexpert.pl/rowery/akcesoria-do-rowerow/torby-rowerowe/torba-rowerowa-na-rame-sks-traveller-edge;79.99;89.99;89.99;ME0209-300926
2026-09-19 17:28:13;Media Expert;Torba rowerowa na ramę ROCKBROS Road To Sky 30120045003 Szary;ROCKBROS;Torby rowerowe;-;https://www.mediaexpert.pl/rowery/akcesoria-do-rowerow/torby-rowerowe/torba-rowerowa-na-rame-rockbros-road-to-sky-30120045003-szary;129.99;149.99;149.99;ME0209-300926
2026-09-19 17:28:13;Media Expert;Zapięcie rowerowe ABUS 420K/150HB140 + USH + Cobra 10/120 U-lock Czerwony;ABUS;Zabezpieczenie roweru;-;https://www.mediaexpert.pl/rowery/akcesoria-do-rowerow/zamki-i-zapiecia/zapiecie-rowerowe-abus-420k-150hb140-ush-cobra-10-120-u-lock-czerwony;249.99;299.99;299.99;ME0209-300926
2026-09-19 17:28:14;Media Expert;Zapięcie rowerowe ABUS Phantom 8950/180 39684 Linka Czarny;ABUS;Zabezpieczenie roweru;-;https://www.mediaexpert.pl/rowery/akcesoria-do-rowerow/zamki-i-zapiecia/zapiecie-rowerowe-abus-phantom-8950-180-39684-linka-czarny;199.99;301.58;234.99;ME0209-300926
2026-09-19 17:28:14;Media Expert;Zapięcie rowerowe ABUS 1500/60 Web Łańcuch Jasnozielony;ABUS;Zabezpieczenie roweru;-;https://www.mediaexpert.pl/rowery/akcesoria-do-rowerow/zamki-i-zapiecia/zapiecie-rowerowe-abus-1500-60-web-lancuch-czerwony-1;44.99;54.00;49.00;ME0209-300926
2026-09-19 17:28:14;Media Expert;Zapięcie rowerowe TRELOCK KS 415 110-15 Klucz Linka Czarny;TRELOCK;Zabezpieczenie roweru;-;https://www.mediaexpert.pl/rowery/akcesoria-do-rowerow/zamki-i-zapiecia/zapiecie-rowerowe-trelock-ks-415-110-15-klucz-linka-czarny;109.99;199.99;199.99;ME0209-300926
2026-09-19 17:28:14;Media Expert;Zapięcie rowerowe ABUS 1500/60 Web Łańcuch Pomarańczowy;ABUS;Zabezpieczenie roweru;-;https://www.mediaexpert.pl/rowery/akcesoria-do-rowerow/zamki-i-zapiecia/zapiecie-rowerowe-abus-1500-60-web-lancuch-pomaranczowy;44.99;54.00;54.00;ME0209-300926
2026-09-19 17:28:14;Media Expert;Zapięcie rowerowe TRELOCK SK 210 8005364 Linka Czarny;TRELOCK;Zabezpieczenie roweru;-;https://www.mediaexpert.pl/rowery/akcesoria-do-rowerow/zamki-i-zapiecia/zapiecie-rowerowe-trelock-sk-210-8005364-linka-czarny;79.99;89.99;89.99;ME0209-300926
2026-09-19 17:28:15;Media Expert;Zapięcie rowerowe ABUS Booster 6512K/180 13399 Linka Czarny;ABUS;Zabezpieczenie roweru;-;https://www.mediaexpert.pl/rowery/akcesoria-do-rowerow/zamki-i-zapiecia/zapiecie-rowerowe-abus-booster-6512k-180-13399-linka-czarny;99.99;149.99;149.99;ME0209-300926
2026-09-19 17:28:15;Media Expert;Zapięcie rowerowe ABUS 4408C/65 Linka Zielony;ABUS;Zabezpieczenie roweru;-;https://www.mediaexpert.pl/rowery/akcesoria-do-rowerow/zamki-i-zapiecia/zapiecie-rowerowe-abus-4408c-65-linka-zielony;44.99;57.40;49.98;ME0209-300926
2026-09-19 17:28:15;Media Expert;Zapięcie rowerowe ABUS 4408C/65 Linka Czarny;ABUS;Zabezpieczenie roweru;-;https://www.mediaexpert.pl/rowery/akcesoria-do-rowerow/zamki-i-zapiecia/zapiecie-rowerowe-abus-4408c-65-linka-czarny;44.99;59.99;49.99;WRZESIEN1809
2026-09-19 17:28:15;Media Expert;Błotnik rowerowy SKS S-Blade 11093;SKS;Błotniki rowerowe;-;https://www.mediaexpert.pl/rowery/akcesoria-do-rowerow/blotniki/blotnik-rowerowy-sks-s-blade-28-tyl;47.99;49.99;47.99;ME0209-300926
2026-09-19 17:28:16;Media Expert;Buty rowerowe SHIMANO SH-GE700 Jasnoszary (rozmiar 45);SHIMANO;Buty rowerowe;-;https://www.mediaexpert.pl/rowery/odziez-rowerowa/buty-rowerowe/buty-rowerowe-shimano-sh-ge700-jasnoszary-rozmiar-45;449.99;499.99;499.99;ME0209-300926
2026-09-19 17:28:16;Media Expert;Błotnik rowerowy SKS X-Blade II 11096;SKS;Błotniki rowerowe;-;https://www.mediaexpert.pl/rowery/akcesoria-do-rowerow/blotniki/blotnik-rowerowy-sks-x-blade-ii-11096;79.99;84.88;80.19;ME0209-300926
2026-09-19 17:28:16;Media Expert;Błotniki rowerowe SKS Bluemels Basic 11824;SKS;Błotniki rowerowe;-;https://www.mediaexpert.pl/rowery/akcesoria-do-rowerow/blotniki/blotniki-rowerowe-sks-bluemels-basic-11824;109.99;119.99;119.99;ME0209-300926
2026-09-19 17:28:16;Media Expert;Buty rowerowe SHIMANO SH-GE900 Czarny (rozmiar 46);SHIMANO;Buty rowerowe;-;https://www.mediaexpert.pl/rowery/odziez-rowerowa/buty-rowerowe/buty-rowerowe-shimano-sh-ge900-czarny-rozmiar-46;549.99;599.99;599.99;ME0209-300926
2026-09-19 17:28:17;Media Expert;Bidon ELITE Vintage Alu Cycles Brenta 600 ml Srebrny;ELITE;Bidony;-;https://www.mediaexpert.pl/rowery/akcesoria-do-rowerow/bidony-i-koszyki/bidon-elite-vintage-alu-cycles-brenta-600-ml-srebrny;79.99;89.99;89.99;ME0209-300926
2026-09-19 17:28:17;Media Expert;"Opona rowerowa CONTINENTAL Contact Speed Reflex CO0101392 26""";CONTINENTAL;Opony rowerowe;-;https://www.mediaexpert.pl/rowery/czesci-rowerowe/opony-do-rowerow/opona-rowerowa-continental-contact-speed-reflex-co0101392-26;84.99;99.99;99.99;ME0209-300926
2026-09-19 17:28:17;Media Expert;Klucz rowerowy PRO PRTLB091;PRO;Klucze rowerowe;-;https://www.mediaexpert.pl/rowery/akcesoria-do-rowerow/klucze-rowerowe/klucz-rowerowy-pro-prtlb091;69.99;79.99;79.99;ME0209-300926
2026-09-19 17:28:17;Media Expert;Etui SP CONNECT SPC+ Xtreme MagSafe do Samsung Galaxy S25 Czarny;SP CONNECT;Etui na telefony;-;https://www.mediaexpert.pl/smartfony-i-zegarki/akcesoria-do-telefonow/pokrowce-i-etui/etui-sp-connect-spc-xtreme-magsafe-do-samsung-galaxy-s25-czarny;219.99;299.99;299.99;ME0209-300926
2026-09-19 17:28:17;Media Expert;Interkom motocyklowy SENA 20S Evo;SENA;Interkomy motocyklowe;-;https://www.mediaexpert.pl/motoryzacja/akcesoria-motocyklowe/interkomy-motocyklowe/interkom-motocyklowy-sena-20s-evo;799.99;999.99;999.99;ME0209-300926
2026-09-19 17:28:18;Media Expert;Pokrowiec na samochód CARPASSION Premium 100108 (rozmiar XL);CARPASSION;Pokrowce samochodowe;-;https://www.mediaexpert.pl/motoryzacja/akcesoria-do-pojazdow/pokrowce-na-samochod/pokrowiec-na-samochod-carpassion-premium-100108-rozmiar-xl;209.99;249.99;249.99;ME0209-300926
2026-09-19 17:28:18;Media Expert;Schodek do samochodu NEO TOOLS 3 w 1 (suv, kombi, bagażnik dachowy);NEO TOOLS;Pozostałe akcesoria samochodowe;-;https://www.mediaexpert.pl/motoryzacja/akcesoria-do-pojazdow/pozostale-akcesoria-do-pojazdow/schodek-do-samochodu-neo-tools-3-w-1-suv-kombi-bagaznik-dachowy;99.99;129.99;129.99;ME0209-300926
2026-09-19 17:28:18;Media Expert;Reformer do pilatesu TOORX Liveness PTX3000;TOORX;Reformery do pilatesu;-;https://www.mediaexpert.pl/sport-i-rekreacja/fitness-i-silownia/reformery-do-pilatesu/reformer-do-pilatesu-toorx-liveness-ptx3000;6000.00;6999.00;6990.00;PNU1809-2409
2026-09-19 17:28:18;Media Expert;Wioślarz magnetyczny KINGSMITH Classic RW001;KINGSMITH;Wioślarze;-;https://www.mediaexpert.pl/sport-i-rekreacja/fitness-i-silownia/wioslarze/wioslarz-magnetyczny-kingsmith-classic-rw001;899.00;999.00;999.00;R1509-300926
2026-09-19 17:28:19;Media Expert;Ławka do ćwiczeń MARBO SPORT MH-L104;MARBO SPORT;Ławki do ćwiczeń;-;https://www.mediaexpert.pl/sport-i-rekreacja/silownia/lawki/lawka-do-cwiczen-marbo-sport-mh-l104;268.00;309.99;269.00;ME1109-201026
2026-09-19 17:28:19;Media Expert;Nóżki do trenażera ELITE Avanti Flex Feet EL0221501 (2 sztuki);ELITE;Akcesoria do trenażerów;-;https://www.mediaexpert.pl/sport-i-rekreacja/trenazery-rowerowe-i-akcesoria/akcesoria-do-trenazerow/nozki-do-trenazera-elite-avanti-flex-feet-el0221501-2-sztuki;39.99;44.99;44.99;ME0209-300926
2026-09-19 17:28:19;Media Expert;Bębenek kasety GARMIN Tacx Micro spline 010-13042-07;GARMIN;Akcesoria do trenażerów;-;https://www.mediaexpert.pl/sport-i-rekreacja/trenazery-rowerowe-i-akcesoria/akcesoria-do-trenazerow/bebenek-kasety-garmin-tacx-micro-spline-010-13042-07;279.99;299.00;299.00;ME0209-300926
2026-09-19 17:28:19;Media Expert;Obciążenie EB FIT 1002606 (2.5 kg);EB FIT;Obciążenia;-;https://www.mediaexpert.pl/sport-i-rekreacja/silownia/obciazenia/obciazenie-eb-fit-1002606-2-5-kg;8.99;12.99;12.99;ME1409-101026
2026-09-19 17:28:20;Media Expert;Hula hop HMS HHW02 Różowy;HMS;Hula hop;-;https://www.mediaexpert.pl/sport-i-rekreacja/akcesoria-treningowe/hula-hop/hula-hop-hms-hhw02-rozowy;29.00;49.90;42.00;ME1409-101026
2026-09-19 17:28:20;Media Expert;Stojaki pod sztangę MARBO SPORT MH-S201 (2 szt.);MARBO SPORT;Stojaki pod sztangę;-;https://www.mediaexpert.pl/sport-i-rekreacja/silownia/stojaki-pod-sztange/stojaki-pod-sztange-marbo-sport-mh-s201;239.00;269.99;269.99;ME1109-201026
2026-09-19 17:28:20;Media Expert;Worek treningowy TIGUAR TI-FWB030 (30 kg);TIGUAR;Worki treningowe;-;https://www.mediaexpert.pl/sport-i-rekreacja/silownia/worki-treningowe/worek-treningowy-tiguar-ti-fwb030-30-kg;399.00;679.99;595.10;ME1409-101026
2026-09-19 17:28:20;Media Expert;Hantla TUNTURI Selector (10 kg);TUNTURI;Hantle i ciężarki;-;https://www.mediaexpert.pl/sport-i-rekreacja/silownia/gryfy-hantle-i-obciazenia/hantla-tunturi-selector-10-kg;124.99;149.00;139.00;ME1409-101026
2026-09-19 17:28:20;Media Expert;Hantla TIGUAR PU Dumbbells (35 kg);TIGUAR;Hantle i ciężarki;-;https://www.mediaexpert.pl/sport-i-rekreacja/silownia/gryfy-hantle-i-obciazenia/hantla-tiguar-pu-dumbbells-35-kg;899.00;1250.99;1188.99;ME1409-101026
2026-09-19 17:28:21;Media Expert;Zestaw hantli ENERO FIT z walizką (2 x 9.5 kg);ENERO FIT;Hantle i ciężarki;-;https://www.mediaexpert.pl/sport-i-rekreacja/silownia/gryfy-hantle-i-obciazenia/zestaw-hantli-eb-fit-2-x-9-5-kg;199.00;382.00;258.99;ME1409-101026
2026-09-19 17:28:21;Media Expert;Deskorolka MARVEL Avengers Kapitan Ameryka 9937;MARVEL;Deskorolki tradycyjne;-;https://www.mediaexpert.pl/sport-i-rekreacja/deskorolki/deskorolki/deskorolka-marvel-avengers-kapitan-ameryka-9937;79.99;119.99;99.99;ME2707-301026
2026-09-19 17:28:21;Media Expert;Lodówka turystyczna NOVEEN TTC512;NOVEEN;Lodówki turystyczne;-;https://www.mediaexpert.pl/agd/lodowki-i-zamrazarki/lodowki-turystyczne/lodowka-noveen-ttc512;64.99;129.99;75.00;ML0309-300926
2026-09-19 17:28:21;Media Expert;Traktor zdalnie sterowany S-LINE RCC203;S-LINE;Samochody zdalnie sterowane;-;https://www.mediaexpert.pl/zabawki/kolejki-i-samochody-zabawkowe/samochody-zdalnie-sterowane/traktor-zdalnie-sterowany-s-line-rcc203;99.97;149.99;99.98;RW0109-3009
2026-09-19 17:28:22;Media Expert;Samochód zdalnie sterowany RW Maserati Granturismo 6324M;RW;Samochody zdalnie sterowane;-;https://www.mediaexpert.pl/zabawki/kolejki-i-samochody-zabawkowe/samochody-zdalnie-sterowane/samochod-zdalnie-sterowany-rw-maserati-granturismo-6324m;58.89;89.00;61.99;ME1509-240926
2026-09-19 17:28:22;Media Expert;Samochód zdalnie sterowany RW McLaren 675LT Coupe 6824M;RW;Samochody zdalnie sterowane;-;https://www.mediaexpert.pl/zabawki/kolejki-i-samochody-zabawkowe/samochody-zdalnie-sterowane/samochod-zdalnie-sterowany-rw-mclaren-675lt-coupe-6824m;58.89;89.00;61.99;ME1509-240926
2026-09-19 17:28:22;Media Expert;Wóz strażacki zdalnie sterowany HUINA 1361;HUINA;Samochody zdalnie sterowane;-;https://www.mediaexpert.pl/zabawki/kolejki-i-samochody-zabawkowe/samochody-zdalnie-sterowane/woz-strazacki-zdalnie-sterowany-huina-1361;125.39;179.99;131.99;ME1509-240926
2026-09-19 17:28:22;Media Expert;Ciężarówka zdalnie sterowana HUINA 1313H;HUINA;Samochody zdalnie sterowane;-;https://www.mediaexpert.pl/zabawki/kolejki-i-samochody-zabawkowe/samochody-zdalnie-sterowane/ciezarowka-zdalnie-sterowana-huina-1313h;146.99;239.99;154.99;ME1509-240926
2026-09-19 17:28:23;Media Expert;Myjnia samochodowa Hot Wheels Zakręcona megamyjnia HDP05;HOT WHEELS;Samochody i pojazdy zabawkowe;-;https://www.mediaexpert.pl/zabawki/kolejki-i-samochody-zabawkowe/samochody-i-pojazdy-zabawkowe/myjnia-samochodowa-hot-wheels-roborekin-hdp05;164.99;173.52;148.34;ME0109-300926
2026-09-19 17:28:23;Media Expert;Zabawka edukacyjna FISHER PRICE Ucz się i śmiej! Siostrzyczka Szczeniaczka Uczniaczka JFD36;FISHER PRICE;Zabawki edukacyjne;-;https://www.mediaexpert.pl/zabawki/zabawki-edukacyjne/zabawki-edukacyjne/zabawka-edukacyjna-fisher-price-ucz-sie-i-smiej-siostrzyczka-szczeniaczka-uczniaczka-jfd36;97.99;118.72;102.48;ME0109-300926
2026-09-19 17:28:23;Media Expert;Robot zdalnie sterowany LEXIBOOK Power Kitty KITTY01;LEXIBOOK;Roboty edukacyjne;-;https://www.mediaexpert.pl/zabawki/zabawki-kreatywne/roboty-edukacyjne/robot-zdalnie-sterowany-lexibook-power-kitty-kitty01;259.99;319.00;286.02;ME1409-200926
2026-09-19 17:28:23;Media Expert;Masa plastyczna HEY CLAY Jednorożce Brighty HCL30137CEE;HEY CLAY;Zabawki kreatywne;-;https://www.mediaexpert.pl/zabawki/zabawki-kreatywne/zabawki-kreatywne/masa-plastyczna-hey-clay-jednorozce-brighty-hcl30137cee;9.99;14.99;14.00;ME0409-300926
2026-09-19 17:28:23;Media Expert;Lalka DISNEY FROZEN Kraina Lodu Śpiewająca Anna JDX53;DISNEY FROZEN;Lalki i akcesoria;-;https://www.mediaexpert.pl/zabawki/lalki-i-figurki/lalki-i-akcesoria/lalka-disney-frozen-kraina-lodu-spiewajaca-anna-jdx53;130.99;174.99;149.99;ME0109-300926
2026-09-19 17:28:24;Media Expert;Pamiętnik KIDS EUROSWAN Koci Domek Gabi z magicznym długopisem GD00038;KIDS EUROSWAN;Pozostałe zabawki;-;https://www.mediaexpert.pl/zabawki/pozostale-zabawki/pamietnik-kids-euroswan-koci-domek-gabi-z-magicznym-dlugopisem-gd00038;24.99;30.53;26.49;ME1509-240926
2026-09-19 17:28:24;Media Expert;Zestaw kreatywny KIDS EUROSWAN WOW Generation Zestaw do tworzenia magicznych listów WOW00057;KIDS EUROSWAN;Zabawki kreatywne;-;https://www.mediaexpert.pl/zabawki/zabawki-kreatywne/zabawki-kreatywne/zestaw-kreatywny-kids-euroswan-wow-generation-zestaw-do-tworzenia-magicznych-listow-wow00057;70.99;86.99;74.99;ME1509-240926
2026-09-19 17:28:24;Media Expert;Zabawka budzik z lampką nocną LEXIBOOK Harry Potter RL800HP;LEXIBOOK;Zabawki elektroniczne;-;https://www.mediaexpert.pl/zabawki/zabawki-kreatywne/zabawki-elektroniczne/zabawka-budzik-z-lampka-nocna-lexibook-wizarding-world-harry-potter-rl800hp;104.99;129.99;113.00;ME1409-200926
2026-09-19 17:28:24;Media Expert;Grzechotka CHICCO Morska 00005956000000;CHICCO;Grzechotki;-;https://www.mediaexpert.pl/zabawki/zabawki-dla-najmlodszych/grzechotki/grzechotka-chicco-morska-00005956000000;18.49;25.99;19.49;ME1509-240926
2026-09-19 17:28:25;Media Expert;Zestaw kreatywny CRA-Z-ART Kula niespodzianka Stitch Świat mini maniaków CRDOUGH54D (1 zestaw);CRA-Z-ART;Zabawki kreatywne;-;https://www.mediaexpert.pl/zabawki/zabawki-kreatywne/zabawki-kreatywne/zestaw-kreatywny-cra-z-art-kula-niespodzianka-stitch-swiat-mini-maniakow-crdough54d-1-zestaw;24.99;44.99;29.99;ME1509-240926
2026-09-19 17:28:25;Media Expert;Tor Hot Wheels Grand Prix JDY16;HOT WHEELS;Samochody i pojazdy zabawkowe;-;https://www.mediaexpert.pl/zabawki/kolejki-i-samochody-zabawkowe/samochody-i-pojazdy-zabawkowe/tor-hot-wheels-grand-prix-jdy16;179.00;269.99;199.99;ME0309-210926
2026-09-19 17:28:25;Media Expert;Zabawka interaktywna LEXIBOOK Stitch Mata do tańca DM10D;LEXIBOOK;Zabawki edukacyjne;-;https://www.mediaexpert.pl/zabawki/zabawki-edukacyjne/zabawki-edukacyjne/zabawka-interaktywna-lexibook-stitch-mata-do-tanca-dm10d;119.99;179.99;179.99;ME1409-200926
2026-09-19 17:28:25;Media Expert;Lalka Barbie Family & Friends Malibu Nieskończone przygody JMJ47;BARBIE;Lalki i akcesoria;-;https://www.mediaexpert.pl/zabawki/lalki-i-figurki/lalki-i-akcesoria/lalka-barbie-family-friends-malibu-nieskonczone-przygody-jmj47;79.99;109.99;103.12;ME0109-300926
2026-09-19 17:28:26;Media Expert;Zabawka głośnik mobilny LEXIBOOK Kraina Lodu BTP585FZZ;LEXIBOOK;Zabawki elektroniczne;-;https://www.mediaexpert.pl/zabawki/zabawki-kreatywne/zabawki-elektroniczne/zabawka-glosnik-mobilny-lexibook-disney-kraina-lodu-btp585fzz;169.99;199.99;174.60;ME1409-200926
2026-09-19 17:28:26;Media Expert;Zabawka lampka nocna KIDS EUROSWAN RM00003 Real Madryt;KIDS EUROSWAN;Zabawki elektroniczne;-;https://www.mediaexpert.pl/zabawki/zabawki-kreatywne/zabawki-elektroniczne/zabawka-lampka-nocna-kids-euroswan-rm00003-real-madryt;114.99;142.91;120.99;ME1509-240926
2026-09-19 17:28:26;Media Expert;Samochód zdalnie sterowany SILVERLIT Exost Aqua Typhoon Amazone TE 20283;SILVERLIT;Samochody zdalnie sterowane;-;https://www.mediaexpert.pl/zabawki/kolejki-i-samochody-zabawkowe/samochody-zdalnie-sterowane/samochod-zdalnie-sterowany-silverlit-exost-aqua-typhoon-amazone-te-20283;129.99;189.99;137.99;ME1509-240926
2026-09-19 17:28:26;Media Expert;Zabawka aparat LEXIBOOK 3D Unicorn DJ078UNI;LEXIBOOK;Zabawki elektroniczne;-;https://www.mediaexpert.pl/zabawki/zabawki-kreatywne/zabawki-elektroniczne/zabawka-aparat-dla-dzieci-lexibook-3d-unicorn-dj078uni;199.99;249.99;209.09;ME1409-200926
2026-09-19 17:28:27;Media Expert;Zestaw piśmienniczy KIDS EUROSWAN FR50020 Kraina Lodu;KIDS EUROSWAN;Pozostałe zabawki;-;https://www.mediaexpert.pl/zabawki/pozostale-zabawki/zestaw-pismienniczy-kids-euroswan-fr50020-kraina-lodu;15.99;19.62;16.99;ME1509-240926
2026-09-19 17:28:27;Media Expert;Zabawka edukacyjna CHICCO Eco+ Sorter układanka Dino 00010499100000;CHICCO;Zabawki edukacyjne;-;https://www.mediaexpert.pl/zabawki/zabawki-edukacyjne/zabawki-edukacyjne/zabawka-edukacyjna-chicco-eco-sorter-ukladanka-dino-00010499100000;34.99;59.99;41.49;ME1509-240926
2026-09-19 17:28:27;Media Expert;Zabawka zestaw instrumentów muzycznych LEXIBOOK Bluey 7w1 K360BY;LEXIBOOK;Instrumenty dla dzieci;-;https://www.mediaexpert.pl/zabawki/instrumenty-dla-dzieci/zabawka-zestaw-instrumentow-muzycznych-lexibook-bluey-7w1-k360by;75.99;107.79;79.99;ME1509-240926
2026-09-19 17:28:27;Media Expert;Aparat dla dzieci KIDS EUROSWAN POKC3000 Pokemon;KIDS EUROSWAN;Aparaty cyfrowe;-;https://www.mediaexpert.pl/foto-i-kamery/aparaty-fotograficzne/aparat-cyfrowy/aparat-dla-dzieci-kids-euroswan-pokc3000-pokemon;209.99;260.56;223.99;ME1509-240926
2026-09-19 17:28:27;Media Expert;Zestaw pojazdów Hot Wheels Premium Formuła 1 Bolidy F1 McLaren Oscar Piastri Lando Norris JMM91 (2 szt.);HOT WHEELS;Samochody i pojazdy zabawkowe;-;https://www.mediaexpert.pl/zabawki/kolejki-i-samochody-zabawkowe/samochody-i-pojazdy-zabawkowe/zestaw-pojazdow-hot-wheels-premium-formula-1-bolidy-f1-mclaren-oscar-piastri-lando-norris-jmm91-2-szt;64.99;77.99;77.09;ME0109-300926
2026-09-19 17:28:28;Media Expert;Zestaw kreatywny LEXIBOOK Tablet do rysowania E-ink CRT10SF;LEXIBOOK;Zabawki kreatywne;-;https://www.mediaexpert.pl/zabawki/zabawki-kreatywne/zabawki-kreatywne/zestaw-kreatywny-lexibook-tablet-do-rysowania-e-ink-crt10sf;99.99;119.99;112.00;ME1409-200926
2026-09-19 17:28:28;Media Expert;Zabawka konsola przenośna LEXIBOOK Spider Man Compact Cyber Arcade JL2367SP;LEXIBOOK;Zabawki edukacyjne;-;https://www.mediaexpert.pl/zabawki/zabawki-edukacyjne/zabawki-edukacyjne/zabawka-konsola-przenosna-lexibook-spider-man-compact-cyber-arcade-jl2367sp;109.99;159.99;131.54;ME1409-200926
2026-09-19 17:28:28;Media Expert;Zabawka budzik z lampką nocną LEXIBOOK Psi Patrol Chase RL800PA2;LEXIBOOK;Zabawki elektroniczne;-;https://www.mediaexpert.pl/zabawki/zabawki-kreatywne/zabawki-elektroniczne/zabawka-budzik-z-lampka-nocna-lexibook-psi-patrol-chase-rl800pa2;119.99;144.99;144.99;ME1409-200926
2026-09-19 17:28:28;Media Expert;Grzechotka CHICCO Eco+ Tulipan;CHICCO;Grzechotki;-;https://www.mediaexpert.pl/zabawki/zabawki-dla-najmlodszych/grzechotki/grzechotka-chicco-eco-tulipan;24.99;37.99;26.49;ME1509-240926
2026-09-19 17:28:29;Media Expert;Maskotka TY Beanie Boos Galago Binky 37287;TY;Pluszaki;-;https://www.mediaexpert.pl/zabawki/zabawki-dla-najmlodszych/pluszaki/maskotka-ty-beanie-boos-galago-binky-37287;34.99;53.04;43.99;ME1509-240926
2026-09-19 17:28:29;Media Expert;Zabawka mikrofon LEXIBOOK Stitch MIC240D;LEXIBOOK;Zabawki elektroniczne;-;https://www.mediaexpert.pl/zabawki/zabawki-kreatywne/zabawki-elektroniczne/zabawka-mikrofon-lexibook-disney-stitch-mic240d;114.99;140.04;120.99;ME1509-240926
2026-09-19 17:28:29;Media Expert;Zabawka krótkofalówki LEXIBOOK Psi Patrol TW18PA;LEXIBOOK;Zabawki elektroniczne;-;https://www.mediaexpert.pl/zabawki/zabawki-kreatywne/zabawki-elektroniczne/zabawka-krotkofalowki-lexibook-psi-patrol-tw18pa;104.49;136.76;109.99;ME1509-240926
2026-09-19 17:28:29;Media Expert;Maskotka TY Beanie Buddies Świnka Peppa George 56019;TY;Pluszaki;-;https://www.mediaexpert.pl/zabawki/zabawki-dla-najmlodszych/pluszaki/maskotka-ty-beanie-buddies-swinka-peppa-george-56019;87.99;129.99;92.99;ME1509-240926
2026-09-19 17:28:30;Media Expert;Zabawka budzik z lampką nocną LEXIBOOK Jednorożec RL800UNI;LEXIBOOK;Zabawki elektroniczne;-;https://www.mediaexpert.pl/zabawki/zabawki-kreatywne/zabawki-elektroniczne/zabawka-budzik-z-lampka-nocna-lexibook-jednorozec-rl800uni;91.99;139.99;97.49;ME1509-240926
2026-09-19 17:28:30;Media Expert;Zabawka zestaw do makijażu CRA-Z-ART All In One Plecak CRSS25;CRA-Z-ART;Zabawki odgrywanie ról;-;https://www.mediaexpert.pl/zabawki/zabawki-odgrywanie-rol/zabawka-zestaw-do-makijazu-cra-z-art-all-in-one-plecak-crss25;114.99;179.99;120.99;ME1509-240926
2026-09-19 17:28:30;Media Expert;Zabawka interaktywna FISHER-PRICE Aparat malucha JNV98;FISHER PRICE;Zabawki edukacyjne;-;https://www.mediaexpert.pl/zabawki/zabawki-edukacyjne/zabawki-edukacyjne/zabawka-interaktywna-fisher-price-aparat-malucha-jnv98;44.99;49.90;49.90;ME0109-300926
2026-09-19 17:28:30;Media Expert;Lalka Barbie Sleepover Reveal Piżama Party z niespodzianką JMR90;BARBIE;Lalki i akcesoria;-;https://www.mediaexpert.pl/zabawki/lalki-i-figurki/lalki-i-akcesoria/lalka-barbie-sleepover-reveal-pizama-party-z-niespodzianka-jmr90;79.99;109.99;109.99;ME0109-300926
2026-09-19 17:28:30;Media Expert;Tor Hot Wheels Racing Formuła 1 Szybki wyścig JNN35;HOT WHEELS;Samochody i pojazdy zabawkowe;-;https://www.mediaexpert.pl/zabawki/kolejki-i-samochody-zabawkowe/samochody-i-pojazdy-zabawkowe/tor-hot-wheels-racing-formula-1-szybki-wyscig-jnn35;99.99;110.74;103.43;ME0109-300926
2026-09-19 17:28:31;Media Expert;Figurka BLUEY Podwórko BLU13030;BLUEY;Figurki z bajek;-;https://www.mediaexpert.pl/zabawki/lalki-i-figurki/figurki-z-bajek/figurka-bluey-podworko-blu13030;59.99;69.91;69.91;ME0409-300926
2026-09-19 17:28:31;Media Expert;Maskotka Hoody Kin Academy Koń HKA0363;Hoody Kin Academy;Pluszaki;-;https://www.mediaexpert.pl/zabawki/zabawki-dla-najmlodszych/pluszaki/maskotka-hk-academy-kon-hka0363;29.99;44.99;44.99;ME0409-300926
2026-09-19 17:28:31;Media Expert;Zabawka lampka nocna z głośnikiem LEXIBOOK Spider-Man NS02SP;LEXIBOOK;Zabawki elektroniczne;-;https://www.mediaexpert.pl/zabawki/zabawki-kreatywne/zabawki-elektroniczne/zabawka-lampka-nocna-z-glosnikiem-lexibook-spider-man-ns02sp;104.99;124.99;124.99;ME1409-200926
2026-09-19 17:28:31;Media Expert;Zestaw kreatywny LEXIBOOK Tablica magnetyczna do rysowania Disney Frozen CRFZ550;LEXIBOOK;Zabawki kreatywne;-;https://www.mediaexpert.pl/zabawki/zabawki-kreatywne/zabawki-kreatywne/zestaw-kreatywny-lexibook-tablica-magnetyczna-do-rysowania-disney-frozen-crfz550;69.99;84.99;84.99;ME1409-200926
2026-09-19 17:28:32;Media Expert;Zabawka mikrofon LEXIBOOK Barbie MIC240BB;LEXIBOOK;Zabawki elektroniczne;-;https://www.mediaexpert.pl/zabawki/zabawki-kreatywne/zabawki-elektroniczne/zabawka-mikrofon-lexibook-barbie-mic240bb;129.99;139.99;134.32;ME1409-200926
2026-09-19 17:28:32;Media Expert;Dron zdalnie sterowany LEXIBOOK Disney Stitch Statek kosmiczny UFO1D;LEXIBOOK;Samochody zdalnie sterowane;-;https://www.mediaexpert.pl/zabawki/kolejki-i-samochody-zabawkowe/samochody-zdalnie-sterowane/dron-zdalnie-sterowany-lexibook-disney-stitch-statek-kosmiczny-ufo1d;179.99;214.99;200.00;ME1409-200926
2026-09-19 17:28:32;Media Expert;Zabawka gogle noktowizyjne LEXIBOOK Spy Mission RPSPY04;LEXIBOOK;Zabawki elektroniczne;-;https://www.mediaexpert.pl/zabawki/zabawki-kreatywne/zabawki-elektroniczne/zabawka-gogle-noktowizyjne-lexibook-spy-mission-rpspy04;44.99;75.73;69.86;ME1409-200926
2026-09-19 17:28:32;Media Expert;Zabawka konsola LEXIBOOK My Best-E Toy Story JLMB10TS;LEXIBOOK;Zabawki elektroniczne;-;https://www.mediaexpert.pl/zabawki/zabawki-kreatywne/zabawki-elektroniczne/zabawka-konsola-lexibook-my-best-e-toy-story-jlmb10ts;89.99;109.99;109.99;ME1409-200926
2026-09-19 17:28:33;Media Expert;Zabawka gitara LEXIBOOK Spider-Man K200SP;LEXIBOOK;Instrumenty dla dzieci;-;https://www.mediaexpert.pl/zabawki/instrumenty-dla-dzieci/zabawka-gitara-lexibook-spiderman-k200sp;99.99;115.60;115.60;ME1409-200926
2026-09-19 17:28:33;Media Expert;Tablet do rysowania LEXIBOOK Koci Domek Gabi CRT10GDH;LEXIBOOK;Tablety do rysowania dla dzieci;-;https://www.mediaexpert.pl/zabawki/zabawki-kreatywne/tablety-do-rysowania-dla-dzieci/tablet-do-rysowania-lexibook-koci-domek-gabi-crt10gdh;99.99;129.99;129.99;ME1409-200926
2026-09-19 17:28:33;Media Expert;Zabawka zegarek z kalendarzem KIDS EUROSWAN Dragon Ball Z DB00002;KIDS EUROSWAN;Zabawki elektroniczne;-;https://www.mediaexpert.pl/zabawki/zabawki-kreatywne/zabawki-elektroniczne/zabawka-zegarek-z-kalendarzem-kids-euroswan-dragon-ball-z-db00002;39.49;47.05;41.49;ME1509-240926
2026-09-19 17:28:33;Media Expert;Zabawka krótkofalówka KIDS EUROSWAN Hello Kitty HK50152;KIDS EUROSWAN;Zabawki elektroniczne;-;https://www.mediaexpert.pl/zabawki/zabawki-kreatywne/zabawki-elektroniczne/zabawka-krotkofalowka-kids-euroswan-hello-kitty-hk50152;47.49;57.12;49.99;ME1509-240926
2026-09-19 17:28:34;Media Expert;Zestaw kreatywny KIDS EUROSWAN Kuromi KU00004;KIDS EUROSWAN;Zabawki kreatywne;-;https://www.mediaexpert.pl/zabawki/zabawki-kreatywne/zabawki-kreatywne/zestaw-kreatywny-kids-euroswan-kuromi-ku00004;24.99;35.26;30.99;ME1509-240926
2026-09-19 17:28:34;Media Expert;Zestaw kreatywny KIDS EUROSWAN Wow Generation Shiny Transfer Art WOW00154;KIDS EUROSWAN;Zabawki kreatywne;-;https://www.mediaexpert.pl/zabawki/zabawki-kreatywne/zabawki-kreatywne/zestaw-kreatywny-kids-euroswan-wow-generation-shiny-transfer-art-wow00154;65.99;78.61;68.99;ME1509-240926
2026-09-19 17:28:34;Media Expert;Zabawka pozytywka CHICCO First Dreams Moja Słodka Gwiazdka 00001191100000;CHICCO;Pozostałe zabawki;-;https://www.mediaexpert.pl/zabawki/pozostale-zabawki/zabawka-pozytywka-chicco-first-dreams-moja-slodka-gwiazdka-00001191100000;33.49;47.99;34.99;ME1509-240926
2026-09-19 17:28:34;Media Expert;Pamiętnik KIDS EUROSWAN Koci Domek Gabi GD00040;KIDS EUROSWAN;Zabawki elektroniczne;-;https://www.mediaexpert.pl/zabawki/zabawki-kreatywne/zabawki-elektroniczne/pamietnik-kids-euroswan-koci-domek-gabi-gd00040;79.79;95.25;83.99;ME1509-240926
2026-09-19 17:28:34;Media Expert;Zabawka edukacyjna CHICCO Smart2Play Przebijanka i Sorter 2w1 00009686200000;CHICCO;Zabawki edukacyjne;-;https://www.mediaexpert.pl/zabawki/zabawki-edukacyjne/zabawki-edukacyjne/zabawka-edukacyjna-chicco-smart2play-przebijanka-i-sorter-2w1-00009686200000;37.99;54.99;39.99;ME1509-240926
2026-09-19 17:28:35;Media Expert;Zestaw kreatywny MAPED CREATIV Kolorowe stempelki Literki i zwierzątka 907060;MAPED CREATIV;Zabawki kreatywne;-;https://www.mediaexpert.pl/zabawki/zabawki-kreatywne/zabawki-kreatywne/zestaw-kreatywny-maped-creativ-kolorowe-stempelki-literki-i-zwierzatka-907060;49.99;70.28;61.99;ME1509-240926
2026-09-19 17:28:35;Media Expert;Zestaw piśmienniczy KIDS EUROSWAN Sweet Dreams & Friends KL11698;KIDS EUROSWAN;Pozostałe zabawki;-;https://www.mediaexpert.pl/zabawki/pozostale-zabawki/zestaw-pismienniczy-kids-euroswan-sweet-dreams-friends-kl11698;48.49;69.99;50.99;ME1509-240926
2026-09-19 17:28:35;Media Expert;Maskotka HELLO KITTY Cinnamoroll My Melody 2288330;HELLO KITTY;Pluszaki;-;https://www.mediaexpert.pl/zabawki/zabawki-dla-najmlodszych/pluszaki/maskotka-hello-kitty-cinnamoroll-my-melody-2288330;32.99;54.99;34.49;ME1509-240926
2026-09-19 17:28:35;Media Expert;Maskotka TY Beanie Boos Lis polarny Phoenix 36481;TY;Pluszaki;-;https://www.mediaexpert.pl/zabawki/zabawki-dla-najmlodszych/pluszaki/maskotka-ty-beanie-boos-lis-polarny-phoenix-36481;41.79;64.99;43.99;ME1509-240926
2026-09-19 17:28:36;Media Expert;Maskotka TY Beanie Babies Marcel Pies 96304;TY;Pluszaki;-;https://www.mediaexpert.pl/zabawki/zabawki-dla-najmlodszych/pluszaki/maskotka-ty-beanie-babies-marcel-pies-96304;41.79;64.99;43.99;ME1509-240926
2026-09-19 17:28:36;Media Expert;Zabawka lampka nocna LEXIBOOK Batman 3D NLJ01BAT;LEXIBOOK;Zabawki elektroniczne;-;https://www.mediaexpert.pl/zabawki/zabawki-kreatywne/zabawki-elektroniczne/zabawka-lampka-nocna-lexibook-batman-3d-nlj01bat;49.99;74.99;52.99;ME1509-240926
2026-09-19 17:28:36;Media Expert;Samochód zdalnie sterowany TAIYO Mini Truck 400002DT;TAIYO;Samochody zdalnie sterowane;-;https://www.mediaexpert.pl/zabawki/kolejki-i-samochody-zabawkowe/samochody-zdalnie-sterowane/samochod-zdalnie-sterowany-taiyo-mini-truck-400002dt;42.99;69.99;44.99;ME1509-240926
2026-09-19 17:28:36;Media Expert;Zabawka mop i wiaderko DIRT DEVIL Kids;DIRT DEVIL;Zabawki odgrywanie ról;-;https://www.mediaexpert.pl/zabawki/zabawki-odgrywanie-rol/zabawka-mop-i-wiaderko-dirt-devil-kids;51.99;79.99;54.99;ME1509-240926
2026-09-19 17:28:37;Media Expert;Maskotka TY Beanie Bellies Jeż 43205;TY;Pluszaki;-;https://www.mediaexpert.pl/zabawki/zabawki-dla-najmlodszych/pluszaki/maskotka-ty-beanie-bellies-jez-24-cm;34.99;64.99;43.99;ME1509-240926
2026-09-19 17:28:37;Media Expert;Zabawka konsola LEXIBOOK Kraina Lodu JL2367FZ;LEXIBOOK;Zabawki elektroniczne;-;https://www.mediaexpert.pl/zabawki/zabawki-kreatywne/zabawki-elektroniczne/zabawka-konsola-lexibook-kraina-lodu-jl2367fz;109.99;139.99;114.99;ME1509-240926
2026-09-19 17:28:37;Media Expert;Zabawka budzik z projektorem LEXIBOOK Disney Toy Story RL977TS;LEXIBOOK;Zabawki elektroniczne;-;https://www.mediaexpert.pl/zabawki/zabawki-kreatywne/zabawki-elektroniczne/zabawka-budzik-z-projektorem-lexibook-disney-toy-story-rl977ts;70.99;102.76;74.99;ME1509-240926
2026-09-19 17:28:37;Media Expert;Gra towarzyska EPEE Skrzynia Skarbów EP60160;EPEE;;-;https://www.mediaexpert.pl/;65.99;99.28;81.52;ME1509-240926
2026-09-19 17:28:37;Media Expert;Zabawka zestaw do czyszczenia DIRT DEVIL Kids;DIRT DEVIL;Zabawki odgrywanie ról;-;https://www.mediaexpert.pl/zabawki/zabawki-odgrywanie-rol/zabawka-zestaw-do-czyszczenia-dirt-devil-kids;73.99;109.99;77.49;ME1509-240926
2026-09-19 17:28:38;Media Expert;Zestaw kreatywny KIDS EUROSWAN WOW Generation WOW00158;KIDS EUROSWAN;Zabawki kreatywne;-;https://www.mediaexpert.pl/zabawki/zabawki-kreatywne/zabawki-kreatywne/zestaw-kreatywny-kids-euroswan-wow-generation-wow00158;63.99;102.66;66.99;ME1509-240926
2026-09-19 17:28:38;Media Expert;Zestaw do piasku COLOR BABY Spider-Man 77376;COLOR BABY;Zabawki do piaskownicy;-;https://www.mediaexpert.pl/zabawki/zabawki-zrecznosciowe-i-plenerowe/zabawki-do-piaskownicy/zestaw-do-piasku-color-baby-spider-man-77376;24.99;64.99;31.99;ME1509-240926
2026-09-19 17:28:38;Media Expert;Maskotka KIDROBOT Phunny Doctor Strange KR15620;KIDROBOT;Pluszaki;-;https://www.mediaexpert.pl/zabawki/zabawki-dla-najmlodszych/pluszaki/maskotka-kidrobot-phunny-doctor-strange-kr15620;43.99;84.67;46.49;ME1509-240926
2026-09-19 17:28:38;Media Expert;Zabawka aparat KIDS EUROSWAN Barbie BB00024;KIDS EUROSWAN;Zabawki elektroniczne;-;https://www.mediaexpert.pl/zabawki/zabawki-kreatywne/zabawki-elektroniczne/zabawka-aparat-kids-euroswan-barbie-bb00024;209.99;253.49;218.99;ME1509-240926
2026-09-19 17:28:39;Media Expert;Zabawka budzik z lampką nocną LEXIBOOK Dragon RL800DRA;LEXIBOOK;Zabawki elektroniczne;-;https://www.mediaexpert.pl/zabawki/zabawki-kreatywne/zabawki-elektroniczne/zabawka-budzik-z-lampka-nocna-lexibook-dragon-rl800dra;99.99;144.99;104.99;ME1509-240926
2026-09-19 17:28:39;Media Expert;Zabawka interaktywna CHICCO Fit&Fun Liga Multisportowa 00009811000000;CHICCO;Zabawki edukacyjne;-;https://www.mediaexpert.pl/zabawki/zabawki-edukacyjne/zabawki-edukacyjne/zabawka-interaktywna-chicco-fit-fun-liga-multisportowa-00009811000000;129.99;179.99;137.99;ME1509-240926
2026-09-19 17:28:39;Media Expert;Zabawka COLOR BABY Disney Stitch Maszynka do baniek mydlanych ze stitch'em + płyn 39795;COLOR BABY;Bańki mydlane;-;https://www.mediaexpert.pl/zabawki/zabawki-zrecznosciowe-i-plenerowe/banki-mydlane/zabawka-color-baby-disney-stitch-maszynka-do-baniek-mydlanych-ze-stitch-em-plyn-39795;79.79;129.99;84.99;ME1509-240926
2026-09-19 17:28:39;Media Expert;Zabawka głośnik mobilny LEXIBOOK Stitch Snow Ball SBS10D;LEXIBOOK;Zabawki elektroniczne;-;https://www.mediaexpert.pl/zabawki/zabawki-kreatywne/zabawki-elektroniczne/zabawka-glosnik-mobilny-lexibook-stitch-snow-ball-sbs10d;123.49;174.99;129.99;ME1509-240926
2026-09-19 17:28:40;Media Expert;Maskotka TY Beanie Boos Fantasia Wielokolorowy jednorożec 36819;TY;Pluszaki;-;https://www.mediaexpert.pl/zabawki/zabawki-dla-najmlodszych/pluszaki/maskotka-ty-beanie-boos-fantasia-wielokolorowy-jednorozec-36819;99.99;154.99;109.99;ME1509-240926
2026-09-19 17:28:40;Media Expert;Zabawka mikrofon LEXIBOOK Barbie MIC280BB;LEXIBOOK;Zabawki elektroniczne;-;https://www.mediaexpert.pl/zabawki/zabawki-kreatywne/zabawki-elektroniczne/zabawka-mikrofon-lexibook-barbie-mic280bb;109.99;169.99;120.99;ME1509-240926
2026-09-19 17:28:40;Media Expert;Masa plastyczna CRA-Z-ART Softee Dough Zestaw Super Szefa Kuchni CRDOUGH16;CRA-Z-ART;Zabawki kreatywne;-;https://www.mediaexpert.pl/zabawki/zabawki-kreatywne/zabawki-kreatywne/masa-plastyczna-cra-z-art-softee-dough-zestaw-super-szefa-kuchni-crdough16;114.99;179.99;120.99;ME1509-240926
2026-09-19 17:28:40;Media Expert;Zabawka GARDENA Zestaw narzedzi ogrodniczych (6 elementów);GARDENA;Zabawki odgrywanie ról;-;https://www.mediaexpert.pl/zabawki/zabawki-odgrywanie-rol/zabawka-gardena-zestaw-narzedzi-ogrodniczych-6-elementow;129.99;199.99;137.99;ME1509-240926
2026-09-19 17:28:40;Media Expert;Zabawka głośnik mobilny LEXIBOOK Kraina Lodu BTC030FZ;LEXIBOOK;Zabawki elektroniczne;-;https://www.mediaexpert.pl/zabawki/zabawki-kreatywne/zabawki-elektroniczne/zabawka-glosnik-mobilny-lexibook-kraina-lodu-btc030fz;170.99;249.99;179.99;ME1509-240926
2026-09-19 17:28:41;Media Expert;Lalka ANTONIO JUAN Recien Nacido Luca AJ33362;ANTONIO JUAN;Lalki i akcesoria;-;https://www.mediaexpert.pl/zabawki/lalki-i-figurki/lalki-i-akcesoria/lalka-antonio-juan-recien-nacido-luca-aj33362;229.99;319.99;241.79;ME1509-240926
2026-09-19 17:28:41;Media Expert;Samochód zdalnie sterowany TAIYO Iron Claw 080015BT;TAIYO;Samochody zdalnie sterowane;-;https://www.mediaexpert.pl/zabawki/kolejki-i-samochody-zabawkowe/samochody-zdalnie-sterowane/samochod-zdalnie-sterowany-taiyo-iron-claw-080015bt;264.99;419.99;278.99;ME1509-240926
2026-09-19 17:28:41;Media Expert;Zabawka radioodtwarzacz LEXIBOOK Stitch RCD109D;LEXIBOOK;Zabawki elektroniczne;-;https://www.mediaexpert.pl/zabawki/zabawki-kreatywne/zabawki-elektroniczne/zabawka-radioodtwarzacz-lexibook-stitch-rcd109d;174.99;527.29;184.99;ME1509-240926
2026-09-19 17:28:41;Media Expert;Laktator KINDERKRAFT Hands Free Gentlenest Podwójny;KINDERKRAFT;Laktatory;-;https://www.mediaexpert.pl/agd-male/dla-dziecka/laktatory/podwojny-laktator-kinderkraft-hands-free-gentlenest;315.99;399.99;335.48;ME1109-220926
2026-09-19 17:28:42;Media Expert;Bujaczek KINDERKRAFT Mimi Szary;KINDERKRAFT;Bujaczki dla dzieci;-;https://www.mediaexpert.pl/agd-male/dla-dziecka/bujaczki-dla-dzieci/lezaczek-kinderkraft-mimi-szary;179.99;229.99;184.50;ME1109-220926
2026-09-19 17:28:42;Media Expert;Sejf SASKA GARDEN 1068756;SASKA GARDEN;Sejfy;-;https://www.mediaexpert.pl/dom/inteligentny-dom/sejfy/sejf-saska-garden-1068756;229.00;434.13;434.13;ME1009-300926
