2026-09-19 17:27:04;Media Expert;"Telewizor SAMSUNG QE55Q6F 55"" QLED 4K Tizen TV HDMI 2.1";SAMSUNG;Telewizory;-;https://www.mediaexpert.pl/telewizory-i-rtv/telewizory/telewizor-samsung-qe55q6f-qled-4k-tizen-tv-hdmi-2-1;1699.00;2199.99;1790.00;WRZESIEN1809
2026-09-19 17:27:04;Media Expert;Drukarka XEROX C230V DNI Druk w kolorze, Automatyczny druk dwustronny, Wi-Fi;XEROX;Drukarki laserowe;-;https://www.mediaexpert.pl/komputery-i-tablety/drukarki-i-urzadzenia-biurowe/drukarki-laserowe/drukarka-xerox-c230v-dni-druk-w-kolorze-automatyczny-druk-dwustronny-wi-fi;797.00;879.99;879.99;WRZESIEN1809
2026-09-19 17:27:04;Media Expert;Apple Watch 11 GPS + Cellular 42mm koperta z tytanu (naturalny) + pasek sportowy rozmiar M/L (górska szarość);APPLE;Smartwatche;-;https://www.mediaexpert.pl/smartfony-i-zegarki/smartwatche-i-zegarki/smartwatche/smartwatch-apple-watch-11-42-nt-ti-sg-sb-ml-cel-mgp;2299.00;3299.00;2599.00;WRZESIEN1809
2026-09-19 17:27:05;Media Expert;Lodówka SHARP SJ-FBB02DTXWE-EU 152cm Biała;SHARP;Lodówki;-;https://www.mediaexpert.pl/agd/lodowki-i-zamrazarki/lodowki/lodowka-sharp-sj-fbb02dtxwe-eu-152cm-biala;1197.00;1349.99;1198.99;WRZESIEN1809
2026-09-19 17:27:05;Media Expert;Płyta indukcyjna WHIRLPOOL WSQ7360NE 6. Zmysł;WHIRLPOOL;Płyty do zabudowy;-;https://www.mediaexpert.pl/agd-do-zabudowy/plyty-do-zabudowy/plyta-indukcyjna-whirlpool-ws-q7360-ne;999.00;1299.99;1299.99;WRZESIEN1809
2026-09-19 17:27:05;Media Expert;Głowica termostatyczna NEDIS SmartLife ZBHTR20WT ZigBee;NEDIS;Termostaty elektroniczne;-;https://www.mediaexpert.pl/dom/inteligentny-dom/termostaty-elektroniczne/glowica-termostatyczna-nedis-smartlife-zbhtr20wt-zigbee;129.00;179.99;139.00;WRZESIEN1809
2026-09-19 17:27:05;Media Expert;Zapięcie rowerowe TRELOCK SK 312 8005365 Linka Czarny;TRELOCK;Zabezpieczenie roweru;-;https://www.mediaexpert.pl/rowery/akcesoria-do-rowerow/zamki-i-zapiecia/zapiecie-rowerowe-trelock-sk-312-8005365-linka-czarny;84.99;179.99;119.99;WRZESIEN1809
2026-09-19 17:27:06;Media Expert;Pasek HELLO KITTY Strap Kitty Head do Apple Watch do koperty 38/40/41mm Różowy;HELLO KITTY;Paski do smartwatchy;-;https://www.mediaexpert.pl/smartfony-i-zegarki/smartwatche-i-zegarki/paski/pasek-hello-kitty-strap-kitty-head-do-apple-watch-4-5-6-7-8-9-se-se-2-se-2022-38-40-41mm-rozowy;47.99;47.99;0.00;
2026-09-19 17:27:06;Media Expert;Bidon ELITE Fly Tex 550 ml Czarny;ELITE;Bidony;-;https://www.mediaexpert.pl/rowery/akcesoria-do-rowerow/bidony-i-koszyki/bidon-elite-fly-tex-550-ml-czarny;24.99;24.99;0.00;
2026-09-19 17:27:06;Media Expert;"Telewizor SAMSUNG QE55Q6F 55"" QLED 4K Tizen TV HDMI 2.1";SAMSUNG;Telewizory;-;https://www.mediaexpert.pl/telewizory-i-rtv/telewizory/telewizor-samsung-qe55q6f-qled-4k-tizen-tv-hdmi-2-1;1699.00;2199.99;1790.00;WRZESIEN1809
2026-09-19 17:27:06;Media Expert;"Telewizor XIAOMI S Mini 2026 98"" QD-Mini LED 4K 144 Hz Google TV Dolby Atmos Dolby Vision HDMI 2.1";XIAOMI;Telewizory;-;https://www.mediaexpert.pl/telewizory-i-rtv/telewizory/telewizor-xiaomi-s-mini-2026-98-qd-mini-led-4k-144-hz-google-tv-dolby-atmos-dolby-vision-hdmi-2-1;8898.98;9999.00;8898.99;ME1409-230926
2026-09-19 17:27:06;Media Expert;Soundbar JVC TH-E534B Czarny 2.1-kanałowy, Bezprzewodowy Subwoofer, HDMI ARC, Bluetooth, Dolby Atmos;JVC;Soundbary;-;https://www.mediaexpert.pl/telewizory-i-rtv/kina-domowe/soundbary/soundbar-jvc-th-e534b-czarny-2-1-kanalowy-bezprzewodowy-subwoofer-hdmi-arc-bluetooth-dolby-atmos;699.00;889.00;888.99;ME1209-031026
2026-09-19 17:27:07;Media Expert;Wieża BLAUPUNKT MS49DAB Czarna, HDMI ARC, Odtw.CD/-R/-RW, Bluetooth, Tuner FM/DAB+, Wbudowany Korektor dźwięku, Wejście USB;BLAUPUNKT;Wieże;-;https://www.mediaexpert.pl/telewizory-i-rtv/hi-fi-audio/wieze-male/wieza-blaupunkt-ms49dab-czarny;679.99;754.99;754.99;ME0709-300926
2026-09-19 17:27:07;Media Expert;Kolumna głośnikowa MAGNAT Signature 607 Biały (1szt.);MAGNAT;Kolumny głośnikowe;-;https://www.mediaexpert.pl/telewizory-i-rtv/kina-domowe/kolumny-audio/kolumna-glosnikowa-magnat-signature-607-bialy-1szt;2314.99;2564.99;2564.99;ME0709-300926
2026-09-19 17:27:07;Media Expert;Słuchawki nauszne XMUSIC XWH910K ANC Czarny;XMUSIC;Słuchawki;-;https://www.mediaexpert.pl/telewizory-i-rtv/sluchawki/wszystkie-sluchawki/sluchawki-nauszne-xmusic-xwh9100k-anc-czarny;229.99;299.99;249.00;RW0109-3009
2026-09-19 17:27:07;Media Expert;Słuchawki dokanałowe QCY Buds HT15 ANC Niebieski;QCY;Słuchawki;-;https://www.mediaexpert.pl/telewizory-i-rtv/sluchawki/wszystkie-sluchawki/sluchawki-dokanalowe-qcy-buds-ht15-anc-wodoodporne-niebieski;79.99;89.99;89.99;ME0609-300926
2026-09-19 17:27:08;Media Expert;Słuchawki nauszne BOSE QuietComfort Ultra 2 gen. ANC Czarno-złoty;BOSE;Słuchawki;-;https://www.mediaexpert.pl/telewizory-i-rtv/sluchawki/wszystkie-sluchawki/sluchawki-nauszne-bose-quietcomfort-ultra-2-gen-anc-czarno-zloty;1569.00;1569.00;0.00;
2026-09-19 17:27:08;Media Expert;Głośnik mobilny XMUSIC BTS860 Bluetooth, Moc 40W, IP66, Akumulator 5000 mAh,  Radio FM, Szary;XMUSIC;Głośniki Bluetooth;-;https://www.mediaexpert.pl/telewizory-i-rtv/hi-fi-audio/glosniki-mobilne/glosnik-mobilny-xmusic-bts860-radio-fm-szary;429.97;599.99;429.98;RW0109-3009
2026-09-19 17:27:08;Media Expert;Radio TECHNISAT Classic 100 Analogowe Przenośne Biały;TECHNISAT;Radia;-;https://www.mediaexpert.pl/telewizory-i-rtv/drobny-sprzet-rtv/radia/radioodbiornik-technisat-classic-100-bialy;54.97;59.99;54.98;ME1109-031026
2026-09-19 17:27:08;Media Expert;Radio NEDIS RDFMCR2000BK Analogowe Przenośne Czarny;NEDIS;Radia awaryjne;-;https://www.mediaexpert.pl/telewizory-i-rtv/drobny-sprzet-rtv/radia-awaryjne/radio-nedis-rdfmcr2000bk-analogowe-przenosne-czarny;124.99;139.00;129.99;ME0709-300926
2026-09-19 17:27:09;Media Expert;Radioodtwarzacz/Bombox BLAUPUNKT BB7BK Czarny, Odtw. CD, CD-R, CD-RW, Wejście USB/AUX/Mini-jack, Tuner FM, Zasilanie Bateryjne;BLAUPUNKT;Radioodtwarzacze;-;https://www.mediaexpert.pl/telewizory-i-rtv/drobny-sprzet-rtv/radioodtwarzacze/rtv-audio-blaupunkt-bb7-bk-bb7-bk;174.99;199.00;179.98;ME0709-300926
2026-09-19 17:27:09;Media Expert;Gramofon LENCO LS-440BUBG Niebiesko-beżowy;LENCO;Gramofony;-;https://www.mediaexpert.pl/telewizory-i-rtv/hi-fi-audio/gramofony/gramofon-lenco-ls-440bubg-niebiesko-bezowy;844.99;879.99;879.99;ME0709-300926
2026-09-19 17:27:09;Media Expert;Gramofon AIWA APX-680BT Bluetooth USB Czarny;AIWA;Gramofony;-;https://www.mediaexpert.pl/telewizory-i-rtv/hi-fi-audio/gramofony/gramofon-aiwa-apx-680bt-czarny;894.99;999.00;899.98;ME0709-300926
2026-09-19 17:27:09;Media Expert;Radio samochodowe PIONEER AVH-Z5200DAB Bluetooth Android;PIONEER;Radia samochodowe;-;https://www.mediaexpert.pl/telewizory-i-rtv/car-audio/radia-samochodowe/radio-samochodowe-pioneer-avh-z5200dab;2039.99;2189.00;2189.00;ME0709-300926
2026-09-19 17:27:10;Media Expert;Kabel HDMI - HDMI HAMA 3 m;HAMA;Kable audio-video;-;https://www.mediaexpert.pl/telewizory-i-rtv/kable-telewizyjne-i-audio/przewody-audio-video/high-speed-hdmitm-cable-4k-plug-plug-ethernet-3-0-m-1;39.99;45.99;44.99;ME0209-300926
2026-09-19 17:27:10;Media Expert;Kabel HDMI - HDMI SAVIO CL-148 8K 3 m Czarno-niebieski;SAVIO_new;Kable audio-video;-;https://www.mediaexpert.pl/telewizory-i-rtv/kable-telewizyjne-i-audio/przewody-audio-video/kabel-hdmi-hdmi-savio-cl-148-8k-3-m-czarno-niebieski;104.98;104.98;0.00;
2026-09-19 17:27:10;Media Expert;"Laptop ASUS TUF Gaming A16 FA608UHI-R7165W 16"" IPS 144Hz R7-260 16GB RAM 512GB SSD GeForce RTX5050 DLSS 4 Windows 11 Home";ASUS;Laptopy;-;https://www.mediaexpert.pl/komputery-i-tablety/laptopy-i-ultrabooki/laptopy/laptop-asus-tuf-gaming-a16-fa608uhi-r7165w-16-ips-144hz-r7-260-16gb-ram-512gb-ssd-geforce-rtx5050-dlss-4-windows-11-home;3999.00;4099.00;4099.00;PNU0409-1510
2026-09-19 17:27:10;Media Expert;"Tablet XIAOMI Pad 8 Pro 11.2"" 12/512 GB Wi-Fi Szary";XIAOMI;Tablety;-;https://www.mediaexpert.pl/komputery-i-tablety/tablety-i-e-booki/tablety/tablet-xiaomi-pad-8-pro-11-2-12-512-gb-wi-fi-szary;2499.00;2899.00;2749.99;ME1709-220926
2026-09-19 17:27:10;Media Expert;Tablet graficzny HUION H640P;HUION;Tablety graficzne;-;https://www.mediaexpert.pl/komputery-i-tablety/akcesoria-komputerowe/tablety-graficzne/tablet-graficzny-huion-h640p;124.00;179.00;139.00;ME1509-270926
2026-09-19 17:27:11;Media Expert;Tablet graficzny HUION H1060P;HUION;Tablety graficzne;-;https://www.mediaexpert.pl/komputery-i-tablety/akcesoria-komputerowe/tablety-graficzne/tablet-graficzny-huion-h1060p;268.99;349.00;269.00;ME1509-270926
2026-09-19 17:27:11;Media Expert;"Tablet graficzny 18.4"" HUION Kamvas Pro 19 4K";HUION;Tablety graficzne;-;https://www.mediaexpert.pl/komputery-i-tablety/akcesoria-komputerowe/tablety-graficzne/tablet-graficzny-18-4-huion-kamvas-pro-19-4k;3499.00;3499.00;0.00;
2026-09-19 17:27:11;Media Expert;Komputer All in One LENOVO IdeaCentre AIO 24IRH9 23.8 IPS i5-13420H 16GB RAM 1TB SSD Windows 11 Home;LENOVO;Komputery All in One;-;https://www.mediaexpert.pl/komputery-i-tablety/komputery-pc/komputery-all-in-one/komputer-lenovo-ideacentre-aio-24irh9-23-8-ips-i5-13420h-16gb-ram-1tb-ssd-windows-11-home-2;3999.00;4099.00;4099.00;ME1409-230926
2026-09-19 17:27:11;Media Expert;"Monitor LG UltraGear G5 25G523B-B 25"" IPS 1920x1080px 200Hz";LG;Monitory;-;https://www.mediaexpert.pl/komputery-i-tablety/monitory-led/monitor-lg-ultragear-g5-25g523b-b-25-ips-1920x1080px-200hz;469.00;499.00;470.66;ME1609-200926
2026-09-19 17:27:12;Media Expert;Urządzenie wielofunkcyjne HP Color Laser MFP 179fnw Druk w kolorze, Wi-Fi;HP;Urządzenia wielofunkcyjne;-;https://www.mediaexpert.pl/komputery-i-tablety/drukarki-i-urzadzenia-biurowe/urzadzenia-wielofunkcyjne/urzadzenie-wielofunkcyjne-hp-color-laser-mfp-179fnw-druk-w-kolorze-wi-fi;1279.00;1279.00;0.00;
2026-09-19 17:27:12;Media Expert;Klawiatura NATEC Turbot 2;NATEC;Klawiatury;-;https://www.mediaexpert.pl/komputery-i-tablety/klawiatury-komputerowe/klawiatury/klawiatura-natec-turbot-2;114.99;126.00;126.00;ME0609-300926
2026-09-19 17:27:12;Media Expert;Klawiatura KEYSONIC ACK-540U+;KEYSONIC;Klawiatury;-;https://www.mediaexpert.pl/komputery-i-tablety/klawiatury-komputerowe/klawiatury/klawiatura-keysonic-ack-540u;169.99;199.99;199.99;ME1109-300926
2026-09-19 17:27:12;Media Expert;Mysz TRACER Cozy;TRACER;Myszki;-;https://www.mediaexpert.pl/komputery-i-tablety/myszy-komputerowe/myszki-uniwersalne/mysz-tracer-cozy;34.98;39.99;34.99;ME0809-230926
2026-09-19 17:27:13;Media Expert;Mysz PORT CONNECT Ergo Soft;PORT CONNECT;Myszki;-;https://www.mediaexpert.pl/komputery-i-tablety/myszy-komputerowe/myszki-uniwersalne/mysz-port-connect-ergo-soft;89.99;109.99;109.99;ME1109-300926
2026-09-19 17:27:13;Media Expert;Projektor laserowy HISENSE PT1 4K (3840 x 2160), 2500 ANSI lumen, Wi-Fi, Bluetooth;HISENSE;Projektory;-;https://www.mediaexpert.pl/telewizory-i-rtv/projektory/projektory-tradycyjne/projektor-laserowy-hisense-pt1-4k-3840-x-2160-2500-ansi-lumen-wi-fi-bluetooth;6998.00;8999.00;6999.00;ME1109-071026
2026-09-19 17:27:13;Media Expert;Głośniki SVEN MC-10 2.0, Komunikacja bezprzewodowa;SVEN;Głośniki komputerowe;-;https://www.mediaexpert.pl/komputery-i-tablety/sluchawki-i-glosniki-komputerowe/glosniki-komputerowe/glosniki-sven-mc-10-2-0-komunikacja-bezprzewodowa;379.00;569.00;449.99;ME1009-300926
2026-09-19 17:27:13;Media Expert;Dysk SANDISK WD Green SN3000 500GB SSD;SANDISK;Dyski twarde;-;https://www.mediaexpert.pl/komputery-i-tablety/dyski-i-pamieci/dyski-wewnetrzne/dysk-wd-green-sn3000-500gb-ssd;359.00;419.00;399.00;ME0709-300926
2026-09-19 17:27:14;Media Expert;Płyta główna ASUS ROG Strix B860-G Gaming WiFi;ASUS;Płyty główne;-;https://www.mediaexpert.pl/komputery-i-tablety/podzespoly-komputerowe/plyty-glowne/plyta-glowna-asus-rog-strix-b860-g-gaming-wifi;1179.00;1179.00;0.00;ML2508-280926
2026-09-19 17:27:14;Media Expert;Płyta główna ASROCK B760I Lightning WiFi;ASROCK;Płyty główne;-;https://www.mediaexpert.pl/komputery-i-tablety/podzespoly-komputerowe/plyty-glowne/plyta-glowna-asrock-b760i-lightning-wifi;994.99;1043.00;1043.00;ME0609-300926
2026-09-19 17:27:14;Media Expert;Płyta główna ASUS ROG B650E-F Gaming WiFi;ASUS;Płyty główne;-;https://www.mediaexpert.pl/komputery-i-tablety/podzespoly-komputerowe/plyty-glowne/plyta-glowna-asus-rog-b650e-f-gaming-wifi;1254.99;1254.99;0.00;
2026-09-19 17:27:14;Media Expert;Obudowa THERMALRIGHT A70 Biały;THERMALRIGHT;Obudowy do komputera;-;https://www.mediaexpert.pl/komputery-i-tablety/podzespoly-komputerowe/obudowy/obudowa-thermalright-a70-bialy;339.00;399.00;399.00;ME1409-270926
2026-09-19 17:27:14;Media Expert;Podkładka STEELSERIES QCK 3XL;STEELSERIES;Podkładki pod myszkę;-;https://www.mediaexpert.pl/komputery-i-tablety/myszy-komputerowe/podkladki/podkladka-steelseries-qck-3xl;194.99;219.00;219.00;ME0609-300926
2026-09-19 17:27:15;Media Expert;"Smartfon MOTOROLA Edge 60 Pro 5G 12/512GB 6.67"" 120Hz Szarozielony";MOTOROLA;Smartfony;-;https://www.mediaexpert.pl/smartfony-i-zegarki/smartfony/smartfon-motorola-edge-60-pro-5g-12-512gb-6-67-120hz-szarozielony;1799.00;2199.00;2199.00;PNU0409-1510
2026-09-19 17:27:15;Media Expert;"Smartfon HAMMER Construction 2 5G Thermal 8/256GB 6.58"" 120Hz Czarno-pomarańczowy";HAMMER;Smartfony;-;https://www.mediaexpert.pl/smartfony-i-zegarki/smartfony/smartfon-hammer-construction-2-5g-thermal-8-256gb-6-58-120hz-czarno-pomaranczowy;2299.00;2399.00;2399.00;ME1709-220926
2026-09-19 17:27:15;Media Expert;"Smartfon ULEFONE Armor 33 12/512GB 6.95"" 120Hz Czarny";ULEFONE;Smartfony;-;https://www.mediaexpert.pl/smartfony-i-zegarki/smartfony/smartfon-ulefone-armor-33-12-512gb-6-95-120hz-czarny;1489.00;1699.00;1699.00;ME1709-220926
2026-09-19 17:27:15;Media Expert;"Smartfon ULEFONE RugKing 4 Pro 8/256GB 6.56"" 120Hz Pomarańczowy";ULEFONE;Smartfony;-;https://www.mediaexpert.pl/smartfony-i-zegarki/smartfony/smartfon-ulefone-rugking-4-pro-8-256gb-6-56-120hz-pomaranczowy;829.00;929.00;929.00;ME1709-220926
2026-09-19 17:27:16;Media Expert;"Smartfon HAMMER Energy X2 5G 6/128GB 6.1"" Czarno-pomarańczowy";HAMMER;Smartfony;-;https://www.mediaexpert.pl/smartfony-i-zegarki/smartfony/smartfon-hammer-energy-x2-5g-6-128gb-6-1-czarno-pomaranczowy;1049.00;1049.00;0.00;
2026-09-19 17:27:16;Media Expert;Smartwatch AMAZFIT Active Max Czarny;AMAZFIT;Smartwatche;-;https://www.mediaexpert.pl/smartfony-i-zegarki/smartwatche-i-zegarki/smartwatche/smartwatch-amazfit-active-max-czarny;598.99;666.00;599.00;ME1509-270926
2026-09-19 17:27:16;Media Expert;Apple Watch 11 GPS + Cellular 42mm koperta z tytanu (łupek) + pasek sportowy rozmiar S/M (czarny);APPLE;Smartwatche;-;https://www.mediaexpert.pl/smartfony-i-zegarki/smartwatche-i-zegarki/smartwatche/smartwatch-apple-watch-11-42-sl-ti-bk-sb-sm-cel-mgp;3069.00;3069.00;0.00;
2026-09-19 17:27:16;Media Expert;Smartring MAXCOM mRing MR100 71.3mm Srebrny;MAXCOM;Smart Ringi;-;https://www.mediaexpert.pl/smartfony-i-zegarki/smartwatche-i-zegarki/smart-ringi/smartring-maxcom-mring-mr100-70mm-srebrny;149.00;219.00;199.99;ME1908-300926
2026-09-19 17:27:17;Media Expert;Kabel USB-C - USB-C XLINE UC15GMC-CC 100W 1.5 m Szary;XLINE;Kable do telefonów;-;https://www.mediaexpert.pl/smartfony-i-zegarki/akcesoria-do-telefonow/kable-i-przewody/kabel-usb-c-usb-c-xline-uc15gmc-cc-100w-1-5-m-szary;39.99;69.99;69.99;WRZESIEN1809
2026-09-19 17:27:17;Media Expert;Klawiatura RAZER Huntsman V3 Pro TKL;RAZER;Klawiatury;-;https://www.mediaexpert.pl/komputery-i-tablety/klawiatury-komputerowe/klawiatury/klawiatura-razer-huntsman-v3-pro-tkl;479.00;499.00;499.00;ME1909-300926
2026-09-19 17:27:17;Media Expert;Klawiatura REDRAGON K673CPG-RGB-PRO Ucal Pro;REDRAGON;Klawiatury;-;https://www.mediaexpert.pl/komputery-i-tablety/klawiatury-komputerowe/klawiatury/klawiatura-redragon-k673cpg-rgb-pro-ucal-pro;219.00;219.00;0.00;
2026-09-19 17:27:17;Media Expert;Mysz REDRAGON K1NG M916-PRO-4K Czarny;REDRAGON;Myszki;-;https://www.mediaexpert.pl/komputery-i-tablety/myszy-komputerowe/myszki-uniwersalne/mysz-redragon-k1ng-m916-pro-4k-czarny;204.99;204.99;0.00;
2026-09-19 17:27:18;Media Expert;Słuchawki HYPERX Cloud Stinger 2 PS Nauszne;HYPERX;Słuchawki z mikrofonem;-;https://www.mediaexpert.pl/komputery-i-tablety/sluchawki-i-glosniki-komputerowe/sluchawki-z-mikrofonem/sluchawki-hyperx-cloud-stinger-2-core-ps-2;218.99;239.00;219.00;ML1809-041026
2026-09-19 17:27:18;Media Expert;Biurko KENOKO Ibuki 160 x 80 cm Czarny;KENOKO;Biurka regulowane;-;https://www.mediaexpert.pl/dom/meble/biurka-regulowane/biurko-kenoko-ibuki-160-x-80-cm-czarny;694.99;799.00;799.00;ME0709-300926
2026-09-19 17:27:18;Media Expert;Torba DOBE TP5-3590 do PS5 Slim Szary;DOBE;Torby i etui;-;https://www.mediaexpert.pl/gaming/akcesoria-do-konsol/torby-i-etui/torba-dobe-tp5-3590-szary;129.99;139.00;139.00;ME0609-300926
2026-09-19 17:27:18;Media Expert;Gothic Remake Gra PS5;PLAION;Gry;-;https://www.mediaexpert.pl/gaming/gry/gry/gothic-1-remake-gra-ps5;174.00;189.99;189.99;ME1509-270926
2026-09-19 17:27:18;Media Expert;Aparat natychmiastowy POLAROID Now Gen 3 Koralowy;POLAROID;Aparaty natychmiastowe;-;https://www.mediaexpert.pl/foto-i-kamery/aparaty-fotograficzne/aparaty-natychmiastowe/aparat-natychmiastowy-polaroid-now-gen-3-koralowy;349.00;549.00;427.49;ME1509-270926
2026-09-19 17:27:19;Media Expert;Kamera sportowa INSTA360 Go Ultra Czarny, filmy 4K 60FPS, Wi-Fi, Bluetooth;INSTA360;Kamery sportowe;-;https://www.mediaexpert.pl/foto-i-kamery/kamery/kamery-sportowe/kamera-sportowa-insta360-go-ultra-czarny-filmy-4k-60fps-wi-fi-bluetooth;1449.00;1549.00;1549.00;ME1509-270926
2026-09-19 17:27:19;Media Expert;Kamera termowizyjna BOSCH Professional GTC 600 C 0601083508;BOSCH_elektronarzedzia;Kamery termowizyjne;-;https://www.mediaexpert.pl/foto-i-kamery/kamery/kamery-termowizyjne/kamera-termowizyjna-bosch-gtc-600-c;5179.00;5998.00;5998.00;ME1109-300926
2026-09-19 17:27:19;Media Expert;Dron DJI Flip (DJI RC 2), Dron 4K z kontrolerem DJI RC 2, Tryb śledzenia, Wideo w pionie;DJI;Drony;-;https://www.mediaexpert.pl/foto-i-kamery/drony-i-akcesoria/drony/dron-dji-flip-dji-rc-2;1999.00;1999.00;0.00;
2026-09-19 17:27:19;Media Expert;"Ramka cyfrowa KODAK RDPF1020WBW 10""  Brązowy";KODAK;Ramki cyfrowe;-;https://www.mediaexpert.pl/foto-i-kamery/ramki-foto/ramki-cyfrowe/ramka-cyfrowa-10-10-cali-led-hd-drewniana-kodak;399.99;549.99;441.75;L2808-300926
2026-09-19 17:27:20;Media Expert;Lodówka HAIER Seria 5 HTW5618DWMG No frost 185cm Inox;HAIER;Lodówki;-;https://www.mediaexpert.pl/agd/lodowki-i-zamrazarki/lodowki/lodowka-haier-htw5618dwmg-no-frost-185cm-inox;2998.98;3299.99;2998.99;RW0109-3009
2026-09-19 17:27:20;Media Expert;Lodówka BOSCH Seria 6 KGN39LBCF No frost 203cm Czarne szkło;BOSCH;Lodówki;-;https://www.mediaexpert.pl/agd/lodowki-i-zamrazarki/lodowki/lodowka-bosch-kgn39lbcf-black;3594.99;3799.00;3598.99;ME0709-300926
2026-09-19 17:27:20;Media Expert;Lodówka CANDY Fresco 300 ECN2CQTEX206 No frost 205cm inox;CANDY;Lodówki;-;https://www.mediaexpert.pl/agd/lodowki-i-zamrazarki/lodowki/lodowka-candy-ecn2cqtex206-fresco-no-frost-205cm-inox;1789.00;2299.00;1789.99;ME1109-031026
2026-09-19 17:27:20;Media Expert;Lodówka CANDY CCG3L517EW 176cm Biała;CANDY;Lodówki;-;https://www.mediaexpert.pl/agd/lodowki-i-zamrazarki/lodowki/lodowka-candy-ccg3l517ew-176cm-biala;1298.99;1399.00;1299.00;ME1609-031026
2026-09-19 17:27:21;Media Expert;Lodówka CANDY Fresco 300 CNCQ2T618EC No frost 185cm Beżowa;CANDY;Lodówki;-;https://www.mediaexpert.pl/agd/lodowki-i-zamrazarki/lodowki/lodowka-candy-cncq2t618ec-fresco-300-no-frost-185cm-bezowa;1979.99;2198.99;1998.99;ME0709-300926
2026-09-19 17:27:21;Media Expert;Lodówka BEKO B1RCSO264W 177cm Biała;BEKO;Lodówki;-;https://www.mediaexpert.pl/agd/lodowki-i-zamrazarki/lodowki/lodowka-beko-b1rcso264w-177cm-biala;1299.99;1699.00;1398.99;ME1609-031026
2026-09-19 17:27:21;Media Expert;Lodówka MPM 125-CZ-11 E 115cm Ciemna inox;MPM;Lodówki;-;https://www.mediaexpert.pl/agd/lodowki-i-zamrazarki/lodowki/lodowka-mpm-125-cz-11-e-115cm-inox;848.99;899.99;849.92;ME1509-031026
2026-09-19 17:27:21;Media Expert;Lodówka BOSCH Seria 4 KFN96VPEA No frost Side by side 183cm Srebrna;BOSCH;Lodówki;-;https://www.mediaexpert.pl/agd/lodowki-i-zamrazarki/lodowki/kfn96vpea;5394.99;5699.00;5398.99;ME0709-300926
2026-09-19 17:27:22;Media Expert;Lodówka LG GMM42ABBEH No frost Side by side 190cm Czarna;LG;Lodówki;-;https://www.mediaexpert.pl/agd/lodowki-i-zamrazarki/lodowki/lodowka-lg-gmm42abbeh-side-by-side-no-frost-190cm-czarna;4694.99;4999.00;4698.99;ME0709-300926
2026-09-19 17:27:22;Media Expert;Lodówka SHARP SJ-MP780D-BS No frost Side by side 4D ION Plasmacluster 183cm Srebrna;SHARP;Lodówki;-;https://www.mediaexpert.pl/agd/lodowki-i-zamrazarki/lodowki/lodowka-sharp-sj-mp780d-bs-side-by-side-no-frost-183cm-4d-icon-plasmacluster-srebrna;9489.99;9999.00;9494.98;ME0709-300926
2026-09-19 17:27:22;Media Expert;Witryna chłodnicza przemysłowa BEKO PROFESSIONAL ADN 140W BP;BEKO PROFESSIONAL;Chłodziarki przemysłowe;-;https://www.mediaexpert.pl/agd/agd-przemyslowe/chlodziarki-przemyslowe/witryna-chlodnicza-przemyslowa-beko-professional-adn-140w-bp;1699.99;1799.00;1704.98;ME0709-300926
2026-09-19 17:27:22;Media Expert;Pralka CANDY ProWash 100 EY 07SB7-S 7kg Slim 43.9cm 1000obr AI Silent Motion;CANDY;Pralki;-;https://www.mediaexpert.pl/agd/pralki-i-suszarki/pralki/pralka-candy-ai-prowash-100-ey-07sb7-s-7kg-1000-obr;964.00;1099.00;964.99;ME0709-300926
2026-09-19 17:27:22;Media Expert;Pralka SHARP ES-NFA6102WD 6kg Slim 41.6cm 1000obr;SHARP;Pralki;-;https://www.mediaexpert.pl/agd/pralki-i-suszarki/pralki/pralka-sharp-es-nfa6102wd-6kg-1000-obr;878.99;999.99;879.00;ME0709-300926
2026-09-19 17:27:23;Media Expert;Pralka WHIRLPOOL S4 MXWM07GADSPL 10kg 58cm 1400obr AI AdaptiveWash Sterowanie smartfonem;WHIRLPOOL;Pralki;-;https://www.mediaexpert.pl/agd/pralki-i-suszarki/pralki/pralka-whirlpool-mxwm-07g-ads-pl-10kg-1400-obr;2097.00;2299.00;2097.99;ME0709-300926
2026-09-19 17:27:23;Media Expert;Pralka MPM 5814-PT-43 8kg 52cm 1400obr;MPM;Pralki;-;https://www.mediaexpert.pl/agd/pralki-i-suszarki/pralki/pralka-mpm-5814-pt-43-8kg-1400-obr-a;1129.99;1199.00;1134.98;ME0709-300926
2026-09-19 17:27:23;Media Expert;Pralka CANDY ProWash 350 GD 48SB8GC-16 8kg 53.2cm 1400obr AI Silent Motion;CANDY;Pralki;-;https://www.mediaexpert.pl/agd/pralki-i-suszarki/pralki/pralka-candy-prowash-350-gd-48sb8gc-16-8kg-1400-obr;1549.00;1799.99;1697.99;ME0709-300926
2026-09-19 17:27:23;Media Expert;Pralka SHARP ES-NFA6101WC-PL 6kg 49.7cm 1000obr;SHARP;Pralki;-;https://www.mediaexpert.pl/agd/pralki-i-suszarki/pralki/pralka-sharp-es-nfa6101wc-pl-6kg-1000-obr;894.00;894.00;0.00;
2026-09-19 17:27:24;Media Expert;Pralka WHIRLPOOL MTDLR65261BSPLN 6.5kg 60cm 1200obr;WHIRLPOOL;Pralki;-;https://www.mediaexpert.pl/agd/pralki-i-suszarki/pralki/pralka-whirlpool-mtdlr-65261bs-pl-n-6-5kg-1200-obr;1649.00;1769.00;1659.99;ME0109-300926
2026-09-19 17:27:24;Media Expert;Pralka ELECTROLUX 500 TimeCare EW2TN5261FP 6kg 60cm 1200obr;ELECTROLUX;Pralki;-;https://www.mediaexpert.pl/agd/pralki-i-suszarki/pralki/pralka-electrolux-ew2tn5261fp-6-kg-1200-obr;1338.98;1399.00;1338.99;ME0709-300926
2026-09-19 17:27:24;Media Expert;Suszarka BEKO b300 XBM3T49249M 58.6 cm;BEKO;Suszarki;-;https://www.mediaexpert.pl/agd/pralki-i-suszarki/suszarki/suszarka-beko-xbm3t49249m-z-pompa-ciepla-9-kg;2597.00;2699.99;2597.99;ME0709-300926
2026-09-19 17:27:24;Media Expert;Suszarka BOSCH Serie 8 WRB247CXPL  61.3 cm Sterowanie smartfonem;BOSCH;Suszarki;-;https://www.mediaexpert.pl/agd/pralki-i-suszarki/suszarki/suszarka-bosch-wrb247cxpl-serie-8-z-pompa-ciepla;5199.00;5799.99;5498.99;ME0809-300926
2026-09-19 17:27:25;Media Expert;Suszarka HAIER X11 HD90-BQ397U1-S 66 cm Sterowanie smartfonem;HAIER;Suszarki;-;https://www.mediaexpert.pl/agd/pralki-i-suszarki/suszarki/suszarka-haier-x11-hd90-bq397u1-s-z-pompa-ciepla;5029.99;5301.00;5034.98;ME0709-300926
2026-09-19 17:27:25;Media Expert;Suszarka BOSCH Serie 4 WTH85V9SPL 61.3 cm;BOSCH;Suszarki;-;https://www.mediaexpert.pl/agd/pralki-i-suszarki/suszarki/suszarka-bosch-wth85v9spl-serie-4-z-pompa-ciepla;1899.99;2499.99;2394.99;PNU1809-1510
2026-09-19 17:27:25;Media Expert;Pralko-suszarka XIAOMI Mijia WD090MJA11EU 54.5 cm Funkcje AI Sterowanie smartfonem;XIAOMI;Pralko-suszarki;-;https://www.mediaexpert.pl/agd/pralki-i-suszarki/pralko-suszarki/pralko-suszarka-xiaomi-mijia-wd090mja11eu;2064.98;2299.00;2064.99;ME1609-031026
2026-09-19 17:27:25;Media Expert;Zmywarka WHIRLPOOL WFC3C33FX Technologia 6.Zmysł Autootwieranie drzwi 60cm;WHIRLPOOL;Zmywarki;-;https://www.mediaexpert.pl/agd/zmywarki-i-akcesoria/zmywarki/zmywarka-whirlpool-wfc-3c33-f-x;1607.00;1699.99;1617.00;ME0709-190926
2026-09-19 17:27:26;Media Expert;Zmywarka WHIRLPOOL WSFC3M27X Technologia 6. Zmysł 45cm Inox;WHIRLPOOL;Zmywarki;-;https://www.mediaexpert.pl/agd/zmywarki-i-akcesoria/zmywarki/zmywarka-whirlpool-wsfc-3m27-x;1199.99;1399.99;1374.00;ME1709-091026
2026-09-19 17:27:26;Media Expert;Zmywarka BEKO bPRO500 BDFN26440WP PowerIntense Autootwieranie drzwi 60cm Biały;BEKO;Zmywarki;-;https://www.mediaexpert.pl/agd/zmywarki-i-akcesoria/zmywarki/zmywarka-beko-bdfn26440wp;1683.00;2019.99;1684.00;ME0609-300926
2026-09-19 17:27:26;Media Expert;Zmywarka CANDY Rapido CF 6B2S3PSX Wash&dry 35', Smart Sensor - czujnik załadunku, Smart Door - automatycznie otwierane drzwi, hOn;CANDY;Zmywarki;-;https://www.mediaexpert.pl/agd/zmywarki-i-akcesoria/zmywarki/zmywarka-candy-rapido-cf-6b2s3psx;1999.00;2373.49;2019.99;ME0609-300926
2026-09-19 17:27:26;Media Expert;Zmywarka CANDY Rapido CP 6E51LW Połowa załadunku, Funkcja Express, Wash&dry 35';CANDY;Zmywarki;-;https://www.mediaexpert.pl/agd/zmywarki-i-akcesoria/zmywarki/zmywarka-candy-cp-6e51lw;1049.00;1049.00;0.00;
2026-09-19 17:27:27;Media Expert;Kuchnia AMICA 58GET3.33PAHZPTAPFA(BM) Termoobieg Pizza 280˚C;AMICA;Kuchnie;-;https://www.mediaexpert.pl/agd/kuchnie/kuchnie-wolnostojace/kuchnia-amica-58get3-33pahzptapfa-bm-pizza;1397.76;1749.99;1397.77;RW0109-3009
2026-09-19 17:27:27;Media Expert;Kuchnia AMICA 57CE3.315HTA(BM) Termoobieg Wyświetlacz elektroniczny;AMICA;Kuchnie;-;https://www.mediaexpert.pl/agd/kuchnie/kuchnie-wolnostojace/kuchnia-amica-57ce3-315hta-bm;1749.00;1849.00;1848.99;ME1409-031026
2026-09-19 17:27:27;Media Expert;Kuchnia AMICA 6226IED3.381TsDpHb(Xx) Termoobieg Timer;AMICA;Kuchnie;-;https://www.mediaexpert.pl/agd/kuchnie/kuchnie-wolnostojace/kuchnia-amica-6226ied3-381tsdphb-xx;2609.00;2898.99;2609.99;ME1609-031026
2026-09-19 17:27:27;Media Expert;Kuchnia AMICA 58GES2.33HZpTaF(Xsx) Czyszczenie parowe Termoobieg;AMICA;Kuchnie;-;https://www.mediaexpert.pl/agd/kuchnie/kuchnie-wolnostojace/58ges2-33hzptaf-xsx;1399.00;1399.00;0.00;
2026-09-19 17:27:27;Media Expert;Kuchenka mikrofalowa z AIRFRY SAMSUNG BESPOKE MC32DB7746KCE2 Gotowanie na parze termoobieg sterowanie aplikacją 1400W;SAMSUNG;Mikrofalówki;-;https://www.mediaexpert.pl/agd-male/do-kuchni/kuchnie-mikrofalowe/kuchenka-mikrofalowa-samsung-bespoke-mc32db7746kce2-32l-z-termoobiegiem-wifi;1119.00;1249.00;1249.00;ME1809-031026
2026-09-19 17:27:28;Media Expert;Kuchenka mikrofalowa SAMSUNG MG23K3575AS/EO 800W średnica 28.8 cm pojemność 23L Keep Warm System TDS Srebrny;SAMSUNG;Mikrofalówki;-;https://www.mediaexpert.pl/agd-male/do-kuchni/kuchnie-mikrofalowe/kuchenka-mikrofalowa-samsung-mg23k3575as-eo;574.00;574.00;0.00;
2026-09-19 17:27:28;Media Expert;Zamrażarka skrzyniowa CANDY CCHH 200EB 196l;CANDY;Zamrażarki;-;https://www.mediaexpert.pl/agd/lodowki-i-zamrazarki/zamrazarki/zamrazarka-candy-cchh-200eb;999.95;1109.99;999.96;RW0109-3009
2026-09-19 17:27:28;Media Expert;Zamrażarka skrzyniowa BEKO  CF316EWN 308l Szybkie zamrażanie;BEKO;Zamrażarki;-;https://www.mediaexpert.pl/agd/lodowki-i-zamrazarki/zamrazarki/zamrazarka-beko-cf316ewn;1089.99;1399.00;1290.00;ME0709-300926
2026-09-19 17:27:28;Media Expert;Łącznik do pralek i suszarek AEG A1WYHSK2 z wysuwaną półką;AEG;Łączniki pralek i suszarek;-;https://www.mediaexpert.pl/agd/pralki-i-suszarki/laczniki-pralek-i-suszarek/lacznik-aeg-a1wyhsk2;329.98;349.99;329.99;AK1809-1909
2026-09-19 17:27:29;Media Expert;Piekarnik HISENSE HO66MB PizzaChef Elektryczny Czarny matowy A++;HISENSE;Piekarniki do zabudowy;-;https://www.mediaexpert.pl/agd-do-zabudowy/piekarniki-do-zabudowy/piekarnik-hisense-ho66mb-pizzachef-elektryczny-czarny-matowy-a;3489.99;3799.99;3490.00;RW0109-3009
2026-09-19 17:27:29;Media Expert;Piekarnik SAMSUNG NV68A1140BK EO Elektryczny Czarny A;SAMSUNG;Piekarniki do zabudowy;-;https://www.mediaexpert.pl/agd-do-zabudowy/piekarniki-do-zabudowy/piekarnik-samsung-nv68a1140bk-eo-elektryczny-czarny-a;1199.00;1499.99;1389.00;WRZESIEN1809
2026-09-19 17:27:29;Media Expert;Piekarnik GORENJE BSA6747A04BG Elektryczny Czarny A+ Funkcja Pizza, termosonda;GORENJE;Piekarniki do zabudowy;-;https://www.mediaexpert.pl/agd-do-zabudowy/piekarniki-do-zabudowy/piekarnik-gorenje-bsa6747a04bg-elektryczny-czarny-a;1748.00;2199.00;1749.00;ME1209-031026
2026-09-19 17:27:29;Media Expert;Piekarnik AMICA ED37219X X-TYPE Elektryczny Inox A;AMICA;Piekarniki do zabudowy;-;https://www.mediaexpert.pl/agd-do-zabudowy/piekarniki-do-zabudowy/piekarnik-amica-ed37219x-x-type;1299.00;1349.00;1349.00;ME1409-031026
2026-09-19 17:27:30;Media Expert;Piekarnik AMICA ED47636BA+ X-TYPE OpenUp Elektryczny parowy Czarny A+;AMICA;Piekarniki do zabudowy;-;https://www.mediaexpert.pl/agd-do-zabudowy/piekarniki-do-zabudowy/piekarnik-amica-ed47636ba-x-type-openup-elektryczny-parowy-czarny-a;1848.99;1999.00;1849.00;ME1309-031026
2026-09-19 17:27:30;Media Expert;Piekarnik GORENJE BOS67371CLB Elektryczny Czarny A;GORENJE;Piekarniki do zabudowy;-;https://www.mediaexpert.pl/agd-do-zabudowy/piekarniki-do-zabudowy/piekarnik-gorenje-bos67371clb-elektryczny-czarny-a;1639.00;1749.00;1648.99;ME1409-031026
2026-09-19 17:27:30;Media Expert;Piekarnik AMICA ED37616B X-TYPE Elektryczny Czarny A;AMICA;Piekarniki do zabudowy;-;https://www.mediaexpert.pl/agd-do-zabudowy/piekarniki-do-zabudowy/piekarnik-amica-ed37616b-x-type-56915;1399.00;1399.00;0.00;
2026-09-19 17:27:30;Media Expert;Płyta indukcyjna HISENSE HI6442BSCWF SlimFit Gentle Heat HoodSync;HISENSE;Płyty do zabudowy;-;https://www.mediaexpert.pl/agd-do-zabudowy/plyty-do-zabudowy/plyta-indukcyjna-hisense-hi6442bscwf;1898.00;2299.00;1899.00;ME1409-031026
2026-09-19 17:27:30;Media Expert;Płyta indukcyjna BOSCH PVQ61CHB1E Czarny mat;BOSCH;Płyty do zabudowy;-;https://www.mediaexpert.pl/agd-do-zabudowy/plyty-do-zabudowy/plyta-indukcyjna-bosch-pvq61chb1e;2448.98;2499.99;2448.99;ME1509-031026
2026-09-19 17:27:31;Media Expert;Płyta indukcyjna AMICA PIDH6141PHTSUN 3.0;AMICA;Płyty do zabudowy;-;https://www.mediaexpert.pl/agd-do-zabudowy/plyty-do-zabudowy/plyta-indukcyjna-amica-pidh6141phtsun-3-0;1749.00;1799.00;1799.00;ME1409-031026
2026-09-19 17:27:31;Media Expert;Płyta indukcyjna HISENSE I6443C sterowanie Slider Touch;HISENSE;Płyty do zabudowy;-;https://www.mediaexpert.pl/agd-do-zabudowy/plyty-do-zabudowy/plyta-indukcyjna-hisense-i6433c-1;1698.00;1799.99;1698.99;ME1409-031026
2026-09-19 17:27:31;Media Expert;Płyta indukcyjna ELECTROLUX SenseBoil 700 EIS82453;ELECTROLUX;Płyty do zabudowy;-;https://www.mediaexpert.pl/agd-do-zabudowy/plyty-do-zabudowy/plyta-indukcyjna-electrolux-senseboil-700-eis82453;2948.00;3698.95;2948.99;ME1409-031026
2026-09-19 17:27:31;Media Expert;Płyta indukcyjna MIDEA MIH740F238K0;MIDEA;Płyty do zabudowy;-;https://www.mediaexpert.pl/agd-do-zabudowy/plyty-do-zabudowy/plyta-indukcyjna-midea-mih740f238k0;799.99;799.99;0.00;
2026-09-19 17:27:32;Media Expert;Płyta gazowa HISENSE GG663B żeliwne ruszty;HISENSE;Płyty do zabudowy;-;https://www.mediaexpert.pl/agd-do-zabudowy/plyty-do-zabudowy/plyta-gazowa-hisense-gg663b;1048.00;1149.99;1049.00;ME1409-031026
2026-09-19 17:27:32;Media Expert;Płyta gazowa AEG HGB64420SM;AEG;Płyty do zabudowy;-;https://www.mediaexpert.pl/agd-do-zabudowy/plyty-do-zabudowy/plyta-gazowa-aeg-hgb64420sm-1;798.00;846.99;798.99;ME1109-031026
2026-09-19 17:27:32;Media Expert;Płyta gazowa SMEG SR264XGH2;SMEG;Płyty do zabudowy;-;https://www.mediaexpert.pl/agd-do-zabudowy/plyty-do-zabudowy/plyta-gazowa-smeg-sr264xgh2;1899.00;2162.00;2162.00;ME1409-031026
2026-09-19 17:27:32;Media Expert;Zmywarka BEKO b100 BRI63491 Program szybki 60cm;BEKO;Zmywarki do zabudowy;-;https://www.mediaexpert.pl/agd-do-zabudowy/zmywarki-do-zabudowy/zmywarka-beko-bri63491;899.99;1099.99;997.99;ME1709-091026
2026-09-19 17:27:33;Media Expert;Zmywarka BOSCH SMV4EVX08E;BOSCH;Zmywarki do zabudowy;-;https://www.mediaexpert.pl/agd-do-zabudowy/zmywarki-do-zabudowy/zmywarka-bosch-smv4evx08e;2199.99;2349.99;2349.99;ME0709-300926
2026-09-19 17:27:33;Media Expert;Zmywarka CANDY Brava CDIH 2D949 45cm Aqua Stop;CANDY;Zmywarki do zabudowy;-;https://www.mediaexpert.pl/agd-do-zabudowy/zmywarki-do-zabudowy/zmywarka-candy-cdih-2d949;1049.00;1219.00;1098.00;ME0609-300926
2026-09-19 17:27:33;Media Expert;Zmywarka WHIRLPOOL WBC3C26B Technologia 6. Zmysł Autootwieranie drzwi 60cm;WHIRLPOOL;Zmywarki do zabudowy;-;https://www.mediaexpert.pl/agd-do-zabudowy/zmywarki-do-zabudowy/zmywarka-whirlpool-wbc-3c26-b;1438.99;1519.00;1439.00;ME1609-031026
2026-09-19 17:27:33;Media Expert;Zmywarka AMICA DIM66C7EBOITH MaxiSpace3;AMICA;Zmywarki do zabudowy;-;https://www.mediaexpert.pl/agd-do-zabudowy/zmywarki-do-zabudowy/zmywarka-amica-dim66c7eboith;1648.00;1859.00;1649.00;ME0609-300926
2026-09-19 17:27:33;Media Expert;Zmywarka HAIER I-PRO SHINE Seria 4 XS 4A4M3PB1 Ramię H-spray PowerWash;HAIER;Zmywarki do zabudowy;-;https://www.mediaexpert.pl/agd-do-zabudowy/zmywarki-do-zabudowy/zmywarka-haier-xs-4a4m3pb1-ai;2789.00;3699.00;2799.00;ME0709-190926
2026-09-19 17:27:34;Media Expert;Zmywarka ELECTROLUX 500 KL52E100S;ELECTROLUX;Zmywarki do zabudowy;-;https://www.mediaexpert.pl/agd-do-zabudowy/zmywarki-do-zabudowy/zmywarka-electrolux-500-kl52e100s;1399.00;1449.00;1449.00;ME0609-300926
2026-09-19 17:27:34;Media Expert;Zmywarka BEKO MEDIN3854A PowerIntense Autodozowanie Autootwieranie drzwi 60cm;BEKO;Zmywarki do zabudowy;-;https://www.mediaexpert.pl/agd-do-zabudowy/zmywarki-do-zabudowy/zmywarka-beko-medin3854a;2045.00;2045.00;0.00;
2026-09-19 17:27:34;Media Expert;Lodówka SAMSUNG BRB80F26DEF0EO No frost AI Energy Mode 177.5cm;SAMSUNG;Lodówki do zabudowy;-;https://www.mediaexpert.pl/agd-do-zabudowy/lodowki-i-zamrazarki-do-zabudowy/lodowki-do-zabudowy/lodowka-samsung-brb80f26def0eo-ai;2998.96;3399.99;2998.97;RW0109-3009
2026-09-19 17:27:34;Media Expert;Lodówka CANDY Fresco ECNBQT3519EW No frost 193.5cm;CANDY;Lodówki do zabudowy;-;https://www.mediaexpert.pl/agd-do-zabudowy/lodowki-i-zamrazarki-do-zabudowy/lodowki-do-zabudowy/lodowka-candy-ecnbqt3519ew;2184.99;2499.00;2238.99;ME0709-300926
2026-09-19 17:27:35;Media Expert;Lodówka LIEBHERR ICNd 5133 No Frost 177cm;LIEBHERR;Lodówki do zabudowy;-;https://www.mediaexpert.pl/agd-do-zabudowy/lodowki-i-zamrazarki-do-zabudowy/lodowki-do-zabudowy/lodowka-liebherr-icnd-5133-plus-no-frost;7599.99;7599.99;0.00;
2026-09-19 17:27:35;Media Expert;Lodówka BOSCH KIL82VFE0 177.2cm;BOSCH;Lodówki do zabudowy;-;https://www.mediaexpert.pl/agd-do-zabudowy/lodowki-i-zamrazarki-do-zabudowy/lodowki-do-zabudowy/lodowka-bosch-kil82vfe0;3294.99;3999.00;3298.98;ME0809-300926
2026-09-19 17:27:35;Media Expert;Okap AKPO WK-4 Dandys Gold 60 Czarny 72dB klasa B;AKPO;Okapy;-;https://www.mediaexpert.pl/agd-do-zabudowy/okapy-do-zabudowy/okap-akpo-wk-4-dandys-gold-60-czarny;374.00;438.00;374.98;ME1909-031026
2026-09-19 17:27:35;Media Expert;Okap AKPO WK-4 Clarus 60 T300 Biały 68dB klasa B;AKPO;Okapy;-;https://www.mediaexpert.pl/agd-do-zabudowy/okapy-do-zabudowy/okap-akpo-wk-4-clarus-60-t300-bialy;349.00;388.99;388.99;ME1509-031026
2026-09-19 17:27:36;Media Expert;Okap AKPO WK-9 Saturn 60 Pro Czarny 399.5m3/h 61dB klasa D;AKPO;Okapy;-;https://www.mediaexpert.pl/agd-do-zabudowy/okapy-do-zabudowy/okap-akpo-wk-9-saturn-60-pro-czarny-399-5m3-h-61db-klasa-d;579.00;679.00;679.00;ME1509-031026
2026-09-19 17:27:36;Media Expert;Okap AKPO WK-4 Balmera WL Złoty 451.3m3/h 68dB klasa C;AKPO;Okapy;-;https://www.mediaexpert.pl/agd-do-zabudowy/okapy-do-zabudowy/okap-akpo-wk-4-balmera-wl-zloty;949.00;1135.00;999.00;ME1509-031026
2026-09-19 17:27:36;Media Expert;Okap ELICA Spot NG IX/A/90 Inox 368m3/h 62dB klasa D;ELICA;Okapy;-;https://www.mediaexpert.pl/agd-do-zabudowy/okapy-do-zabudowy/okap-elica-spot-ng-ix-a-90-inox;759.00;949.00;899.99;ME1809-031026
2026-09-19 17:27:36;Media Expert;Okap AKPO WK-7 Light Glass Eco 60 Czarny 70dB klasa B;AKPO;Okapy;-;https://www.mediaexpert.pl/agd-do-zabudowy/okapy-do-zabudowy/okap-akpo-wk-7-light-glass-eco-60-czarny;328.99;379.99;329.99;ME1509-031026
2026-09-19 17:27:37;Media Expert;Okap GLOBALO Teslo 60.1 Czarny 575m3/h 66dB klasa B;GLOBALO;Okapy;-;https://www.mediaexpert.pl/agd-do-zabudowy/okapy-do-zabudowy/okap-global-teslo-60-1-czarny;994.00;1059.00;1059.00;ME1809-031026
2026-09-19 17:27:37;Media Expert;Okap AMICA OSC5212B Czarny 171m3/h 63dB klasa C;AMICA;Okapy;-;https://www.mediaexpert.pl/agd-do-zabudowy/okapy-do-zabudowy/osc5212b;214.00;249.00;219.00;ME1809-031026
2026-09-19 17:27:37;Media Expert;Okap AKPO WK-7 P 3060 Szary 289.4m3/h 74dB klasa C;AKPO;Okapy;-;https://www.mediaexpert.pl/agd-do-zabudowy/okapy-do-zabudowy/okap-akpo-wk-7-p-3060-szary-289-4m3-h-74db-klasa-c;239.00;254.99;254.99;ME1509-031026
2026-09-19 17:27:37;Media Expert;Okap AMICA OMC5651B HC Czarny 415m3/h 62dB klasa A Timer;AMICA;Okapy;-;https://www.mediaexpert.pl/agd-do-zabudowy/okapy-do-zabudowy/okap-amica-omc5651b-hc;1219.00;1299.00;1299.00;ME1809-031026
2026-09-19 17:27:37;Media Expert;Okap ELECTROLUX LFG818W Biały 650m3/h 57dB klasa A;ELECTROLUX;Okapy;-;https://www.mediaexpert.pl/agd-do-zabudowy/okapy-do-zabudowy/okap-electrolux-lfg818w-bialy-650m3-h-57db-klasa-a;1939.00;2419.00;2158.00;ME1809-031026
2026-09-19 17:27:38;Media Expert;Okap HAIER HAPY52ES6BEE Czarny 660m3/h 68dB klasa B;HAIER;Okapy;-;https://www.mediaexpert.pl/agd-do-zabudowy/okapy-do-zabudowy/okap-haier-hapy52es6bee-czarny-660m3-h-68db-klasa-b;784.00;899.00;849.98;ME1809-031026
2026-09-19 17:27:38;Media Expert;Okap AMICA OMP6253BG Czarny 389m3/h 65dB klasa C;AMICA;Okapy;-;https://www.mediaexpert.pl/agd-do-zabudowy/okapy-do-zabudowy/okap-amica-omp6253bg;479.00;479.00;0.00;
2026-09-19 17:27:38;Media Expert;Kuchenka mikrofalowa WHIRLPOOL MBNA920B;WHIRLPOOL;Kuchenki mikrofalowe do zabudowy;-;https://www.mediaexpert.pl/agd-do-zabudowy/kuchnie-mikrofalowe-do-zabudowy/kuchenka-mikrofalowa-whirlpool-mbna920b;1049.00;1099.99;1059.00;ME1409-031026
2026-09-19 17:27:38;Media Expert;Kuchenka mikrofalowa AMICA AMMB20E3SGB X-TYPE 800W średnica 25.5 cm pojemność 20L Multiwave system Czarny;AMICA;Kuchenki mikrofalowe do zabudowy;-;https://www.mediaexpert.pl/agd-do-zabudowy/kuchnie-mikrofalowe-do-zabudowy/kuchenka-mikrofalowa-amica-ammb20e3sgb-x-type;1093.99;1149.00;1094.00;ME1609-031026
2026-09-19 17:27:39;Media Expert;Kuchenka mikrofalowa AMICA AMMB25E3SGB X-Type;AMICA;Kuchenki mikrofalowe do zabudowy;-;https://www.mediaexpert.pl/agd-do-zabudowy/kuchnie-mikrofalowe-do-zabudowy/kuchenka-mikrofalowa-amica-ammb25e3sgb-x-type;1347.00;1499.00;1348.00;ME1409-031026
2026-09-19 17:27:39;Media Expert;Pralka do zabudowy SHARP ES-NIB714BWNA-PL 7kg 1400 obr;SHARP;Pralki do zabudowy;-;https://www.mediaexpert.pl/agd-do-zabudowy/pralki-i-suszarki-do-zabudowy/pralki-do-zabudowy/pralka-sharp-es-nib714bwna-pl-7kg-1400-obr;1499.98;1899.99;1499.99;RW1009-3109
2026-09-19 17:27:39;Media Expert;Kuchnia AMICA CHED37319X X-TYPE Powłoka TouchFree;AMICA;Kuchnie do zabudowy;-;https://www.mediaexpert.pl/agd-do-zabudowy/kuchnie-zestawy-do-zabudowy/kuchnia-z-plyta-ceramiczna-amica-ched37319x-x-type;2199.00;2399.00;2399.00;ME1409-031026
2026-09-19 17:27:39;Media Expert;Odkurzacz pionowy TINECO Floor One S7 Artist Premium Bezprzewodowy;TINECO;Odkurzacze pionowe;-;https://www.mediaexpert.pl/agd-male/sprzatanie/odkurzacze-pionowe/odkurzacz-pionowy-z-funkcja-mycia-tineco-floor-one-s7-artist-premium;1596.00;2299.00;1597.00;ME0209-270926
2026-09-19 17:27:40;Media Expert;Mop płaski KARCHER TTS Ray Infinity 9.212-034.0;KARCHER;Mopy;-;https://www.mediaexpert.pl/dom/utrzymanie-czystosci/szczotki-mopy-scierki-wiadra/mop-plaski-karcher-tts-ray-infinity-9-212-034-0;239.99;279.00;279.00;ME0109-300926
2026-09-19 17:27:40;Media Expert;Żelazko GÖTZE & JENSEN IG701 Optimal temperature;GÖTZE & JENSEN;Żelazka;-;https://www.mediaexpert.pl/agd-male/prasowanie-i-pielegnacja-ubran/zelazka/zelazko-gotze-jensen-ig701;169.99;199.99;199.99;PNU1809-2409
2026-09-19 17:27:40;Media Expert;Parownica do ubrań (Steamer) TEFAL DT9814F0 Aerosteam;TEFAL;Parownice do ubrań;-;https://www.mediaexpert.pl/agd-male/prasowanie-i-pielegnacja-ubran/parownice-do-ubran/parownica-do-ubran-steamer-tefal-dt9814f0-aerosteam;398.99;499.99;399.00;ME1309-031026
2026-09-19 17:27:40;Media Expert;Oczyszczacz powietrza TCL Breeva A3WW Biały Wi‑Fi;TCL;Oczyszczacze powietrza;-;https://www.mediaexpert.pl/agd-male/do-domu/oczyszczacze-powietrza/oczyszczacz-powietrza-tcl-breeva-a3ww-bialy;549.00;699.99;599.00;WRZESIEN1809
2026-09-19 17:27:40;Media Expert;Czujnik gazu NEDIS DTCTG10CWT;NEDIS;Czujniki;-;https://www.mediaexpert.pl/dom/inteligentny-dom/detektory/czujnik-gazu-nedis-dtctg10cwt;59.00;89.99;89.99;ME0409-300926
2026-09-19 17:27:41;Media Expert;Wideodomofon EURA VDP-57A3;EURA;Domofony;-;https://www.mediaexpert.pl/dom/inteligentny-dom/zestawy-domofonowe/wideodomofon-eura-vdp-57a3-bialy;879.00;999.99;999.99;ME1009-300926
2026-09-19 17:27:41;Media Expert;Czujnik ruchu NEDIS ZBSM10WT ZigBee;NEDIS;Czujniki;-;https://www.mediaexpert.pl/dom/inteligentny-dom/detektory/czujnik-ruchu-nedis-zbsm10wt-zigbee;59.00;81.86;81.86;ME0409-300926
2026-09-19 17:27:41;Media Expert;Termostat EMOS P5611OT;EMOS;Termostaty elektroniczne;-;https://www.mediaexpert.pl/dom/inteligentny-dom/termostaty-elektroniczne/termostat-emos-p5611ot;239.00;267.78;267.78;ME1009-300926
2026-09-19 17:27:41;Media Expert;Inteligentne gniazdko AVATTO WOT20-FR;AVATTO;Inteligentne gniazdka;-;https://www.mediaexpert.pl/dom/inteligentny-dom/inteligentne-gniazdka-wifi/inteligentne-gniazdko-avatto-wot20-fr;69.00;94.99;94.99;ME1009-300926
2026-09-19 17:27:42;Media Expert;Inteligentna lampa stołowa PHILIPS HUE Iris LED ZigBee Złoty;PHILIPS HUE;Inteligentne oświetlenie;-;https://www.mediaexpert.pl/dom/inteligentny-dom/lampy/lampa-biurkowa-philips-hue-iris-929002376402;519.00;681.35;529.00;ME1009-300926
2026-09-19 17:27:42;Media Expert;Suszarka na pranie LEIFHEIT Pegasus 150 Biało-niebieski;LEIFHEIT;Suszarki na pranie;-;https://www.mediaexpert.pl/agd-male/prasowanie-i-pielegnacja-ubran/suszarki-do-bielizny/suszarka-leifheit-pegasus-150;128.00;149.00;129.99;ME1709-290926
2026-09-19 17:27:42;Media Expert;Ekspres SIEMENS EQ.500 TP551E09 iAroma (Cold Brew dostępne z aplikacji mobilnej);SIEMENS;Ekspresy ciśnieniowe;-;https://www.mediaexpert.pl/agd-male/ekspresy-i-kawa/ekspresy-cisnieniowe/ekspres-siemens-eq-500-tp551e09-iaroma-cold-brew;1999.00;2299.00;2299.00;PNU0409-1510
2026-09-19 17:27:42;Media Expert;Ekspres DELONGHI Maestosa EPAM960.75.GLM Kawa mrożona;DELONGHI;Ekspresy ciśnieniowe;-;https://www.mediaexpert.pl/agd-male/ekspresy-i-kawa/ekspresy-cisnieniowe/ekspres-delonghi-maestos-epam960-75-glm;8998.97;9649.99;8998.98;ME1009-300926
2026-09-19 17:27:43;Media Expert;Ekspres ARIETE 1389-91 car0 Espresso Capri Retro/Vintage;ARIETE;Ekspresy ciśnieniowe;-;https://www.mediaexpert.pl/agd-male/ekspresy-i-kawa/ekspresy-cisnieniowe/ekspres-ariete-capri-13891c;648.99;699.00;649.00;ME0809-300926
2026-09-19 17:27:43;Media Expert;Ekspres SAGE The Barista Touch Impress SES882BSS4FEU1;SAGE;Ekspresy ciśnieniowe;-;https://www.mediaexpert.pl/agd-male/ekspresy-i-kawa/ekspresy-cisnieniowe/ekspres-sage-the-barista-touch-impress-ses882bss4feu1;4518.98;5849.00;4518.99;ME1009-300926
2026-09-19 17:27:43;Media Expert;Pojemnik na kawę KITCHENAID KESRBHS;KITCHENAID;Pozostałe akcesoria do ekspresów;-;https://www.mediaexpert.pl/agd-male/ekspresy-i-kawa/akcesoria-do-ekspresow/pojemnik-na-kawe-kitchenaid-kesrbhs;204.99;204.99;0.00;
2026-09-19 17:27:43;Media Expert;Mikser z misą MPM MMR-26Z/C Czarny;MPM;Miksery ręczne;-;https://www.mediaexpert.pl/agd-male/do-kuchni/miksery-reczne/mikser-z-misa-mpm-mmr-26z-c-czarny;199.99;249.99;249.99;WRZESIEN1809
2026-09-19 17:27:44;Media Expert;Opiekacz MPM MOP-48M;MPM;Opiekacze;-;https://www.mediaexpert.pl/agd-male/do-kuchni/opiekacze/opiekacz-mpm-mop-48m;54.00;59.99;59.99;ME1409-071026
2026-09-19 17:27:44;Media Expert;Szczoteczka soniczna PHILIPS Sonicare 6500 HX7410/02 Biały;PHILIPS;Szczoteczki elektryczne;-;https://www.mediaexpert.pl/agd-male/zdrowie/szczoteczki-elektryczne/szczoteczka-soniczna-philips-sonicare-6500-hx7410-02-bialy;378.00;399.00;379.00;ME1409-071026
2026-09-19 17:27:44;Media Expert;Kosiarka akumulatorowa BOSCH AdvancedRotak 06008B9F00, 40 cm, 4 Ah, 36 V, silnik bezszczotkowy, kosz 50L, 1 akumulator 4 Ah;BOSCH;Kosiarki akumulatorowe;-;https://www.mediaexpert.pl/dom-i-ogrod/kosiarki-i-podkaszarki/kosiarki-akumulatorowe/kosiarka-akumulatorowa-bosch-advancedrotak-36v-40-650-06008b9f00;2199.00;2349.99;2349.00;ME1109-300926
2026-09-19 17:27:44;Media Expert;Robot koszący WORX Landroid Vision Cloud WR330E Bez przewodu ograniczającego Wi-Fi/Bluetooth 3000 m2;WORX;Roboty koszące;-;https://www.mediaexpert.pl/dom-i-ogrod/kosiarki-i-podkaszarki/roboty-koszace/robot-koszacy-worx-landroid-vision-cloud-wr330e-bez-przewodu-ograniczajacego-wi-fi-bluetooth-3000-m2;10069.99;10069.99;0.00;
2026-09-19 17:27:44;Media Expert;Myjka ciśnieniowa KARCHER K4 Comfort Premium Home Wood 1.324-754.0;KARCHER;Myjki ciśnieniowe;-;https://www.mediaexpert.pl/dom-i-ogrod/myjki-wysokocisnieniowe_i_akcesoria/myjki-wysokocisnieniowe/myjka-cisnieniowa-karcher-k4-comfort-premium-home-wood-1-324-754-0;1179.00;1299.00;1299.00;R3108-300926
2026-09-19 17:27:45;Media Expert;Łańcuch do piły BOSCH F016800489 20 cm;BOSCH_elektronarzedzia;Łańcuchy do piły;-;https://www.mediaexpert.pl/dom-i-ogrod/maszyny-ogrodowe/lancuchy-do-pily/lancuch-do-pily-bosch-f016800489;69.00;79.99;79.99;WYPRZEDAZ-OGROD26
2026-09-19 17:27:45;Media Expert;Łopata szufla FISKARS X-Series 1057189;FISKARS;Łopaty i szpadle;-;https://www.mediaexpert.pl/dom-i-ogrod/narzedzia-ogrodnicze/lopaty-i-szpadle/lopata-fiskars-x-series-1057189;192.99;199.99;199.99;WYPRZEDAZ-OGROD26
2026-09-19 17:27:45;Media Expert;Nóż do kosiarki BOSCH AdvancedRotak 650 F016800495 (42 cm);BOSCH_elektronarzedzia;Noże do kosiarek;-;https://www.mediaexpert.pl/dom-i-ogrod/kosiarki-i-podkaszarki/noze-do-kosiarek/zapasowy-noz-41-42-cm-leaf-collect-gen-5;99.99;119.99;119.99;ME1109-300926
2026-09-19 17:27:45;Media Expert;Lanca KARCHER Vario Power Full Control VP 145 dla K4-K5 2.642-725.0;KARCHER;Akcesoria do myjek ciśnieniowych;-;https://www.mediaexpert.pl/dom-i-ogrod/myjki-wysokocisnieniowe_i_akcesoria/akcesoria-do-myjek-wysokocisnieniowych/vps-middle-fc-vp-145-full-control;119.96;149.99;119.97;RS1909-210926
2026-09-19 17:27:46;Media Expert;Szlifierka stołowa BOSCH Professional GBG 60-20 060127A400 600W 200mm;BOSCH_elektonarzedzia;Szlifierki stołowe;-;https://www.mediaexpert.pl/dom-i-ogrod/elektronarzedzia/szlifierki-wielofunkcyjne/szlifierka-stolowa-bosch-professional-gbg-60-20-060127a400;910.12;1059.00;913.42;ME1109-300926
2026-09-19 17:27:46;Media Expert;Narzędzie wielofunkcyjne BOSCH AdvancedMulti 18 0603104000;BOSCH;Narzędzia wielofunkcyjne;-;https://www.mediaexpert.pl/dom-i-ogrod/elektronarzedzia/narzedzia-wielofunkcyjne/narzedzie-wielofunkcyjne-bosch-advancedmulti-18-0603104000;423.93;499.00;441.19;ME1109-300926
2026-09-19 17:27:46;Media Expert;Szlifierka oscylacyjna BOSCH Professional GSS 20-18 A 0601070101;BOSCH_elektronarzedzia;Szlifierki oscylacyjne;-;https://www.mediaexpert.pl/dom-i-ogrod/elektronarzedzia/szlifierki-oscylacyjne/szlifierka-oscylacyjna-bosch-professional-gss-20-18-a-0601070101;375.00;443.00;376.00;ME1109-300926
2026-09-19 17:27:46;Media Expert;Pilarka stołowa BOSCH Professional GTS 70-216 0601B30600;BOSCH_elektronarzedzia;Pilarki stołowe;-;https://www.mediaexpert.pl/dom-i-ogrod/elektronarzedzia/pilarki-stolowe/pilarka-stolowa-bosch-professional-gts-70-216-0601b30600;2499.00;2728.52;2728.52;ME1109-300926
2026-09-19 17:27:47;Media Expert;Klucz udarowy BOSCH Professional GDS 18V-450 PC 06019K4101;BOSCH_elektronarzedzia;Klucze udarowe i pneumatyczne;-;https://www.mediaexpert.pl/dom-i-ogrod/elektronarzedzia/klucze-udarowe-i-pneumatyczne/klucz-udarowy-bosch-professional-gds-18v-450-pc-06019k4101;982.98;1249.00;982.99;ME1109-300926
2026-09-19 17:27:47;Media Expert;Szlifierka kątowa sieciowa BOSCH Professional GWS 27-230 J;BOSCH;Szlifierki kątowe;-;https://www.mediaexpert.pl/dom-i-ogrod/elektronarzedzia/szlifierki-katowe/szlifierka-katowa-bosch-professional-gws-27-230-j;649.00;819.00;671.00;ME1109-300926
2026-09-19 17:27:47;Media Expert;Młot udarowo-obrotowy BOSCH Professional GBH 18V-26 0615990M3N;BOSCH_elektronarzedzia;Młoty udarowo-obrotowe;-;https://www.mediaexpert.pl/dom-i-ogrod/elektronarzedzia/mloty-udarowo-obrotowe/mlot-udarowo-obrotowy-bosch-gbh-18v-26-1;1899.00;2069.99;1926.00;ME1109-300926
2026-09-19 17:27:47;Media Expert;Szlifierka kątowa akumulatorowa BOSCH Professional GWX 18V-10 SC 06017B0400;BOSCH_elektronarzedzia;Szlifierki kątowe;-;https://www.mediaexpert.pl/dom-i-ogrod/elektronarzedzia/szlifierki-katowe/gwx-18v-10-sc-125-mm-solo;1199.00;1499.99;1395.00;ME1109-300926
2026-09-19 17:27:47;Media Expert;Opalarka BOSCH Professional GHG 23-66 06012A6300;BOSCH_elektronarzedzia;Opalarki;-;https://www.mediaexpert.pl/dom-i-ogrod/elektronarzedzia/opalarki/opalarka-bosch-professional-ghg-23-66-06012a6300;631.00;749.00;632.00;ME1109-300926
2026-09-19 17:27:48;Media Expert;Pilarka tarczowa BOSCH GKS 85G;BOSCH_elektronarzedzia;Pilarki tarczowe;-;https://www.mediaexpert.pl/dom-i-ogrod/elektronarzedzia/pilarki-tarczowe/pilarka-bosch-gks-85g;1299.00;1597.00;1529.99;ME1109-300926
2026-09-19 17:27:48;Media Expert;Wiertarko-wkrętarka BOSCH Professional GSR 12V-35 HX 06019J9102 SOLO;BOSCH_elektronarzedzia;Wiertarko - wkrętarki;-;https://www.mediaexpert.pl/dom-i-ogrod/elektronarzedzia/wiertarko-wkretarki/wiertarko-wkretarka-bosch-professional-gsr-12v-35-hx-06019j9102;595.00;679.00;596.00;ME1109-300926
2026-09-19 17:27:48;Media Expert;Wkrętak sieciowy BOSCH Professional GTB 650 06014A2000 650W;BOSCH_elektronarzedzia;Wkrętarki;-;https://www.mediaexpert.pl/dom-i-ogrod/elektronarzedzia/wkretarki/wkretarka-bosch-gtb-650;439.00;490.00;490.00;ME1109-300926
2026-09-19 17:27:48;Media Expert;Pilarka tarczowa BOSCH GKS 18V-68 06016C9000;BOSCH_elektronarzedzia;Pilarki tarczowe;-;https://www.mediaexpert.pl/dom-i-ogrod/elektronarzedzia/pilarki-tarczowe/pilarka-tarczowa-bosch-gks-18v-68-06016c9000;1390.00;1859.99;1393.00;ME1109-300926
2026-09-19 17:27:49;Media Expert;Gwoździarka akumulatorowa BOSCH Professional GNH 18V-64 MD 0601482201;BOSCH_elektronarzedzia;Gwoździarki;-;https://www.mediaexpert.pl/dom-i-ogrod/elektronarzedzia/gwozdziarki/gwozdziarka-akumulatorowa-bosch-professional-gnh-18v-64-md-0601482201;2216.99;2383.19;2217.00;ME1109-300926
2026-09-19 17:27:49;Media Expert;Szlifierka mimośrodowa BOSCH GEX 40-150 060137B202;BOSCH_elektronarzedzia;Szlifierki mimośrodowe;-;https://www.mediaexpert.pl/dom-i-ogrod/elektronarzedzia/szlifierki-mimosrodowe/szlifierka-mimosrodowa-bosch-gex-40-150-1;999.00;1152.87;1003.00;ME1109-300926
2026-09-19 17:27:49;Media Expert;Szlifierka oscylacyjna BOSCH Professional GSS 12V-32 06019L1000;BOSCH_elektronarzedzia;Szlifierki oscylacyjne;-;https://www.mediaexpert.pl/dom-i-ogrod/elektronarzedzia/szlifierki-oscylacyjne/szlifierka-oscylacyjna-bosch-professional-gss-12v-32-06019l1000;1119.00;1327.00;1123.80;ME1109-300926
2026-09-19 17:27:49;Media Expert;Tarcza do cięcia BOSCH 2608603238 230 mm (10 szt.);BOSCH_elektronarzedzia;Tarcze;-;https://www.mediaexpert.pl/dom-i-ogrod/elektronarzedzia/tarcze-do-elektronarzedzi/tarcza-diam-stone-230-22-23-10pc;889.99;959.00;892.00;ME1109-300926
2026-09-19 17:27:50;Media Expert;Zestaw wierteł BOSCH 2608833903 (10 szt.);BOSCH_elektronarzedzia;Wiertła;-;https://www.mediaexpert.pl/dom-i-ogrod/elektronarzedzia/wiertla/zestaw-wiertel-bosch-2608833903-10-szt;165.99;209.99;166.00;ME1109-300926
2026-09-19 17:27:50;Media Expert;Wiertło BOSCH Expert CYL-9 MultiConstruction 2608900606;BOSCH_elektronarzedzia;Wiertła;-;https://www.mediaexpert.pl/dom-i-ogrod/elektronarzedzia/wiertla/wiertlo-bosch-expert-cyl-9-multiconstruction-2608900606;15.99;17.99;17.00;ME1109-300926
2026-09-19 17:27:50;Media Expert;Brzeszczot BOSCH T 118 A (100 szt.);BOSCH_elektronarzedzia;Brzeszczoty;-;https://www.mediaexpert.pl/dom-i-ogrod/elektronarzedzia/brzeszczoty/brzeszczot-bosch-t-118-a;399.99;648.75;509.99;ME1109-300926
2026-09-19 17:27:50;Media Expert;Zestaw wierteł i bitów BOSCH Mac Gyver Mixed Set M (80 szt.);BOSCH;Zestawy akcesoriów do elektronarzędzi;-;https://www.mediaexpert.pl/dom-i-ogrod/elektronarzedzia/zestawy-akcesoriow-do-elektronarzedzi/zestaw-wiertel-i-bitow-bosch-mac-gyver-mixed-set-m-80-szt;129.99;149.99;140.00;ME1109-300926
2026-09-19 17:27:50;Media Expert;Poziomica BOSCH EasySpirit Level 06036670Z0;BOSCH;Poziomice i lasery;-;https://www.mediaexpert.pl/dom-i-ogrod/narzedzia-pomiarowe/poziomice-i-lasery/poziomica-bosch-easyspirit-level-06036670z0;165.06;212.33;212.33;BOSCH-DIY0926L
2026-09-19 17:27:51;Media Expert;Statyw budowlany BOSCH BT170 HD (0601091B00);BOSCH;Stojaki i statywy;-;https://www.mediaexpert.pl/dom-i-ogrod/wyposazenie-warsztatu/stojaki-i-statywy/statyw-budowlany-bosch-bt170-hd-0601091b00;307.43;379.00;307.44;ME1109-300926
2026-09-19 17:27:51;Media Expert;Wkrętak BOSCH Professional 1600A01TG1;BOSCH;Wkrętaki;-;https://www.mediaexpert.pl/dom-i-ogrod/narzedzia-reczne/wkretaki/wkretak-bosch-professional-1600a01tg1;39.80;59.99;47.49;ME1109-300926
2026-09-19 17:27:51;Media Expert;Zestaw wkrętaków BOSCH Professional 1600A01V09 (6 szt.);BOSCH;Wkrętaki;-;https://www.mediaexpert.pl/dom-i-ogrod/narzedzia-reczne/wkretaki/zestaw-wkretakow-bosch-professional-1600a01v09-6-szt;129.98;186.25;129.99;ME1109-300926
2026-09-19 17:27:51;Media Expert;Przewód kamery BOSCH Professional GIC 4/5 Imager 1600A02R6P;BOSCH_elektronarzedzia;Diagnostyka samochodowa;-;https://www.mediaexpert.pl/dom-i-ogrod/wyposazenie-warsztatu/diagnostyka-samochodowa/przewod-kamery-bosch-professional-gic-4-5-imager-1600a02r6p;357.96;456.00;357.97;ME1109-300926
2026-09-19 17:27:52;Media Expert;Stół warsztatowy BOSCH Professional GTA 560 60kg;BOSCH_elektronarzedzia;Stoły warsztatowe;-;https://www.mediaexpert.pl/dom-i-ogrod/wyposazenie-warsztatu/stoly-warsztatowe/gta-560;329.00;400.00;341.00;ME1109-300926
2026-09-19 17:27:52;Media Expert;Odkurzacz KARCHER WD 3-18 V-17/20 1.628-550.0;KARCHER;Odkurzacze przemysłowe;-;https://www.mediaexpert.pl/dom-i-ogrod/wyposazenie-warsztatu/odkurzacze-wielofunkcyjne/odkurzacz-karcher-wd-3-18-v-17-20-1-628-550-0;339.99;339.99;0.00;
2026-09-19 17:27:52;Media Expert;Akumulatorki AA 2000 mAh PANASONIC Eneloop (4 szt.) + pudełko;PANASONIC;Akumulatorki;-;https://www.mediaexpert.pl/foto-i-kamery/akcesoria-do-aparatow-i-kamer/akumulatorki/akumulator-eneloop-aa-2000-mah-4-szt-pudelko;74.99;79.99;79.99;ME0209-300926
2026-09-19 17:27:52;Media Expert;Rower miejski INDIANA Moena S7B D17 28 cali damski Czarny 2026;INDIANA;Rowery miejskie;-;https://www.mediaexpert.pl/rowery/rowery-miejskie/rower-miejski-indiana-moena-s7b-28-cali-damski-czarny;899.99;1099.99;999.99;ME2808-300926
2026-09-19 17:27:53;Media Expert;Rower miejski INDIANA Moena S3B 26 cali damski Miętowy;INDIANA;Rowery miejskie;-;https://www.mediaexpert.pl/rowery/rowery-miejskie/rower-miejski-indiana-moena-s3b-26-cali-damski-mietowy;899.99;1049.99;999.99;ME2808-300926
2026-09-19 17:27:53;Media Expert;Rower miejski INDIANA Moena S3B D18 28 cali damski Miętowy;INDIANA;Rowery miejskie;-;https://www.mediaexpert.pl/rowery/rowery-miejskie/rower-miejski-indiana-moena-s3b-28-cali-damski-mietowy;899.99;1049.99;999.99;ME2808-300926
2026-09-19 17:27:53;Media Expert;Rower miejski INDIANA Moena S7B 28 cali damski Lazurowy;INDIANA;Rowery miejskie;-;https://www.mediaexpert.pl/rowery/rowery-miejskie/rower-miejski-indiana-moena-s7b-28-cali-damski-lazurowy;899.99;1099.99;1099.99;ME2808-300926
2026-09-19 17:27:53;Media Expert;Rower miejski MBM Apostrophe 806 6B 28 cali męski Piaskowy;MBM;Rowery miejskie;-;https://www.mediaexpert.pl/rowery/rowery-miejskie/rower-miejski-mbm-apostrophe-806-6b-28-cali-meski-piaskowy;599.99;1299.97;699.98;ME2808-300926
2026-09-19 17:27:54;Media Expert;Rower górski MTB INDIANA X-Pulser 1.9 M19 29 cali męski Grafitowo-beżowy;INDIANA;Rowery MTB górskie;-;https://www.mediaexpert.pl/rowery/rowery-mtb/rower-gorski-mtb-indiana-x-pulser-1-9-m19-29-cali-meski-grafitowo-bezowy;1199.99;2299.99;1299.99;WYPRZEDAZ-ROWERY
2026-09-19 17:27:54;Media Expert;Rower górski MTB SIROX Tornado M18 27.5 cale Czarno-pomarańczowy;SIROX;Rowery MTB górskie;-;https://www.mediaexpert.pl/rowery/rowery-mtb/rower-gorski-mtb-sirox-tornado-m18-27-5-cale-czarno-pomaranczowy;749.99;1599.99;1599.99;ME2808-300926
2026-09-19 17:27:54;Media Expert;Rower górski MTB INDIANA X-Pulser 1.6 D17 26 cali damski Biało-różowy;INDIANA;Rowery MTB górskie;-;https://www.mediaexpert.pl/rowery/rowery-mtb/rower-gorski-mtb-indiana-x-pulser-1-6-d17-26-cali-damski-bialo-rozowy;999.99;1399.99;1099.99;ME2808-300926
2026-09-19 17:27:54;Media Expert;Rower górski MTB INDIANA X-Pulser 1.9 M17 29 cali męski Czerwony;INDIANA;Rowery MTB górskie;-;https://www.mediaexpert.pl/rowery/rowery-mtb/rower-gorski-mtb-indiana-x-pulser-1-9-m17-29-cali-meski-czerwony;899.99;1399.99;1199.99;ME0809-300926
2026-09-19 17:27:54;Media Expert;Rower górski MTB INDIANA X-Pulser 3.7 M17 27.5 cala męski Czarno-brązowy;INDIANA;Rowery MTB górskie;-;https://www.mediaexpert.pl/rowery/rowery-mtb/rower-gorski-mtb-indiana-x-pulser-3-7-m17-27-5-cala-meski-czarno-brazowy;1799.99;2399.99;1999.99;ME2808-300926
2026-09-19 17:27:55;Media Expert;Rower górski MTB KROSS Level 2.0 M17 29 cali męski Granatowo-czerwony;KROSS;Rowery MTB górskie;-;https://www.mediaexpert.pl/rowery/rowery-mtb/rower-gorski-mtb-kross-level-2-0-m17-29-cali-meski-granatowo-czerwony;1899.99;2499.99;2099.99;ME2808-300926
2026-09-19 17:27:55;Media Expert;Rower górski MTB INDIANA X-Pulser 2.6 D17 26 cali damski Miętowo-biały;INDIANA;Rowery MTB górskie;-;https://www.mediaexpert.pl/rowery/rowery-mtb/rower-gorski-mtb-indiana-x-pulser-2-6-d17-26-cali-damski-mietowo-bialy-2;1199.99;1699.99;1399.99;ME2808-300926
2026-09-19 17:27:55;Media Expert;Rower górski MTB KROSS XPRT 9.2 M20 29 cali męski Niebiesko-grafitowy;KROSS;Rowery MTB górskie;-;https://www.mediaexpert.pl/rowery/rowery-mtb/rower-gorski-mtb-kross-xprt-9-2-m20-29-cali-meski-niebiesko-grafitowy;1999.99;2599.99;2099.98;ME2808-300926
2026-09-19 17:27:55;Media Expert;Rower górski MTB INDIANA X-Pulser 2.6 D19 26 cali damski Miętowo-biały;INDIANA;Rowery MTB górskie;-;https://www.mediaexpert.pl/rowery/rowery-mtb/rower-gorski-mtb-indiana-x-pulser-2-6-d19-26-cali-damski-mietowo-bialy-1;1199.99;1699.99;1399.99;ME2808-300926
2026-09-19 17:27:56;Media Expert;Rower górski MTB INDIANA X-Pulser 2.6 M19 26 cali męski Niebiesko-żółty;INDIANA;Rowery MTB górskie;-;https://www.mediaexpert.pl/rowery/rowery-mtb/rower-gorski-mtb-indiana-x-pulser-2-6-m19-26-cali-meski-niebiesko-zolty;1139.99;1299.99;1299.99;ME0809-300926
2026-09-19 17:27:56;Media Expert;Rower górski MTB INDIANA X-Pulser 2.9 D15 27 cali damski Różowo-złoto-fioletowy;INDIANA;Rowery MTB górskie;-;https://www.mediaexpert.pl/rowery/rowery-mtb/rower-gorski-mtb-indiana-x-pulser-2-9-d15-27-cali-damski-rozowo-zloto-fioletowy;1699.99;2199.99;1799.00;ME2808-300926
2026-09-19 17:27:56;Media Expert;Rower górski MTB ROMET Rambler R7.1 U17 27.5 cala Granatowy;ROMET;Rowery MTB górskie;-;https://www.mediaexpert.pl/rowery/rowery-mtb/rower-gorski-mtb-romet-rambler-r7-1-u17-27-5-cala-granatowy;1399.99;2399.99;2399.99;ME2808-300926
2026-09-19 17:27:56;Media Expert;Rower górski MTB ROMET Rambler R7.4 A U20 27.5 cala Grafitowo-srebrno-turkusowy;ROMET;Rowery MTB górskie;-;https://www.mediaexpert.pl/rowery/rowery-mtb/rower-gorski-mtb-romet-rambler-r7-4-u20-27-5-cala-grafitowo-srebrno-turkusowy;1899.99;3299.99;3299.99;ME2808-300926
2026-09-19 17:27:57;Media Expert;Rower górski MTB ROMET Rambler R7.3 B U18 27.5 cala Niebiesko-żółty;ROMET;Rowery MTB górskie;-;https://www.mediaexpert.pl/rowery/rowery-mtb/rower-gorski-mtb-romet-rambler-r7-3-b-u18-27-5-cala-niebiesko-zolty;1798.99;3299.99;1799.99;ME2808-300926
2026-09-19 17:27:57;Media Expert;Rower górski MTB TORPADO Devon 1.0 M19 27.5 cala męski Czarno-żółty;TORPADO;Rowery MTB górskie;-;https://www.mediaexpert.pl/rowery/rowery-mtb/rower-gorski-mtb-torpado-devon-1-0-m19-27-5-cala-meski-czarno-zolty;2899.99;3599.99;3599.99;ME2808-300926
2026-09-19 17:27:57;Media Expert;Rower górski MTB ROMET Monsun 3.0 29211349-B U21 29 cali Szary;ROMET;Rowery MTB górskie;-;https://www.mediaexpert.pl/rowery/rowery-mtb/rower-gorski-mtb-romet-monsun-3-0-29211349-b-u21-29-cali-szary;4999.99;6939.99;6939.99;ME2808-300926
2026-09-19 17:27:57;Media Expert;Rower górski MTB ROMET Monsun 2.1 29212266-C U21 29 cali Czarny;ROMET;Rowery MTB górskie;-;https://www.mediaexpert.pl/rowery/rowery-mtb/rower-gorski-mtb-romet-monsun-2-1-29212266-c-u21-29-cali-czarny;4799.99;6999.99;6999.99;ME2808-300926
2026-09-19 17:27:57;Media Expert;Rower górski MTB ROMET Mustang 4.1 U20 29 cali Zielony;ROMET;Rowery MTB górskie;-;https://www.mediaexpert.pl/rowery/rowery-mtb/rower-gorski-mtb-romet-mustang-4-1-u20-29-cali-zielony;3999.99;5299.99;5299.99;ME2808-300926
2026-09-19 17:27:58;Media Expert;Rower górski MTB INDIANA X-Pulser 2.9 M23 29 cali Kenda męski Czarno-czerwony;INDIANA;Rowery MTB górskie;-;https://www.mediaexpert.pl/rowery/rowery-mtb/rower-gorski-mtb-indiana-x-pulser-2-9-m23-29-cali-meski-czarno-czerwony-3;1199.99;2199.99;1599.99;ME2808-300926
2026-09-19 17:27:58;Media Expert;Rower górski MTB INDIANA X-Pulser 3.7 D19 27.5 cala damski Czarno-fuksjowy;INDIANA;Rowery MTB górskie;-;https://www.mediaexpert.pl/rowery/rowery-mtb/rower-gorski-mtb-indiana-x-pulser-3-7-d19-27-5-cala-damski-czarno-fuksjowy-1;1599.99;2599.99;1699.99;ME2808-300926
2026-09-19 17:27:58;Media Expert;Rower elektryczny INDIANA E-Trekking 3.0 U19 28 cali Grafitowy;INDIANA;Rowery elektryczne;-;https://www.mediaexpert.pl/rowery/rower-elektryczne/rowery-elektryczne/rower-elektryczny-indiana-e-trekking-3-0-u17-28-cali-grafitowy;4499.99;5999.99;4999.99;WYPRZEDAZ-ROWERY
2026-09-19 17:27:58;Media Expert;Rower elektryczny INDIANA E-Trekking U20 28 cali Grafitowo-czarny;INDIANA;Rowery elektryczne;-;https://www.mediaexpert.pl/rowery/rower-elektryczne/rowery-elektryczne/rower-elektryczny-indiana-e-trekking-m20-28-cali-grafitowo-czarny;4299.97;4999.00;4299.98;ME2808-300926
2026-09-19 17:27:59;Media Expert;Rower elektryczny INDIANA E-Trekking 4.0 U18 28 cali Czarno-czerwony;INDIANA;Rowery elektryczne;-;https://www.mediaexpert.pl/rowery/rower-elektryczne/rowery-elektryczne/rower-elektryczny-indiana-e-trekking-4-0-u18-28-cali-czarno-czerwony-1;6499.99;7499.99;7499.99;ME2808-300926
2026-09-19 17:27:59;Media Expert;Rower elektryczny ROMET E-Modeco SUV 1.0 AN C U19 28 cali Szary;ROMET;Rowery elektryczne;-;https://www.mediaexpert.pl/rowery/rower-elektryczne/rowery-elektryczne/rower-elektryczny-romet-e-modeco-suv-1-0-an-c-u19-28-cali-szary;5999.99;9999.99;6899.99;ME2808-300926
2026-09-19 17:27:59;Media Expert;Rower elektryczny ROMET E-Modeco SUV 1.0 AN D U17 28 cali Szary;ROMET;Rowery elektryczne;-;https://www.mediaexpert.pl/rowery/rower-elektryczne/rowery-elektryczne/rower-elektryczny-romet-e-modeco-suv-1-0-an-d-u17-28-cali-szary;5999.99;9999.99;6899.98;ME2808-300926
2026-09-19 17:27:59;Media Expert;Rower elektryczny ROMET PROECO Easy 28172569-H U17 28 cali Zielony;PROECO;Rowery elektryczne;-;https://www.mediaexpert.pl/rowery/rower-elektryczne/rowery-elektryczne/rower-elektryczny-proeco-easy-28172569-h-u17-28-cali-zielony;3999.99;4999.99;4999.99;ME2808-300926
2026-09-19 17:28:00;Media Expert;Rower elektryczny ESPERIA Agata D17 28 cali Grafitowy;ESPERIA;Rowery elektryczne;-;https://www.mediaexpert.pl/rowery/rower-elektryczne/rowery-elektryczne/rower-elektryczny-esperia-agata-d17-28-cali-damski-grafitowy;2999.99;5459.99;3999.99;ME2808-300926
2026-09-19 17:28:00;Media Expert;Rower elektryczny ROMET PROECO Easy 28192564-B U19 28 cali Szampański;PROECO;Rowery elektryczne;-;https://www.mediaexpert.pl/rowery/rower-elektryczne/rowery-elektryczne/rower-elektryczny-romet-proeco-easy-28192564-b-u19-28-cali-szampanski;3998.99;5499.99;3999.00;ME2808-300926
2026-09-19 17:28:00;Media Expert;Rower elektryczny INDIANA Urban 600 U16 24 cale Granatowy;INDIANA;Rowery elektryczne;-;https://www.mediaexpert.pl/rowery/rower-elektryczne/rowery-elektryczne/rower-elektryczny-indiana-urban-600-u16-24-cale-granatowy;2099.99;3999.99;3999.99;ME0809-300926
2026-09-19 17:28:00;Media Expert;Rower dziecięcy INDIANA Figo 20 cali Oliwkowy Wzrost: 120-135 cm Wiek: 6-8 lat;INDIANA;Rowery dla dzieci;-;https://www.mediaexpert.pl/rowery/rowery-dzieciece/rowery-dzieciece/rower-indiana-figo-20-oliwkowy;699.99;899.99;849.99;WYPRZEDAZ-ROWERY
2026-09-19 17:28:00;Media Expert;Rower dziecięcy INDIANA Rock Kid 14 cali Czarny Wzrost: 95-110 cm Wiek: 4-6 lat;INDIANA;Rowery dla dzieci;-;https://www.mediaexpert.pl/rowery/rowery-dzieciece/rowery-dzieciece/rower-dzieciecy-indiana-rock-kid-14-cali-dla-chlopca-czarny;499.98;519.99;499.99;ME2808-300926
2026-09-19 17:28:01;Media Expert;Rower dziecięcy SUN BABY Verdant 20 cali Srebrno-turkusowy Wzrost: 115-135 cm Wiek: 5-8 lat;SUN BABY;Rowery dla dzieci;-;https://www.mediaexpert.pl/rowery/rowery-dzieciece/rowery-dzieciece/rower-dzieciecy-sun-baby-verdant-20-cali-bialo-turkusowy;799.99;899.99;899.99;ME2808-300926
2026-09-19 17:28:01;Media Expert;Rower dziecięcy SUN BABY Verdant Rowan 16 cali Niebieski Wzrost: 100-120 cm Wiek: 4-6 lat;SUN BABY;Rowery dla dzieci;-;https://www.mediaexpert.pl/rowery/rowery-dzieciece/rowery-dzieciece/rower-dzieciecy-sun-baby-verdant-rowan-16-cali-dla-chlopca-niebieski;599.99;699.99;699.99;ME2808-300926
2026-09-19 17:28:01;Media Expert;Rower dziecięcy SUN BABY Heart Bike 16 cali Fioletowy Wzrost: 100-120 cm Wiek: 4-6 lat;SUN BABY;Rowery dla dzieci;-;https://www.mediaexpert.pl/rowery/rowery-dzieciece/rowery-dzieciece/rower-dzieciecy-sun-baby-heart-bike-16-cali-dla-dziewczynki-fioletowy;549.99;699.99;649.99;ME2808-300926
2026-09-19 17:28:01;Media Expert;Rower dziecięcy INDIANA Roxy Kid 14 cali Biały Wzrost: 95-110 cm Wiek: 4-5 lat;INDIANA;Rowery dla dzieci;-;https://www.mediaexpert.pl/rowery/rowery-dzieciece/rowery-dzieciece/rower-dzieciecy-indiana-roxy-kid-14-cali-dla-dziewczynki-bialy;499.99;549.99;549.99;ME2808-300926
2026-09-19 17:28:02;Media Expert;Rower dziecięcy DISNEY Kraina Lodu 2 16 cali Niebieski Wzrost: 100-120 cm Wiek: 4-6 lat;DISNEY;Rowery dla dzieci;-;https://www.mediaexpert.pl/rowery/rowery-dzieciece/rowery-dzieciece/rower-dzieciecy-disney-kraina-lodu-2-16-cali-dla-dziewczynki;499.00;599.99;599.99;ME2808-300926
2026-09-19 17:28:02;Media Expert;Rower dziecięcy HUFFY Marvel Avengers 12 cali Szary Wzrost: 85-100 cm Wiek: 3-5 lat;HUFFY;Rowery dla dzieci;-;https://www.mediaexpert.pl/rowery/rowery-dzieciece/rowery-dzieciece/rower-dzieciecy-huffy-marvel-avengers-12-cali-dla-chlopca-szary;349.99;399.99;399.99;ME2808-300926
2026-09-19 17:28:02;Media Expert;Rower dziecięcy SUN BABY Heart Bike 12 cali Morelowy Wzrost: 85-100 cm Wiek: 2-3 lata;SUN BABY;Rowery dla dzieci;-;https://www.mediaexpert.pl/rowery/rowery-dzieciece/rowery-dzieciece/rower-dzieciecy-sun-baby-heart-bike-12-cali-dla-dziewczynki-morelowy;599.99;699.99;699.99;ME2808-300926
2026-09-19 17:28:02;Media Expert;Rowerek biegowy HUFFY Disney Minnie 27971W Różowo-zielony;HUFFY;Rowerki biegowe;-;https://www.mediaexpert.pl/rowery/rowery-dzieciece/rowerki-biegowe/rowerek-biegowy-huffy-disney-minnie-27971w-rozowo-zielony;169.99;179.99;179.99;ME0209-300926
2026-09-19 17:28:03;Media Expert;Rower dziecięcy INDIANA Roxy Kid 16 cali Różowy 2024 Wzrost: 100-120 cm Wiek: 4-6 lat;INDIANA;Rowery dla dzieci;-;https://www.mediaexpert.pl/rowery/rowery-dzieciece/rowery-dzieciece/rower-dzieciecy-indiana-roxy-kid-16-cali-dla-dziewczynki-rozowy;349.99;499.99;439.99;ME2808-300926
2026-09-19 17:28:03;Media Expert;Rower dziecięcy TOIMSA Świnka Peppa 16 cali Różowy Wzrost: 100-120 cm Wiek: 5-9 lat;TOIMSA;Rowery dla dzieci;-;https://www.mediaexpert.pl/rowery/rowery-dzieciece/rowery-dzieciece/rower-dzieciecy-toimsa-swinka-peppa-16-cali-dla-dziewczynki;549.98;699.99;549.99;ME2808-300926
2026-09-19 17:28:03;Media Expert;Rower dziecięcy DISNEY Księżniczki 12 cali Różowy Wzrost: 85-100 cm Wiek: 2-3 lat;DISNEY;Rowery dla dzieci;-;https://www.mediaexpert.pl/rowery/rowery-dzieciece/rowery-dzieciece/rower-dzieciecy-disney-ksiezniczki-12-cali-dla-dziewczynki;599.99;799.99;799.99;ME2808-300926
2026-09-19 17:28:03;Media Expert;Rower dziecięcy HUFFY Literide Kids 16 cali Srebrno-niebieski Wzrost: 100-120 cm Wiek: 5-7 lat;HUFFY;Rowery dla dzieci;-;https://www.mediaexpert.pl/rowery/rowery-dzieciece/rowery-dzieciece/rower-dzieciecy-huffy-literide-kids-16-cali-dla-chlopca-srebrno-niebieski;1099.98;1599.99;1099.99;ME2808-300926
2026-09-19 17:28:03;Media Expert;Rower dziecięcy INDIANA Air 16 cali Żółty Wzrost: 100-120 cm Wiek: 4-6 lat;INDIANA;Rowery dla dzieci;-;https://www.mediaexpert.pl/rowery/rowery-dzieciece/rowery-dzieciece/rower-dzieciecy-indiana-air-16-cali-zolty;899.99;1399.99;1099.99;ME2808-300926
2026-09-19 17:28:04;Media Expert;Rower dziecięcy BATCH Kids MTB 20 cali Srebrny Wzrost: 120-135 cm Wiek: 6-9 lat;BATCH;Rowery dla dzieci;-;https://www.mediaexpert.pl/rowery/rowery-dzieciece/rowery-dzieciece/rower-dzieciecy-batch-kids-mtb-20-cali-dla-chlopca-srebrny;2299.99;2999.99;2999.99;ME2808-300926
2026-09-19 17:28:04;Media Expert;Rower dziecięcy KARBON Star 14 cali Biało-różowy Wzrost: 95-110 cm Wiek: 4-6 lat;KARBON;Rowery dla dzieci;-;https://www.mediaexpert.pl/rowery/rowery-dzieciece/rowery-dzieciece/rower-dzieciecy-karbon-star-14-cali-dla-dziewczynki-rozowy;599.99;699.99;699.99;ME2808-300926
2026-09-19 17:28:04;Media Expert;Rower dziecięcy DENVER Street Art 16 cali Czarny Wzrost: 100-120 cm Wiek: 4-6 lat;DENVER;Rowery dla dzieci;-;https://www.mediaexpert.pl/rowery/rowery-dzieciece/rowery-dzieciece/rower-dzieciecy-denver-street-art-16-cali-dla-chlopca;239.99;549.99;549.99;ME2808-300926
2026-09-19 17:28:04;Media Expert;Rower dziecięcy KARBON Jazz 18 cali Zielony Wzrost: 115-130 cm Wiek: 4-6 lat;KARBON;Rowery dla dzieci;-;https://www.mediaexpert.pl/rowery/rowery-dzieciece/rowery-dzieciece/rower-dzieciecy-karbon-jazz-18-cali-dla-chlopca-zielony;768.99;999.99;769.00;ME2808-300926
2026-09-19 17:28:05;Media Expert;Rowerek biegowy QPLAY Feduro Zielono-czarny;QPLAY;Rowerki biegowe;-;https://www.mediaexpert.pl/rowery/rowery-dzieciece/rowerki-biegowe/rowerek-biegowy-qplay-feduro-zielono-czarny;169.99;209.99;209.99;ME0209-300926
2026-09-19 17:28:05;Media Expert;Rower młodzieżowy INDIANA Rock Jr 24 cale dla chłopca Czarno-zielony;INDIANA;Rowery młodzieżowe;-;https://www.mediaexpert.pl/rowery/rowery-dzieciece/rowery-junior/rower-mlodziezowy-indiana-rock-jr-24-cale-dla-chlopca-czarno-zielony-4;899.99;1599.99;999.99;WYPRZEDAZ-ROWERY
2026-09-19 17:28:05;Media Expert;Rower młodzieżowy INDIANA X-Pulser 1.6 26 cali dla chłopca Czarno-fioletowy;INDIANA;Rowery młodzieżowe;-;https://www.mediaexpert.pl/rowery/rowery-dzieciece/rowery-junior/rower-mlodziezowy-indiana-x-pulser-1-6-26-cali-dla-chlopca-czarno-fioletowy;899.99;1199.99;1099.99;ME2808-300926
2026-09-19 17:28:05;Media Expert;Rower młodzieżowy INDIANA X-Pulser 1.7 27.5 cala dla dziewczynki Różowy;INDIANA;Rowery młodzieżowe;-;https://www.mediaexpert.pl/rowery/rowery-dzieciece/rowery-junior/rower-mlodziezowy-indiana-x-pulser-1-7-27-5-cala-dla-dziewczynki-rozowy;1099.99;1399.99;1199.99;ME2808-300926
2026-09-19 17:28:06;Media Expert;Rower młodzieżowy ROMET Panda 1 F 24 cale dla dziewczynki Wrzosowo-biały;ROMET;Rowery młodzieżowe;-;https://www.mediaexpert.pl/rowery/rowery-dzieciece/rowery-junior/rower-mlodziezowy-romet-panda-1-f-24-cale-dla-dziewczynki-wrzosowo-bialy;1699.99;2199.99;2199.99;ME2808-300926
2026-09-19 17:28:06;Media Expert;Rower młodzieżowy INDIANA X-Cruiser Jr 24 cale dla dziewczynki Czerwony;INDIANA;Rowery młodzieżowe;-;https://www.mediaexpert.pl/rowery/rowery-dzieciece/rowery-junior/rower-indiana-x-cruiser-jr-24-czerwony-d2124;399.99;699.97;699.97;ME0809-300926
2026-09-19 17:28:06;Media Expert;Rower miejski INDIANA Moena A7B D17 28 cali damski Lazurowy 2026;INDIANA;Rowery miejskie;-;https://www.mediaexpert.pl/rowery/rowery-miejskie/rower-miejski-indiana-moena-a7b-28-cali-damski-lazurowy;1389.99;1599.99;1499.99;WYPRZEDAZ-ROWERY
2026-09-19 17:28:06;Media Expert;Rower trekkingowy INDIANA X-Road 5.0 M23 28 cali męski Ciemnoniebieski;INDIANA;Rowery trekkingowe;-;https://www.mediaexpert.pl/rowery/rowery-trekkingowe/rower-trekkingowy-indiana-x-road-5-0-m23-28-cali-meski-ciemnoniebieski;1690.00;2999.99;1699.99;ME0309-300926
2026-09-19 17:28:06;Media Expert;Rower trekkingowy INDIANA X-Road 1.0 D19 28 cali damski Czarno-fioletowy;INDIANA;Rowery trekkingowe;-;https://www.mediaexpert.pl/rowery/rowery-trekkingowe/rower-trekkingowy-indiana-x-road-1-0-d19-28-cali-damski-czarno-fioletowy-1;1299.99;1699.99;1399.99;ME2808-300926
2026-09-19 17:28:07;Media Expert;Rower trekkingowy INDIANA X-Road 1.0 D17 28 cali damski Czarno-zielony;INDIANA;Rowery trekkingowe;-;https://www.mediaexpert.pl/rowery/rowery-trekkingowe/rower-trekkingowy-indiana-x-road-1-0-d17-28-cali-damski-czarno-zielony-1;1299.98;1499.99;1299.99;ME2808-300926
2026-09-19 17:28:07;Media Expert;Rower trekkingowy ROMET Wagant SUV H PV A U20 28 cali Czarny;ROMET;Rowery trekkingowe;-;https://www.mediaexpert.pl/rowery/rowery-trekkingowe/rower-trekkingowy-romet-wagant-suv-h-pv-a-u20-28-cali-czarny;1199.00;2399.99;1599.99;ME2808-300926
2026-09-19 17:28:07;Media Expert;Rower trekkingowy ROMET Wagant 1.0 M21 28 cali męski Granatowy;ROMET;Rowery trekkingowe;-;https://www.mediaexpert.pl/rowery/rowery-trekkingowe/rower-trekkingowy-romet-wagant-1-0-m21-28-cali-meski-granatowy;1398.99;2499.99;1399.00;ME2808-300926
2026-09-19 17:28:07;Media Expert;Rower trekkingowy ROMET Gazela 2.1 A D19 28 cali damski Piaskowy;ROMET;Rowery trekkingowe;-;https://www.mediaexpert.pl/rowery/rowery-trekkingowe/rower-trekkingowy-romet-gazela-2-1-a-d19-28-cali-damski-piaskowy;2299.98;3299.99;2299.99;ME2808-300926
2026-09-19 17:28:08;Media Expert;Rower trekkingowy ROMET Wagant 1.0 M19 28 cali męski Granatowy;ROMET;Rowery trekkingowe;-;https://www.mediaexpert.pl/rowery/rowery-trekkingowe/rower-trekkingowy-romet-wagant-1-0-m19-28-cali-meski-granatowy;1398.99;2499.99;1399.00;ME2808-300926
2026-09-19 17:28:08;Media Expert;Rower trekkingowy ROMET Wagant 6.0 M19 28 cali męsk Szampański;ROMET;Rowery trekkingowe;-;https://www.mediaexpert.pl/rowery/rowery-trekkingowe/rower-trekkingowy-romet-wagant-6-0-m19-28-cali-mesk-szampanski;3599.99;5499.99;5499.99;ME0809-300926
2026-09-19 17:28:08;Media Expert;Rower crossowy INDIANA X-Cross 4.0 M17 męski Szary;INDIANA;Rowery crossowe;-;https://www.mediaexpert.pl/rowery/rowery-cross/rower-crossowy-indiana-x-cross-4-0-m17-meski-szary;1590.00;1899.99;1599.99;ME0309-300926
2026-09-19 17:28:08;Media Expert;Rower crossowy INDIANA X-Cross 5.0 D17 28 cali damski Srebrno-błękitny;INDIANA;Rowery crossowe;-;https://www.mediaexpert.pl/rowery/rowery-cross/rower-crossowy-indiana-x-cross-5-0-d17-28-cali-damski-ciemnoszary;2199.99;2999.99;2499.99;ME2808-300926
2026-09-19 17:28:09;Media Expert;Rower crossowy ROMET Orkan 1.0 M 28190347-A M19 Grafitowy;ROMET;Rowery crossowe;-;https://www.mediaexpert.pl/rowery/rowery-cross/rower-crossowy-romet-orkan-1-0-m-28190347-a-m19-grafitowy;1699.99;2199.99;2199.99;ME2808-300926
2026-09-19 17:28:09;Media Expert;Rower szosowy BOTTECCHIA Duello M20 28 cali Szary;BOTTECCHIA;Rowery szosowe;-;https://www.mediaexpert.pl/rowery/rowery-szosowe/rower-gravel-bottecchia-duello-m20-28-cali-meski-szary;2299.99;2999.99;2999.99;ME2808-300926
2026-09-19 17:28:09;Media Expert;Rower gravel KROSS Esker 1.0 U20 28 cali Niebiesko-zielony;KROSS;Rowery gravel;-;https://www.mediaexpert.pl/rowery/rowery-gravel/rower-gravel-kross-esker-1-0-m20-28-cali-meski-niebiesko-zielony;2399.99;2699.99;2699.99;ME0809-300926
2026-09-19 17:28:09;Media Expert;Rower gravel ROMET Nyk U23 28 cali Brązowo-beżowy 2023;ROMET;Rowery gravel;-;https://www.mediaexpert.pl/rowery/rowery-gravel/rower-gravel-romet-nyk-u23-28-cali-brazowo-bezowy-2023;6499.99;8499.99;8499.99;ME2808-300926
2026-09-19 17:28:09;Media Expert;Rower gravel WHISTLE Modoc U18 28 cali Szaro-niebiesko-czerwony;WHISTLE;Rowery gravel;-;https://www.mediaexpert.pl/rowery/rowery-gravel/rower-szosowy-whistle-modoc-flat-bar-16s-claris-szary-46-18-r22;1199.99;2599.97;1799.99;ME2808-300926
2026-09-19 17:28:10;Media Expert;Przyczepka rowerowa HAMAX Outback One 34kg Pasy Czerwono-czarny;HAMAX;Przyczepki rowerowe;-;https://www.mediaexpert.pl/rowery/akcesoria-do-rowerow/przyczepki-rowerowe/przyczepka-rowerowa-hamax-outback-one-czerwono-czarny;3299.00;3379.99;3379.99;ME2608-300926
2026-09-19 17:28:10;Media Expert;Przyczepka rowerowa WEERIDE Co-Pilot 45kg Biały;WEERIDE;Przyczepki rowerowe;-;https://www.mediaexpert.pl/rowery/akcesoria-do-rowerow/przyczepki-rowerowe/przyczepka-rowerowa-weeride-co-pilot-bialy;899.99;999.99;999.99;ME2608-300926
2026-09-19 17:28:10;Media Expert;Kask rowerowy LAZER Maze KinetiCore Biały mat Miejski (rozmiar S/M, 50 - 56 cm);LAZER;Kaski rowerowe;-;https://www.mediaexpert.pl/rowery/odziez-rowerowa/kaski-sportowe/kask-rowerowy-lazer-maze-kineticore-bialy-miejski-rozmiar-s-m;129.99;139.99;139.99;ME0209-300926
2026-09-19 17:28:10;Media Expert;Kask rowerowy BELL Cadence Solid Granatowy dla Dzieci (rozmiar M, 52-58 cm);BELL;Kaski rowerowe;-;https://www.mediaexpert.pl/rowery/odziez-rowerowa/kaski-sportowe/kask-rowerowy-bell-cadence-solid-granatowy-dla-dzieci-rozmiar-m;99.99;119.99;119.99;ME0209-300926
2026-09-19 17:28:11;Media Expert;Kask rowerowy HAMAX Skydive Zielono-żółty dla Dzieci (rozmiar S, 50-55 cm);HAMAX;Kaski rowerowe;-;https://www.mediaexpert.pl/rowery/odziez-rowerowa/kaski-sportowe/kask-rowerowy-hamax-skydive-zielono-zolty-dla-dzieci-rozmiar-s-50-55-cm;119.99;129.99;129.99;ME0209-300926
2026-09-19 17:28:11;Media Expert;Latarka czołowa SIGMA Headled II 100;SIGMA;Latarki;-;https://www.mediaexpert.pl/sport-i-rekreacja/turystyka/latarki/latarka-czolowa-sigma-headled-ii-100;79.99;109.90;100.73;ME0209-300926
2026-09-19 17:28:11;Media Expert;Lampka rowerowa VAYOX VAR60;VAYOX;Lampki rowerowe;-;https://www.mediaexpert.pl/rowery/akcesoria-do-rowerow/oswietlenie-rowerowe/lampka-rowerowa-vayox-var60;44.99;69.99;69.99;ME0209-300926
2026-09-19 17:28:11;Media Expert;Lampka rowerowa DUNLOP 334530;DUNLOP;Lampki rowerowe;-;https://www.mediaexpert.pl/rowery/akcesoria-do-rowerow/oswietlenie-rowerowe/lampka-rowerowa-dunlop-334530;39.99;43.99;43.99;ME0209-300926
2026-09-19 17:28:12;Media Expert;Lampka rowerowa AUTHOR Lumina 12-002347;AUTHOR;Lampki rowerowe;-;https://www.mediaexpert.pl/rowery/akcesoria-do-rowerow/oswietlenie-rowerowe/lampka-rowerowa-author-lumina-12-002347;109.99;127.44;127.44;ME0209-300926
2026-09-19 17:28:12;Media Expert;Zestaw lampek rowerowych SIGMA Aura 80 Set W Nugget II;SIGMA;Lampki rowerowe;-;https://www.mediaexpert.pl/rowery/akcesoria-do-rowerow/oswietlenie-rowerowe/zestaw-lampek-rowerowych-sigma-aura-80-set-w-nugget-ii;209.99;259.99;215.62;ME0209-300926
2026-09-19 17:28:12;Media Expert;Licznik rowerowy CATEYE Padrone CC-PA100W;CATEYE;Liczniki rowerowe;-;https://www.mediaexpert.pl/rowery/akcesoria-do-rowerow/liczniki-rowerowe/licznik-rowerowy-cateye-padrone-cc-pa100w;149.99;210.67;179.99;ME0209-300926
2026-09-19 17:28:12;Media Expert;Nawigacja rowerowa SIGMA Rox 4.0 Endurance Sensor Set Biały Podświetlany;SIGMA;Nawigacje rowerowe;-;https://www.mediaexpert.pl/rowery/akcesoria-do-rowerow/nawigacje-rowerowe/licznik-rowerowy-sigma-rox-4-0-endurance-sensor-set-bialy-podswietlany;699.99;818.99;818.99;ME0209-300926
2026-09-19 17:28:13;Media Expert;Torba rowerowa na kierownicę GIVI Refuel;GIVI;Torby rowerowe;-;https://www.mediaexpert.pl/rowery/akcesoria-do-rowerow/torby-rowerowe/torba-rowerowa-na-kierownice-givi-refuel;129.99;149.99;149.99;ME0209-300926
2026-09-19 17:28:13;Media Expert;Torba rowerowa pod siodełko SKS Explorer Click 800;SKS;Torby rowerowe;-;https://www.mediaexpert.pl/rowery/akcesoria-do-rowerow/torby-rowerowe/torba-rowerowa-pod-siodelko-sks-explorer-click-800;79.99;82.99;82.99;ME0209-300926
2026-09-19 17:28:13;Media Expert;Torba rowerowa na bidon PRO Gravel;PRO;Torby rowerowe;-;https://www.mediaexpert.pl/rowery/akcesoria-do-rowerow/torby-rowerowe/torba-rowerowa-na-bidon-pro-gravel;89.99;99.99;99.99;ME0209-300926
2026-09-19 17:28:13;Media Expert;Zapięcie rowerowe ABUS Combiflex Break 85 Linka Czarny;ABUS;Zabezpieczenie roweru;-;https://www.mediaexpert.pl/rowery/akcesoria-do-rowerow/zamki-i-zapiecia/zapiecie-rowerowe-abus-combiflex-break-85-linka-czarny;67.99;109.99;70.90;WRZESIEN1809
2026-09-19 17:28:13;Media Expert;Zapięcie rowerowe ABUS Star 4508C/150 Linka Czerwony;ABUS;Zabezpieczenie roweru;-;https://www.mediaexpert.pl/rowery/akcesoria-do-rowerow/zamki-i-zapiecia/zapiecie-rowerowe-abus-star-4508c-150-linka-czerwony;44.99;49.99;49.99;ME0209-300926
2026-09-19 17:28:14;Media Expert;Zapięcie rowerowe ABUS Raydo Pro 1450/185 + uchwyt TEXKF Linka Czarny;ABUS;Zabezpieczenie roweru;-;https://www.mediaexpert.pl/rowery/akcesoria-do-rowerow/zamki-i-zapiecia/zapiecie-rowerowe-abus-raydo-pro-1450-185-uchwyt-texkf-linka-czarny;149.99;199.99;177.34;ME0209-300926
2026-09-19 17:28:14;Media Expert;Zapięcie rowerowe TRELOCK ZR 310 Linka Czarny;TRELOCK;Zabezpieczenie roweru;-;https://www.mediaexpert.pl/rowery/akcesoria-do-rowerow/zamki-i-zapiecia/zapiecie-rowerowe-trelock-zr-310-linka-czarny;99.99;105.25;105.25;ME0209-300926
2026-09-19 17:28:14;Media Expert;Zapięcie rowerowe OXC Combi Zip 2 OXFLK151 Żółty;OXC;Zabezpieczenie roweru;-;https://www.mediaexpert.pl/rowery/akcesoria-do-rowerow/zamki-i-zapiecia/zapiecie-rowerowe-oxc-combi-zip-2-oxflk151;29.99;39.99;39.99;ME0209-300926
2026-09-19 17:28:14;Media Expert;Zapięcie rowerowe TRELOCK Balon RS 453 8004813 Klamra Czarny;TRELOCK;Zabezpieczenie roweru;-;https://www.mediaexpert.pl/rowery/akcesoria-do-rowerow/zamki-i-zapiecia/zapiecie-rowerowe-trelock-balon-rs-453-8004813-klamra-czarny;199.99;259.99;259.99;ME0209-300926
2026-09-19 17:28:15;Media Expert;Zapięcie rowerowe ABUS Bordo Lite Mini 6055C/60 Movistar Team Folding Lock Składane Czarno-niebieski;ABUS;Zabezpieczenie roweru;-;https://www.mediaexpert.pl/rowery/akcesoria-do-rowerow/zamki-i-zapiecia/zapiecie-rowerowe-abus-bordo-lite-mini-6055c-60-movistar-team-folding-lock-skladane-czarno-niebieski;159.99;199.90;199.90;ME0209-300926
2026-09-19 17:28:15;Media Expert;Zapięcie rowerowe ABUS Combiflex Break 85 Linka Niebieski;ABUS;Zabezpieczenie roweru;-;https://www.mediaexpert.pl/rowery/akcesoria-do-rowerow/zamki-i-zapiecia/zapiecie-rowerowe-abus-combiflex-break-85-linka-niebieski;69.99;74.99;72.00;ME0209-300926
2026-09-19 17:28:15;Media Expert;Zapięcie rowerowe TRELOCK SK 312 8005365 Linka Czarny;TRELOCK;Zabezpieczenie roweru;-;https://www.mediaexpert.pl/rowery/akcesoria-do-rowerow/zamki-i-zapiecia/zapiecie-rowerowe-trelock-sk-312-8005365-linka-czarny;84.99;179.99;119.99;WRZESIEN1809
2026-09-19 17:28:15;Media Expert;Pompka rowerowa ręczna SKS Injex Pro;SKS;Pompki do roweru;-;https://www.mediaexpert.pl/rowery/akcesoria-do-rowerow/pompki-rowerowe/pompka-rowerowa-sks-injex-pro;84.99;122.99;118.75;ME0209-300926
2026-09-19 17:28:16;Media Expert;"Opona rowerowa CONTINENTAL Gatorskin CO0100437 28""";CONTINENTAL;Opony rowerowe;-;https://www.mediaexpert.pl/rowery/czesci-rowerowe/opony-do-rowerow/opona-rowerowa-continental-gatorskin-co0100437-28;119.99;259.99;149.99;ME0209-300926
2026-09-19 17:28:16;Media Expert;Rękawiczki rowerowe SHIMANO Enduro (rozmiar M) Oliwkowy;SHIMANO;Rękawiczki rowerowe;-;https://www.mediaexpert.pl/rowery/odziez-rowerowa/rekawiczki-rowerowe/rekawiczki-rowerowe-shimano-enduro-rozmiar-m-oliwkowy;99.99;148.78;119.99;ME0209-300926
2026-09-19 17:28:16;Media Expert;Rękawiczki rowerowe SHIMANO Airway (rozmiar S) Czerwony;SHIMANO;Rękawiczki rowerowe;-;https://www.mediaexpert.pl/rowery/odziez-rowerowa/rekawiczki-rowerowe/rekawiczki-rowerowe-shimano-airway-rozmiar-s-czerwony;54.99;79.99;79.99;ME0209-300926
2026-09-19 17:28:16;Media Expert;Buty rowerowe SHIMANO SH-GE900 Czarny (rozmiar 48);SHIMANO;Buty rowerowe;-;https://www.mediaexpert.pl/rowery/odziez-rowerowa/buty-rowerowe/buty-rowerowe-shimano-sh-ge900-czarny-rozmiar-48;549.99;599.99;599.99;ME0209-300926
2026-09-19 17:28:16;Media Expert;Bateria do roweru elektrycznego GREEN CELL EBIKEGCF06 24V;GREENCELL;Baterie do rowerów elektrycznych;-;https://www.mediaexpert.pl/rowery/akcesoria-do-rowerow/baterie-do-rowerow-elektrycznych/bateria-do-roweru-elektrycznego-green-cell-ebikegcf06-24v;699.99;849.99;849.99;ME0209-300926
2026-09-19 17:28:17;Media Expert;"Opona rowerowa CONTINENTAL Contact Speed Reflex CO0101388 20""";CONTINENTAL;Opony rowerowe;-;https://www.mediaexpert.pl/rowery/czesci-rowerowe/opony-do-rowerow/opona-rowerowa-continental-contact-speed-reflex-co0101388-20;69.99;77.99;77.99;ME0209-300926
2026-09-19 17:28:17;Media Expert;Koszyk na bidon KROSS Grid Czerwony;KROSS;Uchwyty na bidon;-;https://www.mediaexpert.pl/rowery/akcesoria-do-rowerow/uchwyty-na-bidon/koszyk-na-bidon-kross-grid-czerwony;19.99;29.99;29.99;ME0209-300926
2026-09-19 17:28:17;Media Expert;"Dętka rowerowa CONTINENTAL TPU Tube CO0182631 29"" Presta";CONTINENTAL;Dętki rowerowe;-;https://www.mediaexpert.pl/rowery/czesci-rowerowe/detki-rowerowe/detka-rowerowa-continental-tpu-tube-co0182631-29-presta;94.99;199.99;104.99;ME0209-300926
2026-09-19 17:28:17;Media Expert;Etui XLINE MagSystem Smoke Guardx do Apple iPhone 17 Czarny;XLINE;Etui na telefony;-;https://www.mediaexpert.pl/smartfony-i-zegarki/akcesoria-do-telefonow/pokrowce-i-etui/etui-xline-magsystem-smoke-guardx-do-apple-iphone-17-czarny;139.56;189.99;139.57;RW0109-3009
2026-09-19 17:28:18;Media Expert;Szczotko-skrobaczka FUTURA 94521 60 cm;Futura;Akcesoria zimowe do samochodów;-;https://www.mediaexpert.pl/motoryzacja/akcesoria-do-pojazdow/akcesoria-zimowe/szczotko-skrobaczka-futura-60-cm;14.99;17.99;17.99;ME0209-300926
2026-09-19 17:28:18;Media Expert;Prostownik EXTRALINK EX.21069 Czerwony;EXTRALINK;Prostowniki;-;https://www.mediaexpert.pl/dom-i-ogrod/wyposazenie-warsztatu/prostowniki/prostownik-extralink-ex-21069-czerwony;89.99;99.99;99.99;ME0209-300926
2026-09-19 17:28:18;Media Expert;Bieżnia elektryczna UREVO Spacewalk E1L 1865W 6.4 km/h;UREVO;Bieżnie elektryczne;-;https://www.mediaexpert.pl/sport-i-rekreacja/fitness-i-silownia/bieznie/bieznia-elektryczna-urevo-spacewalk-e1l-1865w-6-4-km-h;899.00;1099.00;1099.00;R1509-300926
2026-09-19 17:28:18;Media Expert;Wioślarz wodny KINGSMITH WR20 Orzech;KINGSMITH;Wioślarze;-;https://www.mediaexpert.pl/sport-i-rekreacja/fitness-i-silownia/wioslarze/wioslarz-wodny-kingsmith-wr20-orzech;2399.00;3049.00;2699.00;R1509-300926
2026-09-19 17:28:19;Media Expert;Wioślarz wodno-magnetyczny KINGSMITH WM10;KINGSMITH;Wioślarze;-;https://www.mediaexpert.pl/sport-i-rekreacja/fitness-i-silownia/wioslarze/wioslarz-wodno-magnetyczny-kingsmith-wm10;1999.00;2299.00;2299.00;R1509-300926
2026-09-19 17:28:19;Media Expert;Atlas FINNLO Maximum Inspire M2;FINNLO;Atlasy do ćwiczeń;-;https://www.mediaexpert.pl/sport-i-rekreacja/silownia/atlasy-do-cwiczen/atlas-finnlo-maximum-inspire-m2;11599.00;13999.00;13020.00;ME1409-101026
2026-09-19 17:28:19;Media Expert;Wspornik na widelec GARMIN Tacx do rolek T1150;GARMIN;Akcesoria do trenażerów;-;https://www.mediaexpert.pl/sport-i-rekreacja/trenazery-rowerowe-i-akcesoria/akcesoria-do-trenazerow/wspornik-na-widelec-garmin-tacx-do-rolek-t1150;399.99;429.00;429.00;ME0209-300926
2026-09-19 17:28:19;Media Expert;Drążek rozporowy XQMAX 7037138;XQMAX;Drążki do podciągania;-;https://www.mediaexpert.pl/sport-i-rekreacja/silownia/drazki/drazek-rozporowy-xqmax-7037138;29.90;39.90;39.90;ME1409-101026
2026-09-19 17:28:19;Media Expert;Hantla HMS HG Pro (7 kg);HMS;Hantle i ciężarki;-;https://www.mediaexpert.pl/sport-i-rekreacja/silownia/gryfy-hantle-i-obciazenia/hantla-hms-hg-pro-7-kg;84.00;97.00;97.00;ME1409-101026
2026-09-19 17:28:20;Media Expert;Hula hop HMS HHM13 Zielony;HMS;Hula hop;-;https://www.mediaexpert.pl/sport-i-rekreacja/akcesoria-treningowe/hula-hop/hula-hop-hms-hhm13-zielony;69.99;89.91;89.91;ME1409-101026
2026-09-19 17:28:20;Media Expert;Obciążenie NIKE Rubber Bumper Plates Grind (20 kg);NIKE;Obciążenia;-;https://www.mediaexpert.pl/sport-i-rekreacja/silownia/obciazenia/obciazenie-nike-rubber-bumper-plates-grind-20-kg;299.00;474.00;441.00;ME1409-101026
2026-09-19 17:28:20;Media Expert;Gryf olimpijski HMS GO901 z łożyskami (220 cm);HMS;Gryfy i sztangi;-;https://www.mediaexpert.pl/sport-i-rekreacja/silownia/gryfy-i-sztangi/gryf-hms-go901-220-cm;829.00;949.50;949.50;ME1409-101026
2026-09-19 17:28:20;Media Expert;Hantla HMS HPC (27.5 kg);HMS;Hantle i ciężarki;-;https://www.mediaexpert.pl/sport-i-rekreacja/silownia/gryfy-hantle-i-obciazenia/hantla-hms-hpc-27-5-kg;489.00;540.00;503.00;ME1409-101026
2026-09-19 17:28:21;Media Expert;Skakanka XQMAX 41516;XQMAX;Skakanki;-;https://www.mediaexpert.pl/sport-i-rekreacja/akcesoria-treningowe/skakanki/skakanka-xqmax-41516;9.00;19.99;19.99;ME1409-101026
2026-09-19 17:28:21;Media Expert;Deskorolka MARVEL Avengers Captain America;MARVEL;Deskorolki tradycyjne;-;https://www.mediaexpert.pl/sport-i-rekreacja/deskorolki/deskorolki/deskorolka-seven-avengers-captain-america;79.99;119.99;99.99;ME2707-301026
2026-09-19 17:28:21;Media Expert;Lodówka turystyczna MILLA HOME MTC610G;MILLA HOME;Lodówki turystyczne;-;https://www.mediaexpert.pl/agd/lodowki-i-zamrazarki/lodowki-turystyczne/lodowka-milla-home-mtc610g;299.94;329.99;299.95;RW0109-3009
2026-09-19 17:28:21;Media Expert;Samochód zdalnie sterowany RASTAR Jeep Wrangler Rubicon 79500-4;RASTAR;Samochody zdalnie sterowane;-;https://www.mediaexpert.pl/zabawki/kolejki-i-samochody-zabawkowe/samochody-zdalnie-sterowane/samochod-zdalnie-sterowany-rastar-jeep-wrangler-rubicon-79500-4;54.99;84.99;57.99;ME1509-240926
2026-09-19 17:28:22;Media Expert;Samochód zdalnie sterowany MAISTO TECH Off-Road Rock Crawler 82746BK;MAISTO TECH;Samochody zdalnie sterowane;-;https://www.mediaexpert.pl/zabawki/kolejki-i-samochody-zabawkowe/samochody-zdalnie-sterowane/samochod-zdalnie-sterowany-maisto-tech-off-road-rock-crawler-82746bk;164.99;253.99;174.99;ME1509-240926
2026-09-19 17:28:22;Media Expert;Samochód zdalnie sterowany TAIYO Ford Mustang Dark Horse 220030AT;TAIYO;Samochody zdalnie sterowane;-;https://www.mediaexpert.pl/zabawki/kolejki-i-samochody-zabawkowe/samochody-zdalnie-sterowane/samochod-zdalnie-sterowany-taiyo-ford-mustang-dark-horse-220030at;43.99;69.99;45.99;ME1509-240926
2026-09-19 17:28:22;Media Expert;Samochód zdalnie sterowany RW Audi R8 GT 28718M;RW;Samochody zdalnie sterowane;-;https://www.mediaexpert.pl/zabawki/kolejki-i-samochody-zabawkowe/samochody-zdalnie-sterowane/samochod-zdalnie-sterowany-rw-audi-r8-gt-28718m;85.49;129.00;89.99;ME1509-240926
2026-09-19 17:28:22;Media Expert;Samochód zdalnie sterowany RASTAR BMW I8 Roadster GRA1005;RASTAR;Samochody zdalnie sterowane;-;https://www.mediaexpert.pl/zabawki/kolejki-i-samochody-zabawkowe/samochody-zdalnie-sterowane/samochod-zdalnie-sterowany-rastar-bmw-i8-roadster-gra1005;119.99;189.99;144.99;ME1509-240926
2026-09-19 17:28:22;Media Expert;Zestaw figurek DUMEL Odkrywczy domek DD32730;DUMEL;Zabawki edukacyjne;-;https://www.mediaexpert.pl/zabawki/zabawki-edukacyjne/zabawki-edukacyjne/zestaw-figurek-dumel-odkrywczy-domek-dd32730;239.99;245.00;244.34;ME1509-240926
2026-09-19 17:28:23;Media Expert;Klocki plastikowe FISHER PRICE Pets Zwierzaczek Zmieniaczek HXP18;FISHER PRICE;Klocki;-;https://www.mediaexpert.pl/zabawki/klocki/klocki-wszystkie/klocki-plastikowe-fisher-price-pets-zwierzaczek-zmieniaczek-hxp18;44.99;67.34;37.04;ME0109-300926
2026-09-19 17:28:23;Media Expert;Zawieszka do wózka FISHER PRICE Rozkładane lustereczko JHB45;FISHER PRICE;Zawieszki do wózka;-;https://www.mediaexpert.pl/zabawki/zabawki-dla-najmlodszych/zawieszki-do-wozka/zawieszka-do-wozka-fisher-price-rozkladane-lustereczko-jhb45;21.99;34.99;34.99;ME0109-300926
2026-09-19 17:28:23;Media Expert;Samochód zdalnie sterowany LEXIBOOK Extreme Crosslander RC50;LEXIBOOK;Samochody zdalnie sterowane;-;https://www.mediaexpert.pl/zabawki/kolejki-i-samochody-zabawkowe/samochody-zdalnie-sterowane/samochod-zdalnie-sterowany-lexibook-extreme-crosslander-rc50;164.99;269.99;174.99;ME1509-240926
2026-09-19 17:28:23;Media Expert;Tor Hot Wheels City Krokodyl Atak na pizzerię JHL93;HOT WHEELS;Samochody i pojazdy zabawkowe;-;https://www.mediaexpert.pl/zabawki/kolejki-i-samochody-zabawkowe/samochody-i-pojazdy-zabawkowe/tor-hot-wheels-city-krokodyl-atak-na-pizzerie-jhl93;92.99;107.78;107.42;ME0109-300926
2026-09-19 17:28:24;Media Expert;Zabawka słuchawki nauszne LEXIBOOK Disney Stitch Angel HP015D1;LEXIBOOK;Zabawki elektroniczne;-;https://www.mediaexpert.pl/zabawki/zabawki-kreatywne/zabawki-elektroniczne/zabawka-sluchawki-nauszne-lexibook-disney-stitch-angel-hp015d1;74.99;89.99;88.96;ME1409-200926
2026-09-19 17:28:24;Media Expert;Zabawka konsola LEXIBOOK Stitch JLMB10D;LEXIBOOK;Zabawki elektroniczne;-;https://www.mediaexpert.pl/zabawki/zabawki-kreatywne/zabawki-elektroniczne/zabawka-konsola-lexibook-stitch-jlmb10d;84.99;104.99;90.27;ME1409-200926
2026-09-19 17:28:24;Media Expert;Zabawka kasa sklepowa FISHER PRICE Ucz się i śmiej! Kupuj i skanuj JGW98;FISHER PRICE;Zabawki odgrywanie ról;-;https://www.mediaexpert.pl/zabawki/zabawki-odgrywanie-rol/zabawka-kasa-sklepowa-fisher-price-ucz-sie-i-smiej-kupuj-i-skanuj-jgw98;119.99;127.86;117.00;ME0109-300926
2026-09-19 17:28:24;Media Expert;Zabawka interaktywna HUGGY LUV Kot Czarny DKO0222;HUGGY LUV;Zabawki edukacyjne;-;https://www.mediaexpert.pl/zabawki/zabawki-edukacyjne/zabawki-edukacyjne/zabawka-interaktywna-huggy-luv-kot-czarny-dko0222;79.99;104.14;104.14;ME0409-300926
2026-09-19 17:28:25;Media Expert;Tor Hot Wheels City Warsztat Rozkładana opona JHL75;HOT WHEELS;Samochody i pojazdy zabawkowe;-;https://www.mediaexpert.pl/zabawki/kolejki-i-samochody-zabawkowe/samochody-i-pojazdy-zabawkowe/tor-hot-wheels-city-warsztat-rozkladana-opona-jhl75;56.99;74.52;74.27;ME0109-300926
2026-09-19 17:28:25;Media Expert;Zestaw pojazdów Hot Wheels Premium Formuła 1 Mercedes-Benz George Russell Kimi Antonelli JMM93 (2 szt.);HOT WHEELS;Samochody i pojazdy zabawkowe;-;https://www.mediaexpert.pl/zabawki/kolejki-i-samochody-zabawkowe/samochody-i-pojazdy-zabawkowe/zestaw-pojazdow-hot-wheels-premium-formula-1-mercedes-benz-george-russell-kimi-antonelli-jmm93-2-szt;64.99;78.49;69.99;ME0109-300926
2026-09-19 17:28:25;Media Expert;Motocykl zdalnie sterowany LEXIBOOK Moto Crosslander RC18;LEXIBOOK;Samochody zdalnie sterowane;-;https://www.mediaexpert.pl/zabawki/kolejki-i-samochody-zabawkowe/samochody-zdalnie-sterowane/motocykl-zdalnie-sterowany-lexibook-moto-crosslander-rc18;169.99;179.99;179.99;ME1409-200926
2026-09-19 17:28:25;Media Expert;Zabawka zegarek z kamerą LEXIBOOK Koci Domek Gabi DMW070GDH;LEXIBOOK;Zabawki elektroniczne;-;https://www.mediaexpert.pl/zabawki/zabawki-kreatywne/zabawki-elektroniczne/zabawka-zegarek-z-kamera-lexibook-koci-domek-gabi-dmw070gdh;142.49;180.33;149.99;ME1509-240926
2026-09-19 17:28:26;Media Expert;Zabawka lampka nocna LEXIBOOK Minionki NLJ01DES;LEXIBOOK;Zabawki elektroniczne;-;https://www.mediaexpert.pl/zabawki/zabawki-kreatywne/zabawki-elektroniczne/zabawka-lampka-nocna-lexibook-minionki-nlj01des;39.99;55.00;55.00;ME1409-200926
2026-09-19 17:28:26;Media Expert;Lalka SMILY PLAY Wróżka SP83895;SMILY PLAY;Lalki i akcesoria;-;https://www.mediaexpert.pl/zabawki/lalki-i-figurki/lalki-i-akcesoria/lalka-smily-play-wrozka-sp83895;19.99;36.35;24.49;ME1509-240926
2026-09-19 17:28:26;Media Expert;Zabawka krótkofalówki LEXIBOOK Psi Patrol TW25PA;LEXIBOOK;Zabawki elektroniczne;-;https://www.mediaexpert.pl/zabawki/zabawki-kreatywne/zabawki-elektroniczne/zabawka-krotkofalowki-lexibook-psi-patrol-tw25pa;123.49;169.99;129.99;ME1509-240926
2026-09-19 17:28:26;Media Expert;Samochód zdalnie sterowany Hot Wheels Monster Trucks Rageasaur JBH03;HOT WHEELS;Samochody zdalnie sterowane;-;https://www.mediaexpert.pl/zabawki/kolejki-i-samochody-zabawkowe/samochody-zdalnie-sterowane/samochod-zdalnie-sterowany-hot-wheels-monster-trucks-rageasaur-jbh03;209.99;221.45;189.09;ME0109-300926
2026-09-19 17:28:26;Media Expert;Zestaw kreatywny LEXIBOOK Stitch Projektor do rysowania CRP10D;LEXIBOOK;Zabawki kreatywne;-;https://www.mediaexpert.pl/zabawki/zabawki-kreatywne/zabawki-kreatywne/zestaw-kreatywny-lexibook-stitch-projektor-do-rysowania-crp10d;71.99;89.99;72.64;ME1409-200926
2026-09-19 17:28:27;Media Expert;Zabawka zegarek z kalendarzem KIDS EUROSWAN Pokémon POK4322;KIDS EUROSWAN;Zabawki elektroniczne;-;https://www.mediaexpert.pl/zabawki/zabawki-kreatywne/zabawki-elektroniczne/zabawka-zegarek-kids-euroswan-pokemon-z-kalendarzem-pok4322;37.99;59.99;39.99;ME1509-240926
2026-09-19 17:28:27;Media Expert;Zabawka interaktywna CHICCO Magic Forest Świecąca Wiewiórka z melodiami 00010063000000;CHICCO;Zabawki edukacyjne;-;https://www.mediaexpert.pl/zabawki/zabawki-edukacyjne/zabawki-edukacyjne/zabawka-interaktywna-chicco-magic-forest-swiecaca-wiewiorka-z-melodiami-00010063000000;65.99;94.54;68.99;ME1509-240926
2026-09-19 17:28:27;Media Expert;Zabawka budzik z lampką nocną LEXIBOOK Barbie RL800BB;LEXIBOOK;Zabawki elektroniczne;-;https://www.mediaexpert.pl/zabawki/zabawki-kreatywne/zabawki-elektroniczne/zabawka-budzik-z-lampka-nocna-lexibook-barbie-rl800bb;99.99;139.99;104.99;ME1509-240926
2026-09-19 17:28:27;Media Expert;Zabawka krótkofalówki LEXIBOOK Bluey RPTW12BY;LEXIBOOK;Zabawki elektroniczne;-;https://www.mediaexpert.pl/zabawki/zabawki-kreatywne/zabawki-elektroniczne/zabawka-krotkofalowki-lexibook-bluey-rptw12by;114.99;187.00;120.99;ME1509-240926
2026-09-19 17:28:28;Media Expert;Zabawka aparat LEXIBOOK Dinozaur 4w1 DJ078DINO;LEXIBOOK;Zabawki elektroniczne;-;https://www.mediaexpert.pl/zabawki/zabawki-kreatywne/zabawki-elektroniczne/zabawka-aparat-lexibook-dinozaur-4w1-dj078dino;129.99;169.99;141.87;ME1409-200926
2026-09-19 17:28:28;Media Expert;Zabawka aparat LEXIBOOK 3D Spider-Man DJ078SP;LEXIBOOK;Zabawki elektroniczne;-;https://www.mediaexpert.pl/zabawki/zabawki-kreatywne/zabawki-elektroniczne/zabawka-aparat-lexibook-3d-spider-man-dj078sp;139.99;149.68;148.48;ME1409-200926
2026-09-19 17:28:28;Media Expert;Zabawka gitara elektryczna LEXIBOOK Psi patrol K260PA;LEXIBOOK;Instrumenty dla dzieci;-;https://www.mediaexpert.pl/zabawki/instrumenty-dla-dzieci/zabawka-gitara-elektryczna-lexibook-psi-patrol-k260pa;119.99;129.99;128.11;ME1409-200926
2026-09-19 17:28:28;Media Expert;Zabawka kalkulator LEXIBOOK Spider-Man C45SP;LEXIBOOK;Zabawki elektroniczne;-;https://www.mediaexpert.pl/zabawki/zabawki-kreatywne/zabawki-elektroniczne/zabawka-kalkulator-lexibook-spider-man-c45sp;24.49;32.99;25.49;ME1509-240926
2026-09-19 17:28:29;Media Expert;Pistolet na wodę DUMEL Piesek Bitwa Wodna DD30814;DUMEL;Pistolety na wodę;-;https://www.mediaexpert.pl/zabawki/zabawki-zrecznosciowe-i-plenerowe/pistolety-na-wode/pistolet-na-wode-dumel-piesek-bitwa-wodna-dd30814;39.49;55.07;41.49;ME1509-240926
2026-09-19 17:28:29;Media Expert;Zabawka zestaw kosmetyczny CRA-Z-ART 3w1 CRSS18;CRA-Z-ART;Zabawki odgrywanie ról;-;https://www.mediaexpert.pl/zabawki/zabawki-odgrywanie-rol/zabawka-zestaw-kosmetyczny-cra-z-art-3w1-crss18;54.99;79.99;57.99;ME1509-240926
2026-09-19 17:28:29;Media Expert;Maskotka SMILY PLAY Fluffy Fam Pies Bull Dog;SMILY PLAY;Pluszaki;-;https://www.mediaexpert.pl/zabawki/zabawki-dla-najmlodszych/pluszaki/maskotka-smily-play-fluffy-fam-pies-bull-dog;37.99;64.99;39.99;ME1509-240926
2026-09-19 17:28:29;Media Expert;Zabawka krótkofalówka LEXIBOOK Stitch RPTW12D;LEXIBOOK;Zabawki elektroniczne;-;https://www.mediaexpert.pl/zabawki/zabawki-kreatywne/zabawki-elektroniczne/zabawka-krotkofalowka-lexibook-stitch-rptw12d;109.99;148.31;120.99;ME1509-240926
2026-09-19 17:28:29;Media Expert;Lalka ANTONIO JUAN Erika z kocykiem i butelką 33002;ANTONIO JUAN;Lalki i akcesoria;-;https://www.mediaexpert.pl/zabawki/lalki-i-figurki/lalki-i-akcesoria/lalka-antonio-juan-erika-z-kocykiem-i-butelka-33002;229.99;276.87;241.79;ME1509-240926
2026-09-19 17:28:30;Media Expert;Skarbonka LEXIBOOK Disney Toy Story Lotso JG140TS1;LEXIBOOK;Zabawki elektroniczne;-;https://www.mediaexpert.pl/zabawki/zabawki-kreatywne/zabawki-elektroniczne/skarbonka-lexibook-disney-toy-story-lotso-jg140ts1;129.99;190.99;137.99;ME1509-240926
2026-09-19 17:28:30;Media Expert;Zabawka mikrofon LEXIBOOK Stitch S160D;LEXIBOOK;Zabawki elektroniczne;-;https://www.mediaexpert.pl/zabawki/zabawki-kreatywne/zabawki-elektroniczne/zabawka-mikrofon-lexibook-stitch-s160d;109.99;195.00;116.99;ME1509-240926
2026-09-19 17:28:30;Media Expert;Zestaw figurek MINECRAFT Tricky Trials JKK15;MINECRAFT;Figurki dla dzieci;-;https://www.mediaexpert.pl/zabawki/lalki-i-figurki/figurki-dla-dzieci/zestaw-figurek-minecraft-tricky-trials-jkk15;99.99;119.90;100.45;ME0109-300926
2026-09-19 17:28:30;Media Expert;Tor Hot Wheels City Pętla T-Rexa JBM73;HOT WHEELS;Samochody i pojazdy zabawkowe;-;https://www.mediaexpert.pl/zabawki/kolejki-i-samochody-zabawkowe/samochody-i-pojazdy-zabawkowe/tor-hot-wheels-city-petla-t-rexa-jbm73;163.23;163.23;0.00;ME0109-300926
2026-09-19 17:28:31;Media Expert;Tor Hot Wheels City Mega Myjna pętla + auto JHL97;HOT WHEELS;Samochody i pojazdy zabawkowe;-;https://www.mediaexpert.pl/zabawki/kolejki-i-samochody-zabawkowe/samochody-i-pojazdy-zabawkowe/tor-hot-wheels-city-mega-myjna-petla-auto-jhl97;149.99;184.95;184.95;ME0109-300926
2026-09-19 17:28:31;Media Expert;Zabawka interaktywna PUPPY LUV Piesek Junior Cookie DKO0105;PUPPY LUV;Zabawki edukacyjne;-;https://www.mediaexpert.pl/zabawki/zabawki-edukacyjne/zabawki-edukacyjne/zabawka-interaktywna-puppy-luv-piesek-junior-cookie-dko0105;49.99;78.74;78.74;ME0409-300926
2026-09-19 17:28:31;Media Expert;Zestaw kreatywny LEXIBOOK Tablica magnetyczna do rysowania Spidey i Super kumple CRSP550;LEXIBOOK;Zabawki kreatywne;-;https://www.mediaexpert.pl/zabawki/zabawki-kreatywne/zabawki-kreatywne/zestaw-kreatywny-lexibook-tablica-magnetyczna-do-rysowania-spidey-i-super-kumple-crsp550;69.99;84.99;84.99;ME1409-200926
2026-09-19 17:28:31;Media Expert;Zabawka słuchawki nauszne LEXIBOOK Star Wars Mandalorian Grogu HPBT010SW;LEXIBOOK;Zabawki elektroniczne;-;https://www.mediaexpert.pl/zabawki/zabawki-kreatywne/zabawki-elektroniczne/zabawka-sluchawki-nauszne-lexibook-star-wars-mandalorian-grogu-hpbt010sw;104.99;124.99;124.99;ME1409-200926
2026-09-19 17:28:32;Media Expert;Zabawka słuchawki nauszne LEXIBOOK 3D LED Star Wars Mandalorian Groku HPBT015SW;LEXIBOOK;Zabawki elektroniczne;-;https://www.mediaexpert.pl/zabawki/zabawki-kreatywne/zabawki-elektroniczne/zabawka-sluchawki-nauszne-lexibook-3d-led-star-wars-mandalorian-groku-hpbt015sw;119.99;170.00;149.99;ME1409-200926
2026-09-19 17:28:32;Media Expert;Zabawka głośnik mobilny LEXIBOOK Disney Toy Story BT018TS;LEXIBOOK;Zabawki elektroniczne;-;https://www.mediaexpert.pl/zabawki/zabawki-kreatywne/zabawki-elektroniczne/zabawka-glosnik-mobilny-lexibook-disney-toy-story-bt018ts;89.99;104.74;104.74;ME1409-200926
2026-09-19 17:28:32;Media Expert;Zabawka Wąż Amfibia zdalnie sterowany LEXIBOOK SNAKE01;LEXIBOOK;Zabawki elektroniczne;-;https://www.mediaexpert.pl/zabawki/zabawki-kreatywne/zabawki-elektroniczne/zabawka-waz-amfibia-zdalnie-sterowany-lexibook-snake01;119.99;169.99;169.99;ME1409-200926
2026-09-19 17:28:32;Media Expert;Zabawka słuchawki nauszne LEXIBOOK Snoopy HPBT010PN;LEXIBOOK;Zabawki elektroniczne;-;https://www.mediaexpert.pl/zabawki/zabawki-kreatywne/zabawki-elektroniczne/zabawka-sluchawki-nauszne-lexibook-snoopy-hpbt010pn;69.99;84.99;84.99;ME1409-200926
2026-09-19 17:28:32;Media Expert;Zabawka głośnik mobilny LEXIBOOK Disney Stitch BTP585D1Z;LEXIBOOK;Zabawki elektroniczne;-;https://www.mediaexpert.pl/zabawki/zabawki-kreatywne/zabawki-elektroniczne/zabawka-glosnik-mobilny-lexibook-disney-stitch-btp585d1z;169.99;186.34;185.73;ME1409-200926
2026-09-19 17:28:33;Media Expert;Zabawka keyboard LEXIBOOK Disney Stitch K707D;LEXIBOOK;Instrumenty dla dzieci;-;https://www.mediaexpert.pl/zabawki/instrumenty-dla-dzieci/zabawka-keyboard-lexibook-disney-stitch-k707d;199.99;229.90;214.76;ME1409-200926
2026-09-19 17:28:33;Media Expert;Zabawka CHICCO My Wood Friends Drewniana rodzinka 2 Liski Zestaw Tata 00012208500000;CHICCO;Pozostałe zabawki;-;https://www.mediaexpert.pl/zabawki/pozostale-zabawki/zabawka-chicco-my-wood-friends-drewniana-rodzinka-2-liski-zestaw-tata-00012208500000;12.79;18.78;13.49;ME1509-240926
2026-09-19 17:28:33;Media Expert;Zestaw kreatywny JOLLY BABY Książeczka Kolorowa farma JB82601;JOLLY BABY;Zabawki kreatywne;-;https://www.mediaexpert.pl/zabawki/zabawki-kreatywne/zabawki-kreatywne/zestaw-kreatywny-jolly-baby-ksiazeczka-kolorowa-farma-jb82601;40.99;49.35;42.99;ME1509-240926
2026-09-19 17:28:33;Media Expert;Maskotka TY Squishy Beanies Marvel Groot 39251;TY;Pluszaki;-;https://www.mediaexpert.pl/zabawki/zabawki-dla-najmlodszych/pluszaki/maskotka-ty-squishy-beanies-marvel-groot-39251;19.99;29.99;20.99;ME1509-240926
2026-09-19 17:28:34;Media Expert;Zestaw kreatywny EPEE Zestaw uzupełniający Naklejkomat EP 60703;EPEE;Zabawki kreatywne;-;https://www.mediaexpert.pl/zabawki/zabawki-kreatywne/zabawki-kreatywne/zestaw-kreatywny-epee-zestaw-uzupelniajacy-naklejkomat-ep-60703;49.99;62.13;52.99;ME1509-240926
2026-09-19 17:28:34;Media Expert;Lalka CHICCO My First Doll Moja mala laleczka kwiatek 00012193300000;CHICCO;Lalki i akcesoria;-;https://www.mediaexpert.pl/zabawki/lalki-i-figurki/lalki-i-akcesoria/lalka-chicco-my-first-doll-moja-mala-laleczka-kwiatek-00012193300000;39.99;53.99;42.49;ME1509-240926
2026-09-19 17:28:34;Media Expert;Zabawka grabki GARDENA Ogrodnicze dla dzieci;GARDENA;Zabawki odgrywanie ról;-;https://www.mediaexpert.pl/zabawki/zabawki-odgrywanie-rol/zabawka-grabki-gardena-ogrodnicze-dla-dzieci;24.99;39.99;26.49;ME1509-240926
2026-09-19 17:28:34;Media Expert;Ciastolina SCENTOS Maszynka do lodów ST 42973;SCENTOS;Zabawki kreatywne;-;https://www.mediaexpert.pl/zabawki/zabawki-kreatywne/zabawki-kreatywne/ciastolina-scentos-maszynka-do-lodow-st-42973;42.99;59.87;44.99;ME1509-240926
2026-09-19 17:28:35;Media Expert;Zabawka zestaw do makijażu MARTINELIA Super Girl Kosmetyczka 85540;Martinelia;Zabawki odgrywanie ról;-;https://www.mediaexpert.pl/zabawki/zabawki-odgrywanie-rol/zabawka-zestaw-do-makijazu-martinelia-super-girl-kosmetyczka-85540;42.99;61.99;44.99;ME1509-240926
2026-09-19 17:28:35;Media Expert;Pamiętnik KIDS EUROSWAN Disney Stitch ST00083;KIDS EUROSWAN;Zabawki elektroniczne;-;https://www.mediaexpert.pl/zabawki/zabawki-kreatywne/zabawki-elektroniczne/pamietnik-kids-euroswan-disney-stitch-st00083;79.79;100.97;83.99;ME1509-240926
2026-09-19 17:28:35;Media Expert;Zabawka zegarek z kalendarzem KIDS EUROSWAN Harry Potter HP4118;KIDS EUROSWAN;Zabawki elektroniczne;-;https://www.mediaexpert.pl/zabawki/zabawki-kreatywne/zabawki-elektroniczne/zabawka-zegarek-z-kalendarzem-kids-euroswan-harry-potter-hp4118;37.99;59.99;39.99;ME1509-240926
2026-09-19 17:28:35;Media Expert;Pistolet na wodę COLOR BABY 47124 (1 pistolet);COLOR BABY;Pistolety na wodę;-;https://www.mediaexpert.pl/zabawki/zabawki-zrecznosciowe-i-plenerowe/pistolety-na-wode/pistolet-na-wode-color-baby-47124-1-pistolet;31.99;54.99;33.49;ME1509-240926
2026-09-19 17:28:36;Media Expert;Maskotka TY Beanie Boos Cinder Zielony smok 37052;TY;Pluszaki;-;https://www.mediaexpert.pl/zabawki/zabawki-dla-najmlodszych/pluszaki/maskotka-ty-beanie-boos-cinder-zielony-smok-37052;41.79;64.99;43.99;ME1509-240926
2026-09-19 17:28:36;Media Expert;Masa plastyczna MAPED CREATIV Fabryka Dinozaurów 907210;MAPED CREATIV;Zabawki kreatywne;-;https://www.mediaexpert.pl/zabawki/zabawki-kreatywne/zabawki-kreatywne/masa-plastyczna-maped-creativ-fabryka-dinozaurow-907210;44.99;69.99;55.49;ME1509-240926
2026-09-19 17:28:36;Media Expert;Zabawka głośnik mobilny LEXIBOOK Naruto BT018NA;LEXIBOOK;Zabawki elektroniczne;-;https://www.mediaexpert.pl/zabawki/zabawki-kreatywne/zabawki-elektroniczne/zabawka-glosnik-mobilny-lexibook-naruto-bt018na;73.99;99.99;77.49;ME1509-240926
2026-09-19 17:28:36;Media Expert;Zabawka edukacyjna CHICCO Kolorowy tort 00012555000000;CHICCO;Zabawki edukacyjne;-;https://www.mediaexpert.pl/zabawki/zabawki-edukacyjne/zabawki-edukacyjne/zabawka-edukacyjna-chicco-kolorowy-tort-00012555000000;47.49;75.00;49.99;ME1509-240926
2026-09-19 17:28:36;Media Expert;Zabawka budzik z lampką nocną KIDS EUROSWAN Spider-Man SPD3621;KIDS EUROSWAN;Zabawki elektroniczne;-;https://www.mediaexpert.pl/zabawki/zabawki-kreatywne/zabawki-elektroniczne/zabawka-budzik-z-lampka-nocna-kids-euroswan-spider-man-spd3621;109.99;139.10;116.99;ME1509-240926
2026-09-19 17:28:37;Media Expert;Zabawka budzik z lampką nocną LEXIBOOK Asterix RL800AX2;LEXIBOOK;Zabawki elektroniczne;-;https://www.mediaexpert.pl/zabawki/zabawki-kreatywne/zabawki-elektroniczne/zabawka-budzik-z-lampka-nocna-lexibook-asterix-rl800ax2;99.99;129.99;104.99;ME1509-240926
2026-09-19 17:28:37;Media Expert;Zabawka edukacyjna DUMEL Tech Zestaw Naukowy DT38914;DUMEL;Zabawki edukacyjne;-;https://www.mediaexpert.pl/zabawki/zabawki-edukacyjne/zabawki-edukacyjne/zabawka-edukacyjna-dumel-tech-zestaw-naukowy-dt38914;123.49;154.81;129.99;ME1509-240926
2026-09-19 17:28:37;Media Expert;Zabawka zestaw do makijażu MARTINELIA Yummy Donut Dream Plecak 85466;Martinelia;Zabawki odgrywanie ról;-;https://www.mediaexpert.pl/zabawki/zabawki-odgrywanie-rol/zabawka-zestaw-do-makijazu-martinelia-yummy-donut-dream-plecak-85466;75.99;108.99;79.99;ME1509-240926
2026-09-19 17:28:37;Media Expert;Zestaw do piasku COLOR BABY Świnka Peppa 77337;COLOR BABY;Zabawki do piaskownicy;-;https://www.mediaexpert.pl/zabawki/zabawki-zrecznosciowe-i-plenerowe/zabawki-do-piaskownicy/zestaw-do-piasku-color-baby-swinka-peppa-77337;29.99;64.99;31.99;ME1509-240926
2026-09-19 17:28:38;Media Expert;Zabawka lampka nocna z głośnikiem LEXIBOOK Asterix NS02AX;LEXIBOOK;Zabawki elektroniczne;-;https://www.mediaexpert.pl/zabawki/zabawki-kreatywne/zabawki-elektroniczne/zabawka-lampka-nocna-z-glosnikiem-lexibook-asterix-ns02ax;85.49;123.31;89.99;ME1509-240926
2026-09-19 17:28:38;Media Expert;Zabawka słuchawki nauszne LEXIBOOK Dora HPBT010DOR;LEXIBOOK;Zabawki elektroniczne;-;https://www.mediaexpert.pl/zabawki/zabawki-kreatywne/zabawki-elektroniczne/zabawka-sluchawki-nauszne-lexibook-dora-hpbt010dor;85.49;124.99;89.99;ME1509-240926
2026-09-19 17:28:38;Media Expert;Zabawka odkurzacz DIRT DEVIL Kids;DIRT DEVIL;Zabawki odgrywanie ról;-;https://www.mediaexpert.pl/zabawki/zabawki-odgrywanie-rol/zabawka-odkurzacz-dirt-devil-kids-pionowy;79.79;119.99;83.99;ME1509-240926
2026-09-19 17:28:38;Media Expert;Zabawka lampka nocna z głośnikiem LEXIBOOK Disney Stitch NS02D;LEXIBOOK;Zabawki elektroniczne;-;https://www.mediaexpert.pl/zabawki/zabawki-kreatywne/zabawki-elektroniczne/zabawka-lampka-nocna-z-glosnikiem-lexibook-disney-stitch-ns02d;85.49;126.99;89.99;ME1509-240926
2026-09-19 17:28:39;Media Expert;Zestaw kreatywny LEXIBOOK Tablet do rysowania E-ink CRT10NA;LEXIBOOK;Zabawki kreatywne;-;https://www.mediaexpert.pl/zabawki/zabawki-kreatywne/zabawki-kreatywne/zestaw-kreatywny-lexibook-tablet-do-rysowania-e-ink-crt10na;79.99;124.99;92.99;ME1509-240926
2026-09-19 17:28:39;Media Expert;Zabawka budzik z lampką nocną LEXIBOOK Dora RL800DOR;LEXIBOOK;Zabawki elektroniczne;-;https://www.mediaexpert.pl/zabawki/zabawki-kreatywne/zabawki-elektroniczne/zabawka-budzik-z-lampka-nocna-lexibook-dora-rl800dor;99.99;148.99;104.99;ME1509-240926
2026-09-19 17:28:39;Media Expert;Zabawka konsola LEXIBOOK Superman JL3180SU;LEXIBOOK;Zabawki elektroniczne;-;https://www.mediaexpert.pl/zabawki/zabawki-kreatywne/zabawki-elektroniczne/zabawka-konsola-lexibook-superman-jl3180su;151.99;202.08;159.99;ME1509-240926
2026-09-19 17:28:39;Media Expert;Maskotka TY Beanie Boos Pixy Jednorożec 36859;TY;Pluszaki;-;https://www.mediaexpert.pl/zabawki/zabawki-dla-najmlodszych/pluszaki/maskotka-ty-beanie-boos-pixy-jednorozec-36859;104.49;154.99;109.99;ME1509-240926
2026-09-19 17:28:39;Media Expert;Zabawka głośnik mobilny LEXIBOOK Disney Stitch BTC030D;LEXIBOOK;Zabawki elektroniczne;-;https://www.mediaexpert.pl/zabawki/zabawki-kreatywne/zabawki-elektroniczne/zabawka-glosnik-mobilny-lexibook-disney-stitch-btc030d;170.99;224.00;179.99;ME1509-240926
2026-09-19 17:28:40;Media Expert;Lalka ANTONIO JUAN Toneta 70332;ANTONIO JUAN;Lalki i akcesoria;-;https://www.mediaexpert.pl/zabawki/lalki-i-figurki/lalki-i-akcesoria/lalka-antonio-juan-toneta-70332;159.99;217.37;184.99;ME1509-240926
2026-09-19 17:28:40;Media Expert;Zabawka interaktywna EPEE Milusie Piesek EP03950;EPEE;Zabawki edukacyjne;-;https://www.mediaexpert.pl/zabawki/zabawki-edukacyjne/zabawki-edukacyjne/pluszak-interaktywny-milusie-piesek;94.99;159.00;99.99;ME1509-240926
2026-09-19 17:28:40;Media Expert;Zabawka budzik z lampką nocną LEXIBOOK Avengers Kapitan Ameryka RL800AV1;LEXIBOOK;Zabawki elektroniczne;-;https://www.mediaexpert.pl/zabawki/zabawki-kreatywne/zabawki-elektroniczne/zabawka-budzik-z-lampka-nocna-lexibook-marvel-avengers-kapitan-ameryka-rl800av1;79.99;149.90;99.99;ME1509-240926
2026-09-19 17:28:40;Media Expert;Zabawka DUMEL Discovery Wózek z hamburgerami DD 44577;DUMEL;Zabawki odgrywanie ról;-;https://www.mediaexpert.pl/zabawki/zabawki-odgrywanie-rol/zabawka-dumel-discovery-wozek-z-hamburgerami-dd-44577;129.99;206.30;164.99;ME1509-240926
2026-09-19 17:28:41;Media Expert;Zabawka zestaw do makijażu MARTINELIA Little Unicorn Mega wielki zestaw piękności 44341;Martinelia;Zabawki odgrywanie ról;-;https://www.mediaexpert.pl/zabawki/zabawki-odgrywanie-rol/zabawka-zestaw-do-makijazu-martinelia-little-unicorn-mega-wielki-zestaw-pieknosci-44341;199.49;279.99;209.99;ME1509-240926
2026-09-19 17:28:41;Media Expert;Zabawka zestaw do makijażu MARTINELIA Let's Be Mermaids Walizka na kółkach 44402;Martinelia;Zabawki odgrywanie ról;-;https://www.mediaexpert.pl/zabawki/zabawki-odgrywanie-rol/zabawka-zestaw-do-makijazu-martinelia-let-s-be-mermaids-walizka-na-kolkach-44402;249.99;359.99;264.99;ME1509-240926
2026-09-19 17:28:41;Media Expert;Maskotka TY Beanie Boos Jednorożec 99998;TY;Pluszaki;-;https://www.mediaexpert.pl/zabawki/zabawki-dla-najmlodszych/pluszaki/maskotka-ty-beanie-boos-jednorozec-99998;299.99;499.99;354.99;ME1509-240926
2026-09-19 17:28:41;Media Expert;Zabawka aparat KIDS EUROSWAN Sonic the Hedgehog SNCC3009;KIDS EUROSWAN;Zabawki elektroniczne;-;https://www.mediaexpert.pl/zabawki/zabawki-kreatywne/zabawki-elektroniczne/zabawka-aparat-kids-euroswan-sonic-the-hedgehog-sncc3009;179.99;260.56;223.99;ME1509-240926
2026-09-19 17:28:42;Media Expert;Bujaczek KINDERKRAFT Mimi Beżowy;KINDERKRAFT;Bujaczki dla dzieci;-;https://www.mediaexpert.pl/agd-male/dla-dziecka/bujaczki-dla-dzieci/lezaczek-kinderkraft-mimi-bezowy;164.99;229.99;184.50;ME1109-220926
2026-09-19 17:28:42;Media Expert;Krzesełko do karmienia KINDERKRAFT Yummy Różowy;KINDERKRAFT;Krzesełka do karmienia;-;https://www.mediaexpert.pl/agd-male/dla-dziecka/krzeselka-do-karmienia/krzeselko-do-karmienia-kinderkraft-yummy-rozowy;239.99;339.99;242.31;ME1109-220926
