2026-09-19 17:27:04;Media Expert;"Laptop ACER Nitro V 17 AI ANV17-41 NH.QYVEP.00B 17.3"" IPS 165Hz R7-260 16GB RAM 1TB SSD GeForce RTX5060 DLSS 4, Funkcje AI";ACER;Laptopy;-;https://www.mediaexpert.pl/komputery-i-tablety/laptopy-i-ultrabooki/laptopy/laptop-acer-nitro-v-17-ai-anv17-41-nh-qyvep-00b-17-3-ips-165hz-r7-260-16gb-ram-1tb-ssd-geforce-rtx5060-dlss-4-funkcje-ai;4939.00;6999.99;6099.00;WRZESIEN1809
2026-09-19 17:27:04;Media Expert;"Smartfon SAMSUNG Galaxy S25 Ultra 5G 12/512GB 6.9"" 120Hz Tytanowy Czarny Plus SM-S938";SAMSUNG;Smartfony;-;https://www.mediaexpert.pl/smartfony-i-zegarki/smartfony/smartfon-samsung-galaxy-s25-ultra-5g-12-512gb-6-9-120hz-tytanowy-czarny-plus-sm-s938;4649.00;5699.99;4689.00;WRZESIEN1809
2026-09-19 17:27:04;Media Expert;Klawiatura REDRAGON K708GF-RGB-PRO Flekact PRO ART;REDRAGON;Klawiatury;-;https://www.mediaexpert.pl/komputery-i-tablety/klawiatury-komputerowe/klawiatury/klawiatura-redragon-k708gf-rgb-pro-flekact-pro-art;328.00;379.99;329.00;WRZESIEN1809
2026-09-19 17:27:05;Media Expert;Suszarka ELECTROLUX 600 GentleCare MEWD268MCEP 66.2 cm;ELECTROLUX;Suszarki;-;https://www.mediaexpert.pl/agd/pralki-i-suszarki/suszarki/suszarka-electrolux-600-gentlecare-mewd268mcep-66-2-cm;2199.00;2599.99;2299.99;WRZESIEN1809
2026-09-19 17:27:05;Media Expert;Odkurzacz pionowy MOVA S7 Stick Vacuum Bezprzewodowy;MOVA;Odkurzacze pionowe;-;https://www.mediaexpert.pl/agd-male/sprzatanie/odkurzacze-pionowe/mova-s7-stick-vacuum;589.99;1029.99;599.00;WRZESIEN1809
2026-09-19 17:27:05;Media Expert;Air Fryer Frytkownica beztłuszczowa HISENSE HAF2100DCD 7.7l z 10 automatycznymi programami i okienkiem do obserwacji postępów gotowania;HISENSE;Frytkownice;-;https://www.mediaexpert.pl/agd-male/do-kuchni/frytownice/air-fryer-frytkownica-beztluszczowa-hisense-haf2100dcd-7-7l-z-10-automatycznymi-programami-i-okienkiem-do-obserwacji-pos;269.99;349.99;299.99;WRZESIEN1809
2026-09-19 17:27:05;Media Expert;Płyn do prania JELP Baby 0+ Color 1500 ml do kolorowych tkanin dla niemowląt;JELP;Płyny do prania;-;https://www.mediaexpert.pl/supermarket/srodki-czystosci/plyny-do-prania/plyn-do-prania-jelp-baby-0-color-1500-ml-do-kolorowych-tkanin-dla-niemowlat;29.99;29.99;0.00;
2026-09-19 17:27:06;Media Expert;Ładowarka sieciowa XLINE WC620W 20W+20W Biały ładowarka do telefonu USB, USB-C;XLINE;Ładowarki do telefonu;-;https://www.mediaexpert.pl/smartfony-i-zegarki/akcesoria-do-telefonow/ladowarki-sieciowe/ladowarka-sieciowa-x-line-wc620w-20w-18w-bialy;89.99;89.99;0.00;
2026-09-19 17:27:06;Media Expert;Powerbank FROGGIEX FX-P5-B1-W Biały;FROGGIEX;Pozostałe akcesoria;-;https://www.mediaexpert.pl/gaming/akcesoria-do-konsol/pozostale-akcesoria/powerbank-froggiex-fx-p5-b1-w-bialy;79.99;79.99;0.00;
2026-09-19 17:27:06;Media Expert;"Telewizor PHILIPS 65PUS8010 65"" LED 4K Titan OS Ambilight 3 Dolby Atmos HDMI 2.1";PHILIPS;Telewizory;-;https://www.mediaexpert.pl/telewizory-i-rtv/telewizory/telewizor-philips-65pus8010-65-led-4k-titan-os-ambilight-3-dolby-atmos-hdmi-2-1;2199.00;2399.00;2399.00;ME1409-071026
2026-09-19 17:27:06;Media Expert;Soundbar TCL Q75HE Czarny 5.1.2-kanałowy, Bezprzewodowy Subwoofer, 4K HDR, HDMI-CEC, Wi-Fi, BT, AirPlay2, Dolby Atmos, DTS:X;TCL;Soundbary;-;https://www.mediaexpert.pl/telewizory-i-rtv/kina-domowe/soundbary/soundbar-tcl-q75he-czarny;1498.96;1999.00;1498.97;ME1709-031026
2026-09-19 17:27:07;Media Expert;Wieża BLAUPUNKT MS30.2BT Biała, HDMI ARC, Odtw.CD/-R/-RW, Bluetooth, Tuner FM z cyfrową syntezą PLL, Wejście USB;BLAUPUNKT;Wieże;-;https://www.mediaexpert.pl/telewizory-i-rtv/hi-fi-audio/wieze-male/mikrowieza-blaupunkt-ms30-2bt-bialy;434.99;449.00;448.99;ME0709-300926
2026-09-19 17:27:07;Media Expert;Power Audio SHARP PS-932, 180W, Bluetooth, Bateria 13 godzin,  Mikrofon w zestawie, IPX4, Tryb super bass;SHARP;Power audio;-;https://www.mediaexpert.pl/telewizory-i-rtv/hi-fi-audio/power-audio/power-audio-sharp-ps-932-mikrofon-karaoke;414.99;439.00;439.00;ME0609-300926
2026-09-19 17:27:07;Media Expert;Odtwarzacz sieciowy IMPERIAL Dabman I510 Czarny;IMPERIAL;Odtwarzacze sieciowe;-;https://www.mediaexpert.pl/telewizory-i-rtv/blu-ray-dvd-nagrywarki/odtwaarzacze-sieciowe/odtwarzacz-sieciowy-imperial-dabman-i510-czarny;809.99;949.00;949.00;ME0709-300926
2026-09-19 17:27:07;Media Expert;Słuchawki nauszne XMUSIC XWH500K ANC Czarny;XMUSIC;Słuchawki;-;https://www.mediaexpert.pl/telewizory-i-rtv/sluchawki/wszystkie-sluchawki/sluchawki-nauszne-xmusic-xwh500k-anc-czarny;139.99;169.99;149.00;RW0109-3009
2026-09-19 17:27:07;Media Expert;Słuchawki dokanałowe MOTOROLA Moto Buds Bass ANC Zielony;MOTOROLA;Słuchawki;-;https://www.mediaexpert.pl/telewizory-i-rtv/sluchawki/wszystkie-sluchawki/sluchawki-dokanalowe-motorola-moto-buds-bass-anc-zielony;159.99;174.99;174.99;ME0609-300926
2026-09-19 17:27:08;Media Expert;Słuchawki nauszne UGREEN HiTune Max 5C ANC Czarny;UGREEN;Słuchawki;-;https://www.mediaexpert.pl/telewizory-i-rtv/sluchawki/wszystkie-sluchawki/sluchawki-nauszne-ugreen-hitune-max-5c-anc-czarny;114.98;114.98;0.00;
2026-09-19 17:27:08;Media Expert;Głośnik mobilny XMUSIC BTS850B  Bluetooth 5.0, 30W, IPX6, Przenośny z TWS, Powerbank & Radio FM , Niebieski;XMUSIC;Głośniki Bluetooth;-;https://www.mediaexpert.pl/telewizory-i-rtv/hi-fi-audio/glosniki-mobilne/glosnik-mobilny-xmusic-bts850b-niebieski;229.97;269.99;229.98;RW0109-3009
2026-09-19 17:27:08;Media Expert;Radio AIWA RS-44 Czarny;AIWA;Radia;-;https://www.mediaexpert.pl/telewizory-i-rtv/drobny-sprzet-rtv/radia/radio-aiwa-rs-44-czarny;124.98;159.00;124.99;ME0709-300926
2026-09-19 17:27:08;Media Expert;Radio KENWOOD CR-M30DAB-R Cyfrowe Przenośne Różowy;KENWOOD;Radia;-;https://www.mediaexpert.pl/telewizory-i-rtv/drobny-sprzet-rtv/radia/radio-kenwood-cr-m30dab-r-cyfrowe-przenosne-rozowy;259.99;299.00;299.00;ME0709-300926
2026-09-19 17:27:09;Media Expert;Radiobudzik JVC RA-E111B Czarny, Tuner FM/AM, Wyświetlacz LED, Funkcja Alarmu i drzemki, Zasilanie Bateryjno-sieciowe;JVC;Radiobudziki;-;https://www.mediaexpert.pl/telewizory-i-rtv/drobny-sprzet-rtv/radiobudziki/radiobudzik-jvc-ra-e111b-czarny;79.99;89.00;84.98;ME0709-300926
2026-09-19 17:27:09;Media Expert;Gramofon LENCO LS-570OK Drewno;LENCO;Gramofony;-;https://www.mediaexpert.pl/telewizory-i-rtv/hi-fi-audio/gramofony/gramofon-lenco-ls-570ok-drewno;1489.99;1574.99;1574.99;ME0709-300926
2026-09-19 17:27:09;Media Expert;Radio samochodowe VORDON AC-920 Bluetooth Pilot;VORDON;Radia samochodowe;-;https://www.mediaexpert.pl/telewizory-i-rtv/car-audio/radia-samochodowe/radio-samochodowe-vordon-ac-920;498.99;599.00;499.77;ME2408-300926
2026-09-19 17:27:09;Media Expert;Kabel HDMI - HDMI UNITEK 10 m;UNITEK;Kable audio-video;-;https://www.mediaexpert.pl/telewizory-i-rtv/kable-telewizyjne-i-audio/przewody-audio-video/unitek-kabel-high-speed-hdmi-2-0-4k-c11043bk-10-m;61.52;79.99;74.98;ME0309-300926
2026-09-19 17:27:10;Media Expert;Kabel optyczny HDMI - HDMI UNITEK 50 m;UNITEK;Kable audio-video;-;https://www.mediaexpert.pl/telewizory-i-rtv/kable-telewizyjne-i-audio/przewody-audio-video/kabel-hdmi-hdmi-unitek-50-m-2;219.00;309.00;220.21;ME1509-270926
2026-09-19 17:27:10;Media Expert;Głośnik mobilny XMUSIC BTS850G  Bluetooth 5.0, 30W, IPX6, Przenośny z TWS, Powerbank & Radio FM , Szary;XMUSIC;Głośniki Bluetooth;-;https://www.mediaexpert.pl/telewizory-i-rtv/hi-fi-audio/glosniki-mobilne/glosnik-mobilny-xmusic-bts850g-szary;159.98;199.99;199.99;RW0109-3009
2026-09-19 17:27:10;Media Expert;"Laptop LENOVO Yoga 7 2-in-1 14ILL10 14"" OLED Ultra 7-256V 16GB RAM 512GB SSD Windows 11 Home";LENOVO;Laptopy;-;https://www.mediaexpert.pl/komputery-i-tablety/laptopy-i-ultrabooki/laptopy/laptop-lenovo-yoga-7-2-in-1-14ill10-14-oled-ultra-7-256v-16gb-ram-512gb-ssd-windows-11-home;4699.97;5499.99;4699.98;RW0109-3009
2026-09-19 17:27:10;Media Expert;"Tablet APPLE iPad mini 8.3"" 7 gen. 128 GB 5G Wi-Fi Niebieski";APPLE;Tablety;-;https://www.mediaexpert.pl/komputery-i-tablety/tablety-i-e-booki/tablety/tablet-apple-ipad-mini-2024-mxpp3hc-a-a17pro-128gb-8-3-5g-blue;3194.99;3549.00;3199.00;ME0209-300926
2026-09-19 17:27:11;Media Expert;Tablet graficzny HUION Inspiroy 2M Czarny;HUION;Tablety graficzne;-;https://www.mediaexpert.pl/komputery-i-tablety/akcesoria-komputerowe/tablety-graficzne/tablet-graficzny-huion-inspiroy-2m-czarny;268.99;299.00;269.00;ME1509-270926
2026-09-19 17:27:11;Media Expert;Tablet graficzny WACOM One Medium;WACOM;Tablety graficzne;-;https://www.mediaexpert.pl/komputery-i-tablety/akcesoria-komputerowe/tablety-graficzne/tablet-graficzny-wacom-one-medium-1;549.00;549.00;0.00;
2026-09-19 17:27:11;Media Expert;"Tablet graficzny 13.3"" HUION Kamvas 13 Fioletowy";HUION;Tablety graficzne;-;https://www.mediaexpert.pl/komputery-i-tablety/akcesoria-komputerowe/tablety-graficzne/tablet-graficzny-huion-kamvas-13-fioletowy;899.00;899.00;0.00;
2026-09-19 17:27:11;Media Expert;"Monitor SAMSUNG Odyssey G8 LS32FG810SUXEN 32"" OLED 3840x2160px 240Hz 0.03 ms [GTG]";SAMSUNG;Monitory;-;https://www.mediaexpert.pl/komputery-i-tablety/monitory-led/monitor-samsung-odyssey-g8-ls32fg810suxen-32-oled-3840x2160px-240hz-0-03-ms-gtg;2998.99;3099.00;2999.00;ME1109-270926
2026-09-19 17:27:11;Media Expert;"Monitor ASUS BE249QG 23.8"" 1920x1080px IPS 120Hz";ASUS;Monitory;-;https://www.mediaexpert.pl/komputery-i-tablety/monitory-led/monitor-asus-be249qg-23-8-1920x1080px-ips-120hz;729.99;789.00;789.00;ME1109-031026
2026-09-19 17:27:12;Media Expert;Drukarka BROTHER HL-L2460DN Automatyczny druk dwustronny;BROTHER;Drukarki laserowe;-;https://www.mediaexpert.pl/komputery-i-tablety/drukarki-i-urzadzenia-biurowe/drukarki-laserowe/drukarka-brother-hl-l2460dn-automatyczny-druk-dwustronny;679.00;729.00;729.00;ME1509-270926
2026-09-19 17:27:12;Media Expert;Klawiatura HAMA WK-900 Ergo Czarny;HAMA;Klawiatury;-;https://www.mediaexpert.pl/komputery-i-tablety/klawiatury-komputerowe/klawiatury/klawiatura-hama-wk-900-ergo-czarny;194.99;229.00;229.00;ME0609-300926
2026-09-19 17:27:12;Media Expert;Mysz HP 230 Slim Wireless;HP;Myszki;-;https://www.mediaexpert.pl/komputery-i-tablety/myszy-komputerowe/myszki-uniwersalne/mysz-hp-230-slim-wireless;39.99;59.99;59.99;ME0708-311026
2026-09-19 17:27:12;Media Expert;Mysz TRUST Seron Biały;TRUST;Myszki;-;https://www.mediaexpert.pl/komputery-i-tablety/myszy-komputerowe/myszki-uniwersalne/mysz-trust-seron-bialy;49.99;69.99;69.99;ME1109-300926
2026-09-19 17:27:13;Media Expert;Mysz HP 690;HP;Myszki;-;https://www.mediaexpert.pl/komputery-i-tablety/myszy-komputerowe/myszki-uniwersalne/mysz-hp-690-qi-charging-7m1d4aa;119.99;192.00;129.99;ME1509-300926
2026-09-19 17:27:13;Media Expert;Stacja dokująca RAYNEO XRAC-ADA100FO;RAYNEO;Pozostałe akcesoria;-;https://www.mediaexpert.pl/gaming/akcesoria-do-konsol/pozostale-akcesoria/stacja-dokujaca-rayneo-xrac-ada100fo;419.99;469.00;469.00;ME1109-031026
2026-09-19 17:27:13;Media Expert;Głośniki RAMPAGE Arty X13 2.0 Komunikacja bezprzewodowa;RAMPAGE;Głośniki komputerowe;-;https://www.mediaexpert.pl/komputery-i-tablety/sluchawki-i-glosniki-komputerowe/glosniki-komputerowe/glosniki-rampage-arty-x13-2-0-komunikacja-bezprzewodowa;109.00;134.99;134.99;ME1009-300926
2026-09-19 17:27:13;Media Expert;Płyta główna MSI Pro A620M-B;MSI;Płyty główne;-;https://www.mediaexpert.pl/komputery-i-tablety/podzespoly-komputerowe/plyty-glowne/plyta-glowna-msi-pro-a620m-b;664.99;799.00;669.98;ME0609-300926
2026-09-19 17:27:14;Media Expert;Płyta główna ASUS ROG STRIX B860-F Gaming WIFI;ASUS;Płyty główne;-;https://www.mediaexpert.pl/komputery-i-tablety/podzespoly-komputerowe/plyty-glowne/plyta-glowna-asus-rog-strix-b860-f-gaming-wifi;1149.99;1149.99;0.00;ML2508-270926
2026-09-19 17:27:14;Media Expert;Płyta główna MSI B650M Gaming Plus WiFi;MSI;Płyty główne;-;https://www.mediaexpert.pl/komputery-i-tablety/podzespoly-komputerowe/plyty-glowne/plyta-glowna-msi-b650m-gaming-plus-wifi;659.99;659.99;0.00;
2026-09-19 17:27:14;Media Expert;Obudowa THERMALRIGHT A70 Vision ARGB Biały;THERMALRIGHT;Obudowy do komputera;-;https://www.mediaexpert.pl/komputery-i-tablety/podzespoly-komputerowe/obudowy/obudowa-thermalright-a70-vision-argb-bialy;499.00;599.00;599.00;ME1409-270926
2026-09-19 17:27:14;Media Expert;Adapter VGA - micro HDMI/mini HDMI UNITEK Y-6355 0.2 m;UNITEK;Przejściówki do komputera;-;https://www.mediaexpert.pl/komputery-i-tablety/kable-do-komputera/adaptery-i-przejsciowki/adapter-vga-micro-hdmi-mini-hdmi-unitek-y-6355-0-2-m;54.00;54.00;0.00;
2026-09-19 17:27:15;Media Expert;Podkładka ENDORFY Cordura Speed L;ENDORFY;Podkładki pod myszkę;-;https://www.mediaexpert.pl/komputery-i-tablety/myszy-komputerowe/podkladki/podkladka-endorfy-cordura-speed-l;84.99;99.00;99.00;ME0609-300926
2026-09-19 17:27:15;Media Expert;"Smartfon REALME 16 5G 8/256GB 6.57"" 120Hz Czarny";REALME;Smartfony;-;https://www.mediaexpert.pl/smartfony-i-zegarki/smartfony/smartfon-realme-16-5g-8-256gb-6-57-120hz-czarny;1498.99;1599.00;1499.00;AK1909-2009
2026-09-19 17:27:15;Media Expert;"Smartfon SAMSUNG Galaxy S25 Ultra 5G 12/512GB 6.9"" 120Hz Srebrny SM-S938";SAMSUNG;Smartfony;-;https://www.mediaexpert.pl/smartfony-i-zegarki/smartfony/smartfon-samsung-galaxy-s25-ultra-5g-12-512gb-6-9-120hz-srebrny-sm-s938;4649.00;5699.99;5699.99;WRZESIEN1809
2026-09-19 17:27:15;Media Expert;"Smartfon OUKITEL G6 8/256GB 6.52"" 90Hz Zielony";OUKITEL;Smartfony;-;https://www.mediaexpert.pl/smartfony-i-zegarki/smartfony/smartfon-oukitel-g6-5g-8-256gb-6-52-90hz-zielony;749.00;899.00;899.00;ME1709-220926
2026-09-19 17:27:15;Media Expert;"Smartfon OUKITEL G6 8/256GB 6.52"" 90Hz Czarny";OUKITEL;Smartfony;-;https://www.mediaexpert.pl/smartfony-i-zegarki/smartfony/smartfon-oukitel-g6-5g-8-256gb-6-52-90hz-czarny;749.00;899.00;899.00;ME1709-220926
2026-09-19 17:27:16;Media Expert;Telefon HMD 110 4G DualSim Niebieski;HMD;Smartfony;-;https://www.mediaexpert.pl/smartfony-i-zegarki/smartfony/telefon-hmd-110-4g-dualsim-niebieski;168.99;187.99;169.00;ME1709-220926
2026-09-19 17:27:16;Media Expert;Apple Watch 11 GPS + Cellular 42mm koperta z tytanu (naturalny) + pasek sportowy rozmiar S/M (górska szarość);APPLE;Smartwatche;-;https://www.mediaexpert.pl/smartfony-i-zegarki/smartwatche-i-zegarki/smartwatche/smartwatch-apple-watch-11-42-nt-ti-sg-sb-sm-cel-mgp;2299.00;3299.00;2599.00;WRZESIEN1809
2026-09-19 17:27:16;Media Expert;Gimbal AOCHUAN Smart X Pro Czarny;AOCHUAN;Gimbale;-;https://www.mediaexpert.pl/foto-i-kamery/gimbale/gimbal-aochuan-smart-x-pro-czarny;344.99;378.99;359.99;ME1609-031026
2026-09-19 17:27:16;Media Expert;Smartring MAXCOM mRing MR200 60mm Biały;MAXCOM;Smart Ringi;-;https://www.mediaexpert.pl/smartfony-i-zegarki/smartwatche-i-zegarki/smart-ringi/smartring-maxcom-mring-mr200-60mm-bialy;249.00;339.00;309.99;ME1908-300926
2026-09-19 17:27:17;Media Expert;Klawiatura REDRAGON K4PUC21N0 PRO;REDRAGON;Klawiatury;-;https://www.mediaexpert.pl/komputery-i-tablety/klawiatury-komputerowe/klawiatury/klawiatura-redragon-k4puc21n0-pro;298.99;329.00;299.00;ME0709-300926
2026-09-19 17:27:17;Media Expert;Klawiatura A4TECH Bloody S520N RGB Czarno-czerwony;A4TECH;Klawiatury;-;https://www.mediaexpert.pl/komputery-i-tablety/klawiatury-komputerowe/klawiatury/klawiatura-a4tech-bloody-s520n-rgb-czarno-czerwony;144.98;159.99;144.99;ME0809-230926
2026-09-19 17:27:17;Media Expert;Mysz A4TECH Bloody R72 Ultra Duo Renegade Midnight;A4TECH;Myszki;-;https://www.mediaexpert.pl/komputery-i-tablety/myszy-komputerowe/myszki-uniwersalne/mysz-a4tech-bloody-r72-ultra-duo-renegade-midnight;139.00;199.00;169.99;ME1509-270926
2026-09-19 17:27:17;Media Expert;Słuchawki JBL Quantum 250, Nauszne, Dźwięk przestrzenny Czarny;JBL;Słuchawki z mikrofonem;-;https://www.mediaexpert.pl/komputery-i-tablety/sluchawki-i-glosniki-komputerowe/sluchawki-z-mikrofonem/sluchawki-jbl-quantum-250-nauszne-dzwiek-przestrzenny-czarny;204.99;249.00;209.98;ME0609-300926
2026-09-19 17:27:18;Media Expert;Biurko ULTRADESK Highlander Biały;ULTRADESK;Biurka regulowane;-;https://www.mediaexpert.pl/dom/meble/biurka-regulowane/biurko-ultradesk-highlander-bialy;489.00;649.00;584.99;ME1609-270926
2026-09-19 17:27:18;Media Expert;Kierownica THRUSTMASTER T128 (PS4/PS5/PC);THRUSTMASTER;Kierownice do gier;-;https://www.mediaexpert.pl/gaming/kierownice/kierownica-ps5-ps4-pc-thrustmaster-t128;659.00;659.00;0.00;
2026-09-19 17:27:18;Media Expert;Uchwyt na telefon DOBE TP5-0527 do kontrolera PS5 Biały;DOBE;Uchwyty;-;https://www.mediaexpert.pl/gaming/akcesoria-do-konsol/uchwyty/uchwyt-na-telefon-dobe-tp5-0527-do-kontrolera-ps5-bialy;34.99;37.00;37.00;ME0609-300926
2026-09-19 17:27:18;Media Expert;Aparat AGFAPHOTO Realishot Pro C130 Czarny, 24 Mpix, 10x zoom optyczny, 4K;AGFAPHOTO;Aparaty cyfrowe;-;https://www.mediaexpert.pl/foto-i-kamery/aparaty-fotograficzne/aparat-cyfrowy/aparat-cyfrowy-agfaphoto-realishot-pro-c130-czarny-24-mpix-10x-zoom-optyczny-4k;1514.99;1677.99;1589.98;ME1609-031026
2026-09-19 17:27:18;Media Expert;Aparat natychmiastowy FUJIFILM Instax Mini 99 TH EX D Czarny;FUJIFILM;Aparaty natychmiastowe;-;https://www.mediaexpert.pl/foto-i-kamery/aparaty-fotograficzne/aparaty-natychmiastowe/aparat-fujifilm-instax-mini-99-th-ex-d-czarny;709.00;709.00;0.00;
2026-09-19 17:27:19;Media Expert;Kamera sportowa SJCAM Aparat dla dzieci FUNCAM PLUS 12MP Różowa;SJCAM;Kamery sportowe;-;https://www.mediaexpert.pl/foto-i-kamery/kamery/kamery-sportowe/sjcam-funcam-plus-pink;174.99;199.00;179.99;ME1609-031026
2026-09-19 17:27:19;Media Expert;Dron BETAFPV Aquila16 FPV Kit;BETAFPV;Drony;-;https://www.mediaexpert.pl/foto-i-kamery/drony-i-akcesoria/drony/dron-betafpv-aquila16-fpv-kit;999.00;1099.00;1099.00;ME1509-270926
2026-09-19 17:27:19;Media Expert;Obiektyw SIGMA C 16mm f/1.4 DC DN Contemporary do Nikon Z;SIGMA;Obiektywy do aparatów;-;https://www.mediaexpert.pl/foto-i-kamery/optyka/obiektywy-do-aparatow/obiektyw-sigma-digital-c-16mm-f-1-4-dc-dn-do-nikon-z;2159.00;2188.00;2188.00;ME1509-270926
2026-09-19 17:27:19;Media Expert;Lodówka SAMSUNG RB7300T RB38C607AB1 No frost AI Energy Mode 203cm Grafitowa stal;SAMSUNG;Lodówki;-;https://www.mediaexpert.pl/agd/lodowki-i-zamrazarki/lodowki/lodowka-samsung-rb38c607ab1-no-frost-203cm-grafitowa-stal;3698.96;4069.99;3698.97;RW0109-3009
2026-09-19 17:27:20;Media Expert;Lodówka HAIER 3D 70 Series 7 HTW7720DNGB No frost 200.6cm Czarne szkło;HAIER;Lodówki;-;https://www.mediaexpert.pl/agd/lodowki-i-zamrazarki/lodowki/lodowka-haier-htw7720dngb-no-frost-200-6cm-czarna;4299.00;4499.00;4499.00;ME1109-031026
2026-09-19 17:27:20;Media Expert;Lodówka BEKO b300 B3RCNA344HW No frost 179.6cm Biała;BEKO;Lodówki;-;https://www.mediaexpert.pl/agd/lodowki-i-zamrazarki/lodowki/lodowka-beko-b3rcna344hw-nofrost-180cm-biala;1794.99;1999.00;1798.98;ME0709-300926
2026-09-19 17:27:20;Media Expert;Lodówka INDESIT INK25322W4E 183.5cm Biała;INDESIT;Lodówki;-;https://www.mediaexpert.pl/agd/lodowki-i-zamrazarki/lodowki/lodowka-indesit-ink25322w4e-183-5cm-biala;1299.00;1448.99;1389.00;ME1709-031026
2026-09-19 17:27:20;Media Expert;Lodówka BOSCH Seria 6 KGN86AIDR No frost 186cm Srebrna;BOSCH;Lodówki;-;https://www.mediaexpert.pl/agd/lodowki-i-zamrazarki/lodowki/lodowka-bosch-kgn86aidr-no-frost-186cm-srebrna;4499.99;4999.00;4648.98;ME0809-300926
2026-09-19 17:27:21;Media Expert;Lodówka ASKO Series 5 RFC586KNBB1 No frost 186cm Czarna stal;ASKO;Lodówki;-;https://www.mediaexpert.pl/agd/lodowki-i-zamrazarki/lodowki/lodowka-asko-rfc586knbb1-no-frost-186cm-czarna-stal;5939.99;6249.00;5998.98;ME0809-300926
2026-09-19 17:27:21;Media Expert;Lodówka HAIER 3D 70 Series 7 HTW7720DNMP No frost 200.6cm Platynowy inox;HAIER;Lodówki;-;https://www.mediaexpert.pl/agd/lodowki-i-zamrazarki/lodowki/lodowka-haier-htw7720dnmp-no-frost-200-6cm-platynowy-inox;3640.00;3640.00;0.00;
2026-09-19 17:27:21;Media Expert;Lodówka HAIER Cube seria 3 HCR39F19ENPT No frost Side by side 190.5cm Czarna;HAIER;Lodówki;-;https://www.mediaexpert.pl/agd/lodowki-i-zamrazarki/lodowki/lodowka-haier-hcr39f19enpt-side-by-side-no-frost-190-5cm-czarna;3999.00;4299.99;3999.99;ME0709-300926
2026-09-19 17:27:21;Media Expert;Lodówka HAIER FD 83 Series 7 HB18FGSAAA No frost Side by side 190cm Tytanowy;HAIER;Lodówki;-;https://www.mediaexpert.pl/agd/lodowki-i-zamrazarki/lodowki/lodowka-haier-hb18fgsaaa-nofrost-srebrna;6159.99;6489.00;6164.99;ME0709-300926
2026-09-19 17:27:22;Media Expert;Lodówka LG InstaView GSGV80PYLL No frost Sidy by side AI ThinQ Kostkarka 179cm Srebrna;LG;Lodówki;-;https://www.mediaexpert.pl/agd/lodowki-i-zamrazarki/lodowki/lodowka-lg-gsgv80pyll-side-by-side-no-frost-179cm-srebrna-kostkarka-padajnik-wody;6594.99;6999.99;6598.99;ME0709-300926
2026-09-19 17:27:22;Media Expert;Witryna chłodnicza przemysłowa BEKO PROFESSIONAL ADN 203B BP;BEKO PROFESSIONAL;Chłodziarki przemysłowe;-;https://www.mediaexpert.pl/agd/agd-przemyslowe/chlodziarki-przemyslowe/witryna-chlodnicza-przemyslowa-beko-professional-adn-203b-bp;2839.99;2999.00;2844.98;ME0709-300926
2026-09-19 17:27:22;Media Expert;Witryna chłodnicza przemysłowa BEKO PROFESSIONAL ADN 221C BP;BEKO PROFESSIONAL;Chłodziarki przemysłowe;-;https://www.mediaexpert.pl/agd/agd-przemyslowe/chlodziarki-przemyslowe/witryna-chlodnicza-przemyslowa-beko-professional-adn-221c-bp;3199.99;3995.99;3469.00;ME1709-031026
2026-09-19 17:27:22;Media Expert;Pralka ELECTROLUX 600 SensiCare MEW6S132X6P 6kg Slim 41.1cm 1200obr;ELECTROLUX;Pralki;-;https://www.mediaexpert.pl/agd/pralki-i-suszarki/pralki/pralka-electrolux-mew6s132x6p-6kg-1200-obr;1697.00;1999.99;1697.99;ME0709-300926
2026-09-19 17:27:22;Media Expert;Pralka CANDY ProWash 500 BR 26SSB5-S 6kg Slim 39.2cm 1200obr Sterowanie smartfonem;CANDY;Pralki;-;https://www.mediaexpert.pl/agd/pralki-i-suszarki/pralki/pralka-candy-br-26ssb5-s-6kg-1200-obr;1394.00;1699.99;1394.99;ME0709-300926
2026-09-19 17:27:23;Media Expert;Pralka HAIER I-Pro 7 Plus HW90-B14979TU1 9kg Slim 44cm 1400obr AI Smart Cycle Sterowanie smartfonem;HAIER;Pralki;-;https://www.mediaexpert.pl/agd/pralki-i-suszarki/pralki/pralka-haier-hw90g-b14979tu1s-9kg-1400-obr;1999.99;2219.99;2047.00;ME0709-300926
2026-09-19 17:27:23;Media Expert;Pralka TCL Seria P3 FP0934WA1PL 9kg 50.3cm 1400obr;TCL;Pralki;-;https://www.mediaexpert.pl/agd/pralki-i-suszarki/pralki/pralka-tcl-fp0934wa1pl-9kg-1400-obr;1149.00;1899.99;1198.98;WRZESIEN1809
2026-09-19 17:27:23;Media Expert;Pralka BEKO b300 XBM3WFU49415M 9kg 51.8cm 1400obr;BEKO;Pralki;-;https://www.mediaexpert.pl/agd/pralki-i-suszarki/pralki/pralka-beko-xbm3wfu49415m-9kg-1400-obr-steamcure;2334.99;2334.99;0.00;
2026-09-19 17:27:23;Media Expert;Pralka ELECTROLUX 700 SteamCare MEW4E8Y7P 8kg 57.6cm 1400obr;ELECTROLUX;Pralki;-;https://www.mediaexpert.pl/agd/pralki-i-suszarki/pralki/pralka-electrolux-mew4e8y7p-absolute-care-700-8kg-1400-obr-steamcare;2199.00;2199.00;0.00;
2026-09-19 17:27:24;Media Expert;Pralka INDESIT BTWL60400EEN 6kg 60cm 1000obr;INDESIT;Pralki;-;https://www.mediaexpert.pl/agd/pralki-i-suszarki/pralki/pralka-indesit-btw-l60400-ee-n-6kg-1000-obr;984.00;1139.00;984.99;ME1709-031026
2026-09-19 17:27:24;Media Expert;Pralka WHIRLPOOL MTDLR7220SSPLN 7kg 60cm 1200obr;WHIRLPOOL;Pralki;-;https://www.mediaexpert.pl/agd/pralki-i-suszarki/pralki/pralka-whirlpool-mtdlr-7220ss-pl-n-7kg-1200rpm;1379.00;1379.00;0.00;
2026-09-19 17:27:24;Media Expert;Suszarka WHIRLPOOL CWSD74MWWSPL Slim 47cm Funkcje AI Sterowanie smartfonem;WHIRLPOOL;Suszarki;-;https://www.mediaexpert.pl/agd/pralki-i-suszarki/suszarki/suszarka-whirlpool-c-wsd-74m-wws-pl-z-pompa-ciepla;2346.00;2399.00;2347.00;ME0709-300926
2026-09-19 17:27:24;Media Expert;Suszarka MIELE TWL680 WP 65.5 cm  Sterowanie smartfonem;MIELE;Suszarki;-;https://www.mediaexpert.pl/agd/pralki-i-suszarki/suszarki/suszarka-miele-twl680-wp-125-gala-edition;7794.99;8249.99;7797.99;ME0709-300926
2026-09-19 17:27:25;Media Expert;Suszarka TCL P4 DP0844WE0PL 55.9 cm;TCL;Suszarki;-;https://www.mediaexpert.pl/agd/pralki-i-suszarki/suszarki/suszarka-tcl-dp0844we0pl-z-pompa-ciepla;1698.98;2099.00;1698.99;ME1409-071026
2026-09-19 17:27:25;Media Expert;Pralko-suszarka LG F2D95521W Slim 47.5 cm Funkcje AI;LG;Pralko-suszarki;-;https://www.mediaexpert.pl/agd/pralki-i-suszarki/pralko-suszarki/pralko-suszarka-lg-f2d95521w;2529.99;3299.99;2619.00;ME0109-300926
2026-09-19 17:27:25;Media Expert;Pralko-suszarka HAIER X11 HWD100BD14397PUS  57.2 cm Funkcje AI Sterowanie smartfonem;HAIER;Pralko-suszarki;-;https://www.mediaexpert.pl/agd/pralki-i-suszarki/pralko-suszarki/pralko-suszarka-haier-ai-x11-hwd100-bd14397u1;4319.99;4798.99;4798.00;ME0709-300926
2026-09-19 17:27:25;Media Expert;Zmywarka BOSCH SMS4ENI06E Serie 4 EffcientDry z trzecim koszem ExtraSpace;BOSCH;Zmywarki;-;https://www.mediaexpert.pl/agd/zmywarki-i-akcesoria/zmywarki/zmywarka-bosch-sms4eni06e;2598.99;2719.99;2599.00;ME1109-031026
2026-09-19 17:27:26;Media Expert;Zmywarka WHIRLPOOL WFO3T141PX PowerClean Pro Autootwieranie drzwi 60cm;WHIRLPOOL;Zmywarki;-;https://www.mediaexpert.pl/agd/zmywarki-i-akcesoria/zmywarki/zmywarka-whirlpool-wfo3t141px-a-14kpl-10pr-inv-60cm-naturaldry;1839.00;1869.99;1869.99;ME1509-031026
2026-09-19 17:27:26;Media Expert;Zmywarka SAMSUNG DW70H73YCFRU1 Smart Flex Load Auto Release Program ekspresowy 60 min;SAMSUNG;Zmywarki;-;https://www.mediaexpert.pl/agd/zmywarki-i-akcesoria/zmywarki/zmywarka-samsung-dw70h73ycfru1;2098.94;2349.00;2098.95;ME0709-300926
2026-09-19 17:27:26;Media Expert;Zmywarka MPM-45-ZMF-01;MPM;Zmywarki;-;https://www.mediaexpert.pl/agd/zmywarki-i-akcesoria/zmywarki/zmywarka-mpm-45-zmf-01;1148.00;1247.99;1148.99;ME0609-300926
2026-09-19 17:27:26;Media Expert;Kuchnia AMICA 58GET2.43HZPTADFAI(XSX) Termoobieg, rożen obrotowy;AMICA;Kuchnie;-;https://www.mediaexpert.pl/agd/kuchnie/kuchnie-wolnostojace/kuchnia-amica-58get2-43hzptadfai-xsx;1299.82;1429.99;1299.83;RW0109-3009
2026-09-19 17:27:27;Media Expert;Kuchnia AMICA 618CE3.333HTaQ(Xx) Termoobieg ;AMICA;Kuchnie;-;https://www.mediaexpert.pl/agd/kuchnie/kuchnie-wolnostojace/kuchnia-amica-618ce3-333htaq-xx;1847.00;2149.00;1848.00;ME1409-031026
2026-09-19 17:27:27;Media Expert;Kuchnia AMICA 58ME2.35HZpMs(W) Czyszczenie parowe Termoobieg;AMICA;Kuchnie;-;https://www.mediaexpert.pl/agd/kuchnie/kuchnie-wolnostojace/kuchnia-amica-58me2-35hzpms-w;1498.00;1549.00;1498.96;ME1409-031026
2026-09-19 17:27:27;Media Expert;Kuchnia BEKO FSE52020DWD Grill Termoobieg Czyszczenie parą;BEKO;Kuchnie;-;https://www.mediaexpert.pl/agd/kuchnie/kuchnie-wolnostojace/kuchnia-beko-fse52020dwd;1091.00;1091.00;0.00;
2026-09-19 17:27:27;Media Expert;Kuchenka mikrofalowa AMICA AMGF20M1B 800W średnica 24.5 cm pojemność 20L MultiWave System Czarny;AMICA;Mikrofalówki;-;https://www.mediaexpert.pl/agd-male/do-kuchni/kuchnie-mikrofalowe/kuchnia-mikrofalowa-amica-amgf20m1b;249.00;349.99;289.00;ME0609-300926
2026-09-19 17:27:27;Media Expert;Kuchenka mikrofalowa SENCOR SMW 5320BK 800W średnica 27 cm pojemność 17L Czarny;SENCOR;Mikrofalówki;-;https://www.mediaexpert.pl/agd-male/do-kuchni/kuchnie-mikrofalowe/smw-5320bk-kuchenka-mikrofalowa-sencor;288.99;329.00;289.00;ME1809-031026
2026-09-19 17:27:28;Media Expert;Zamrażarka skrzyniowa MPM-251-SK-08E/N 246l Szybkie zamrażanie;MPM;Zamrażarki;-;https://www.mediaexpert.pl/agd/lodowki-i-zamrazarki/zamrazarki/zamrazarka-mpm-251-sk-08e-n;1049.82;1159.99;1049.83;RW0109-3009
2026-09-19 17:27:28;Media Expert;Zamrażarka szufladowa LIEBHERR FNE 5006 239l No frost Szybkie zamrażanie;LIEBHERR;Zamrażarki;-;https://www.mediaexpert.pl/agd/lodowki-i-zamrazarki/zamrazarki/zamrazarka-liebherr-fne-5006;2694.98;3099.99;2694.99;ME1709-031026
2026-09-19 17:27:28;Media Expert;Zamrażarka skrzyniowa WHIRLPOOL W3RHS14EW 142l Szybkie zamrażanie;WHIRLPOOL;Zamrażarki;-;https://www.mediaexpert.pl/agd/lodowki-i-zamrazarki/zamrazarki/zamrazarka-whirlpool-w3rhs14ew;899.00;1149.00;998.99;ME0709-300926
2026-09-19 17:27:28;Media Expert;Piekarnik HISENSE BSA6634PBG8 Elektryczny parowy Czarny A+ ConnectLife, Termosonda, Pyroliza;HISENSE;Piekarniki do zabudowy;-;https://www.mediaexpert.pl/agd-do-zabudowy/piekarniki-do-zabudowy/piekarnik-hisense-bsa6634pbg8-elektryczny-parowy-czarny-a-connectlife-termosonda-pyroliza;2998.96;3299.99;2998.97;RW0109-3009
2026-09-19 17:27:29;Media Expert;Piekarnik elektryczny Candy F IDCP N625 L Termoobieg Czyszczenie parowe Prowadnice teleskopowe Czarny;CANDY;Piekarniki do zabudowy;-;https://www.mediaexpert.pl/agd-do-zabudowy/piekarniki-do-zabudowy/piekarnik-candy-fidcp-n625-l-elektryczny-czarny-a;899.00;929.99;929.99;ME1409-031026
2026-09-19 17:27:29;Media Expert;Piekarnik BEKO BBIM7300BD AeroPerfect Pieczenie 3D Pizza Grill Czyszczenie parą;BEKO;Piekarniki do zabudowy;-;https://www.mediaexpert.pl/agd-do-zabudowy/piekarniki-do-zabudowy/piekarnik-beko-bbim7300bd-elektryczny-parowy-czarny-a;949.00;1099.00;1099.00;ME1409-031026
2026-09-19 17:27:29;Media Expert;Piekarnik AMICA AMMB44E2GCB X-TYPE Elektryczny z mikrofalą Czarne szkło;AMICA;Piekarniki do zabudowy;-;https://www.mediaexpert.pl/agd-do-zabudowy/piekarniki-do-zabudowy/piekarnik-amica-ammb44e2gcb-x-type;2500.00;2599.00;2599.00;ME1409-031026
2026-09-19 17:27:29;Media Expert;Piekarnik AMICA ED3759B FINE PYRO Elektryczny Czarny A+;AMICA;Piekarniki do zabudowy;-;https://www.mediaexpert.pl/agd-do-zabudowy/piekarniki-do-zabudowy/ed3759b-fine-pyro;1650.00;1699.99;1699.00;ME1409-031026
2026-09-19 17:27:30;Media Expert;Piekarnik SMEG SF6905N1 Elektryczny Czarny A;SMEG;Piekarniki do zabudowy;-;https://www.mediaexpert.pl/agd-do-zabudowy/piekarniki-do-zabudowy/piekarnik-smeg-sf6905n1;2923.99;3078.07;2924.00;ME1809-031026
2026-09-19 17:27:30;Media Expert;Piekarnik AMICA ED37616B X-TYPE Steam Elektryczny parowy Czarny A;AMICA;Piekarniki do zabudowy;-;https://www.mediaexpert.pl/agd-do-zabudowy/piekarniki-do-zabudowy/piekarnik-amica-ed37616b-x-type-steam-56923;1399.00;1399.00;0.00;
2026-09-19 17:27:30;Media Expert;Piekarnik AMICA ED57369XA+ X-TYPE Steam Elektryczny parowy Inox A+;AMICA;Piekarniki do zabudowy;-;https://www.mediaexpert.pl/agd-do-zabudowy/piekarniki-do-zabudowy/piekarnik-amica-ed57459xa-x-type-steam;2399.00;2399.00;0.00;
2026-09-19 17:27:30;Media Expert;Płyta indukcyjna SAMSUNG NZ64F3NM1AB;SAMSUNG;Płyty do zabudowy;-;https://www.mediaexpert.pl/agd-do-zabudowy/plyty-do-zabudowy/plyta-indukcyjna-samsung-nz64f3nm1ab;999.00;1299.99;1098.97;WRZESIEN1809
2026-09-19 17:27:31;Media Expert;Płyta indukcyjna ELECTROLUX EIS87553IZ;ELECTROLUX;Płyty do zabudowy;-;https://www.mediaexpert.pl/agd-do-zabudowy/plyty-do-zabudowy/plyta-indukcyjna-electrolux-eis87553iz;4989.00;5299.00;4998.99;ME1409-031026
2026-09-19 17:27:31;Media Expert;Płyta ceramiczna BOSCH PKF631FP3E;BOSCH;Płyty do zabudowy;-;https://www.mediaexpert.pl/agd-do-zabudowy/plyty-do-zabudowy/plyta-ceramiczna-bosch-pkf631fp3e;949.00;979.00;979.00;ME1409-031026
2026-09-19 17:27:31;Media Expert;Płyta indukcyjna ELICA NikolaTesla Alpha B BL A 60;ELICA;Płyty do zabudowy;-;https://www.mediaexpert.pl/agd-do-zabudowy/plyty-do-zabudowy/plyta-indukcyjna-elica-nikolatesla-alpha-b-bl-a-60;4049.00;4499.00;4049.99;ME1609-031026
2026-09-19 17:27:31;Media Expert;Płyta ceramiczna SIEMENS ET645FFN1E;SIEMENS;Płyty do zabudowy;-;https://www.mediaexpert.pl/agd-do-zabudowy/plyty-do-zabudowy/plyta-ceramiczna-siemens-et645ffn1e;899.00;929.00;929.00;ME1409-031026
2026-09-19 17:27:32;Media Expert;Płyta indukcyjna ELECTROLUX EIV634 SLIM-FIT;ELECTROLUX;Płyty do zabudowy;-;https://www.mediaexpert.pl/agd-do-zabudowy/plyty-do-zabudowy/plyta-electrolux-eiv634-slim-fit;1559.00;1559.00;0.00;
2026-09-19 17:27:32;Media Expert;Płyta gazowa BEKO b100 HIBW64125SB WOK Wysokowydajne palniki Żeliwne ruszty;BEKO;Płyty do zabudowy;-;https://www.mediaexpert.pl/agd-do-zabudowy/plyty-do-zabudowy/plyta-beko-hibw64125sb;645.00;699.00;645.99;ME1409-031026
2026-09-19 17:27:32;Media Expert;Płyta gazowa DYNAXO DynaCook X4 60 Modern gaz ziemny G20 2E;DYNAXO;Płyty do zabudowy;-;https://www.mediaexpert.pl/agd-do-zabudowy/plyty-do-zabudowy/plyta-gazowa-dynaxo-dynacook-x4-metan-g20-2e-20-mbar;3000.00;3199.99;3199.99;ME1409-031026
2026-09-19 17:27:32;Media Expert;Zmywarka WHIRLPOOL WSIO3O23PFEX Power Clean Pro Technologia 6. Zmysł 45cm;WHIRLPOOL;Zmywarki do zabudowy;-;https://www.mediaexpert.pl/agd-do-zabudowy/zmywarki-do-zabudowy/zmywarka-whirlpool-wio3o33dlg-a-45cm-10kpl-zuz-9l-43db-a;1299.99;1479.99;1419.00;ME1709-091026
2026-09-19 17:27:32;Media Expert;Zmywarka BOSCH SPV4EMX17E;BOSCH;Zmywarki do zabudowy;-;https://www.mediaexpert.pl/agd-do-zabudowy/zmywarki-do-zabudowy/zmywarka-bosch-spv4emx17e;2215.00;2399.00;2225.00;ME0709-190926
2026-09-19 17:27:33;Media Expert;Zmywarka WHIRLPOOL WH6IB10BS7LA0 PowerClean Pro Autootwieranie drzwi 45cm;WHIRLPOOL;Zmywarki do zabudowy;-;https://www.mediaexpert.pl/agd-do-zabudowy/zmywarki-do-zabudowy/zmywarka-whirlpool-wh6ib10bs7la0;1999.99;2099.99;2040.00;ME1709-091026
2026-09-19 17:27:33;Media Expert;Zmywarka HAIER I-PRO SHINE Seria 4 XI1C1TB4LPCFB TimeLight PowerWash Aqua Stop;HAIER;Zmywarki do zabudowy;-;https://www.mediaexpert.pl/agd-do-zabudowy/zmywarki-do-zabudowy/zmywarka-haier-ai-xi1c1tb4lpcfb;1969.00;2599.00;1972.99;ME0609-300926
2026-09-19 17:27:33;Media Expert;Zmywarka CANDY Rapido CI 6B4F1MA Maxi Tub Maxi Plates & Tray Aqua Stop;CANDY;Zmywarki do zabudowy;-;https://www.mediaexpert.pl/agd-do-zabudowy/zmywarki-do-zabudowy/zmywarka-candy-ci-6b4f1ma;1649.00;1679.00;1679.00;ME1409-031026
2026-09-19 17:27:33;Media Expert;Zmywarka MPM 60-ZMI-04 Aqua Stop;MPM;Zmywarki do zabudowy;-;https://www.mediaexpert.pl/agd-do-zabudowy/zmywarki-do-zabudowy/zmywarka-mpm-60-zmi-04;1218.99;1349.00;1219.00;ME0609-300926
2026-09-19 17:27:34;Media Expert;Zmywarka CANDY Brava CDIH 2T1145 Trzeci kosz Aqua Stop;CANDY;Zmywarki do zabudowy;-;https://www.mediaexpert.pl/agd-do-zabudowy/zmywarki-do-zabudowy/zmywarka-candy-cdih-2t1145;1289.00;1398.00;1299.00;ME0709-190926
2026-09-19 17:27:34;Media Expert;Zmywarka BOSCH SMV4ECX28E ExtraDry AquaSensor;BOSCH;Zmywarki do zabudowy;-;https://www.mediaexpert.pl/agd-do-zabudowy/zmywarki-do-zabudowy/zmywarka-bosch-smv4ecx28e-extradry-aquasensor;3169.00;3169.00;0.00;
2026-09-19 17:27:34;Media Expert;Lodówka HISENSE RB3B280SAWE No frost 193.2cm;HISENSE;Lodówki do zabudowy;-;https://www.mediaexpert.pl/agd-do-zabudowy/lodowki-i-zamrazarki-do-zabudowy/lodowki-do-zabudowy/lodowka-hisense-rb3b280sawe;3399.97;3599.99;3399.98;RW0109-3009
2026-09-19 17:27:34;Media Expert;Lodówka ELECTROLUX GreenZone 700 E7TNGE75S No frost 188.4cm;ELECTROLUX;Lodówki do zabudowy;-;https://www.mediaexpert.pl/agd-do-zabudowy/lodowki-i-zamrazarki-do-zabudowy/lodowki-do-zabudowy/lodowka-electrolux-e7tnge75s;3959.99;4399.00;3980.00;ME0709-300926
2026-09-19 17:27:35;Media Expert;Lodówka HAIER Seria 4 HBQW7519D No Frost 193.5cm;HAIER;Lodówki do zabudowy;-;https://www.mediaexpert.pl/agd-do-zabudowy/lodowki-i-zamrazarki-do-zabudowy/lodowki-do-zabudowy/lodowka-haier-hbqw7519d;3399.00;3599.00;3599.00;ME1109-031026
2026-09-19 17:27:35;Media Expert;Lodówka AMICA UC162.4i(E) 81.8cm;AMICA;Lodówki do zabudowy;-;https://www.mediaexpert.pl/agd-do-zabudowy/lodowki-i-zamrazarki-do-zabudowy/lodowki-do-zabudowy/lodowka-amica-uc162-4i-e;1069.99;1098.98;1098.98;ME0709-300926
2026-09-19 17:27:35;Media Expert;Okap AKPO WK-4 Nero 50 Czarny 71dB klasa B;AKPO;Okapy;-;https://www.mediaexpert.pl/agd-do-zabudowy/okapy-do-zabudowy/okap-akpo-wk-4-nero-50-czarny-1;299.00;319.99;319.00;ME1509-031026
2026-09-19 17:27:35;Media Expert;Okap VDB MAH Glass C2H Czarny 680m3/h 61 dB klasa A;VDB;Okapy;-;https://www.mediaexpert.pl/agd-do-zabudowy/okapy-do-zabudowy/okap-vdb-mah-glass-c2h-czarny-680m3-h-61-db-klasa-a;1899.00;2096.72;2096.72;ME1809-031026
2026-09-19 17:27:35;Media Expert;Okap SAMSUNG Smart NK36C7070WB Czarne szkło 752m3/h 68dB klasa B;SAMSUNG;Okapy;-;https://www.mediaexpert.pl/agd-do-zabudowy/okapy-do-zabudowy/okap-samsung-smart-nk36c7070wb-czarne-szklo;2589.00;2699.00;2599.99;ME1809-031026
2026-09-19 17:27:36;Media Expert;Okap MIDEA MH90A3200B-ES Czarny 620m³/h 66dB klasa C Szerokość 90cm;MIDEA;Okapy;-;https://www.mediaexpert.pl/agd-do-zabudowy/okapy-do-zabudowy/okap-midea-mh90a3200b-es-czarny-66db-klasa-c;649.99;999.99;999.99;ME1208-300926
2026-09-19 17:27:36;Media Expert;Okap BOSCH Serie 2 DWB63BC60 Czarny 67dB klasa C;BOSCH;Okapy;-;https://www.mediaexpert.pl/agd-do-zabudowy/okapy-do-zabudowy/okap-bosch-serie-2-dwb63bc60-czarny-67db-klasa-c;1454.00;1799.00;1549.00;ME1809-031026
2026-09-19 17:27:36;Media Expert;Okap FABER VRT90 2LS Czarny 580m3/h 67dB klasa A;FABER;Okapy;-;https://www.mediaexpert.pl/agd-do-zabudowy/okapy-do-zabudowy/okap-faber-vrt90-2ls;874.00;874.00;0.00;
2026-09-19 17:27:36;Media Expert;Okap AMICA OTP9651BG Czarne szkło 480m3/h 63dB klasa C Funkcja czasowego wyłączenia;AMICA;Okapy;-;https://www.mediaexpert.pl/agd-do-zabudowy/okapy-do-zabudowy/okap-amica-otp9651bg-czarne-szklo-480m3-h-63db-klasa-c-funkcja-czasowego-wylaczenia;647.00;719.00;647.99;ME1809-031026
2026-09-19 17:27:37;Media Expert;Okap CANDY CBT60RBG Czarny;CANDY;Okapy;-;https://www.mediaexpert.pl/agd-do-zabudowy/okapy-do-zabudowy/okap-candy-cbt60rbg-czarny;389.00;449.00;449.00;ME1809-031026
2026-09-19 17:27:37;Media Expert;Okap MIDEA MH60F17EM21WB Biały 62dB klasa A;MIDEA;Okapy;-;https://www.mediaexpert.pl/agd-do-zabudowy/okapy-do-zabudowy/okap-midea-mh60f17em21wb-bialy-62db-klasa-a;199.99;229.00;219.99;ME1208-300926
2026-09-19 17:27:37;Media Expert;Okap AMICA OSC5231I Inox/Szkło 173m3/h 63dB klasa C;AMICA;Okapy;-;https://www.mediaexpert.pl/agd-do-zabudowy/okapy-do-zabudowy/okap-amica-osc5231i;339.00;339.00;0.00;
2026-09-19 17:27:37;Media Expert;Okap VDB Nova-Box Glass 60 H2H Czarny 640m3/h 62db klasa A;VDB;Okapy;-;https://www.mediaexpert.pl/agd-do-zabudowy/okapy-do-zabudowy/okap-vdb-nova-box-glass-60-h2h-czarny;1444.00;1599.00;1599.00;ME1809-031026
2026-09-19 17:27:38;Media Expert;Okap GLOBALO Delico 60.1 Inox 320m3/h 61dB klasa D;GLOBALO;Okapy;-;https://www.mediaexpert.pl/agd-do-zabudowy/okapy-do-zabudowy/okap-globalo-delico-60-1-inox;439.00;549.00;478.97;ME1809-031026
2026-09-19 17:27:38;Media Expert;Okap FABER Inka Plus HC X 70 Inox;FABER;Okapy;-;https://www.mediaexpert.pl/agd-do-zabudowy/okapy-do-zabudowy/okap-faber-inka-plus-hc-x-70;854.00;949.00;949.00;ME1809-031026
2026-09-19 17:27:38;Media Expert;Okap AKPO WK-4 Isla Balmera Slim Biały 437m3/h 70dB klasa B;AKPO;Okapy;-;https://www.mediaexpert.pl/agd-do-zabudowy/okapy-do-zabudowy/okap-akpo-wk-4-isla-balmera-slim-bialy-437m3-h-70db-klasa-c;799.00;859.99;859.99;ME1509-031026
2026-09-19 17:27:38;Media Expert;Kuchenka mikrofalowa ELECTROLUX LVM8E08Z MealAssist 1000W średnica 36 cm pojemność 44L Czarny;ELECTROLUX;Kuchenki mikrofalowe do zabudowy;-;https://www.mediaexpert.pl/agd-do-zabudowy/kuchnie-mikrofalowe-do-zabudowy/kuchenka-mikrofalowa-electrolux-lvm8e08z-mealassist-1000w-srednica-36-cm-pojemnosc-44l-czarny;2599.00;2799.00;2799.00;ME1109-031026
2026-09-19 17:27:39;Media Expert;Kuchenka mikrofalowa CANDY CA38FL7N25WXB 850W średnica 31.5 cm pojemność 25L;CANDY;Kuchenki mikrofalowe do zabudowy;-;https://www.mediaexpert.pl/agd-do-zabudowy/kuchnie-mikrofalowe-do-zabudowy/kuchenka-mikrofalowa-candy-ca38fl7n25wxb-850w-srednica-31-5-cm-pojemnosc-25l;846.00;1099.99;847.00;ME1909-031026
2026-09-19 17:27:39;Media Expert;Kuchenka mikrofalowa SIEMENS IQ500 CM585AGS1 900W pojemność 44L Termoobieg Hydroliza Czarny;SIEMENS;Kuchenki mikrofalowe do zabudowy;-;https://www.mediaexpert.pl/agd-do-zabudowy/kuchnie-mikrofalowe-do-zabudowy/kuchnia-mikrofalowa-siemens-cm585ags1-iq500-czarna-inox;3799.00;3799.00;0.00;
2026-09-19 17:27:39;Media Expert;Pralka do zabudowy CANDY Smart CBW 27D1E-S 7kg 1200obr;CANDY;Pralki do zabudowy;-;https://www.mediaexpert.pl/agd-do-zabudowy/pralki-i-suszarki-do-zabudowy/pralki-do-zabudowy/pralka-candy-cbw-27d1e-s;1599.99;1899.99;1767.00;R1709-300926
2026-09-19 17:27:39;Media Expert;Robot sprzątający KARCHER RVF 7 1.269-680.0;KARCHER;Roboty sprzątające;-;https://www.mediaexpert.pl/agd-male/sprzatanie/odkurzacze-automatyczne/robot-sprzatajacy-karcher-rvf-7-1-269-680-0;2519.99;2799.00;2799.00;ME0709-300926
2026-09-19 17:27:39;Media Expert;Szorowarka kompaktowa KARCHER Professional BR 30/1 C Bp Pack 18/25 1.783-055.0;KARCHER;Odkurzacze przemysłowe;-;https://www.mediaexpert.pl/dom-i-ogrod/wyposazenie-warsztatu/odkurzacze-wielofunkcyjne/szorowarka-kompaktowa-karcher-professional-br-30-1-c-bp-pack-18-25-1-783-055-0;2774.99;2999.00;2999.00;ME0709-300926
2026-09-19 17:27:40;Media Expert;Myjka do okien LEIFHEIT Nemo 51030;LEIFHEIT;Myjki do okien;-;https://www.mediaexpert.pl/agd-male/sprzatanie/myjki-okienne/myjka-do-okien-leifheit-nemo;254.99;279.00;279.00;ME0109-300926
2026-09-19 17:27:40;Media Expert;Żelazko parowe TEFAL Ultimate Power Pro FV9E50E0 Czarny z wbudowanym generatorem pary;TEFAL;Żelazka;-;https://www.mediaexpert.pl/agd-male/prasowanie-i-pielegnacja-ubran/zelazka/zelazko-parowe-tefal-ultimate-power-pro-fv9e50e0-czarny;498.98;539.00;498.99;AK1909-2009
2026-09-19 17:27:40;Media Expert;Oczyszczacz powietrza MOVA Stellar X10 Wi‑Fi Złoty;MOVA;Oczyszczacze powietrza;-;https://www.mediaexpert.pl/agd-male/do-domu/oczyszczacze-powietrza/oczyszczacz-powietrza-mova-stellar-x10;298.99;399.00;299.00;ME0909-300926
2026-09-19 17:27:40;Media Expert;Nawilżacz ewaporacyjny PHILIPS HU4210/04;PHILIPS;Nawilżacze powietrza;-;https://www.mediaexpert.pl/agd-male/do-domu/nawilzacze-powietrza/nawizacz-powietrza-philips-hu4210-04;465.65;465.65;0.00;
2026-09-19 17:27:41;Media Expert;Czujnik tlenku węgla (czadu) FIREANGEL FA3820-INT;FIREANGEL;Czujniki;-;https://www.mediaexpert.pl/dom/inteligentny-dom/detektory/czujnik-tlenku-wegla-z-wbudowana-bateria-fireangel-fa3820;119.00;179.99;179.99;ME0409-300926
2026-09-19 17:27:41;Media Expert;Łańcuch świetlny LED Smart HAMA 176660 10m;HAMA;Inteligentne taśmy LED;-;https://www.mediaexpert.pl/dom/inteligentny-dom/inteligentne-tasmy-led/lancuch-swietlny-led-smart-hama-176660-10m;99.00;119.00;119.00;ME1009-300926
2026-09-19 17:27:41;Media Expert;Monitor do wideodomofonu EURA VDA-10C5W;EURA;Akcesoria do domofonów;-;https://www.mediaexpert.pl/dom/inteligentny-dom/akcesoria-do-domofonow/monitor-do-wideodomofonu-eura-vda-10c5w;939.00;1080.99;999.99;ME1009-300926
2026-09-19 17:27:41;Media Expert;Gniazdko TRUST 71301 Wi-Fi (2 szt.);TRUST;Inteligentne gniazdka;-;https://www.mediaexpert.pl/dom/inteligentny-dom/inteligentne-gniazdka-wifi/gniazdko-trust-71301-2-szt;109.00;323.96;148.08;ME1009-300926
2026-09-19 17:27:42;Media Expert;Inteligentny reflektor PHILIPS HUE Centris 4 929003808801 Bluetooth Zigbee RGBW LED Czarny;PHILIPS HUE;Inteligentne oświetlenie;-;https://www.mediaexpert.pl/dom/inteligentny-dom/lampy/reflektor-punktowy-philips-hue-centris-4-929003808801-czarny;1789.00;2359.00;1959.00;ME1009-300926
2026-09-19 17:27:42;Media Expert;Uchwyt naścienny SOMFY 1870391;SOMFY;Akcesoria do kamer IP;-;https://www.mediaexpert.pl/komputery-i-tablety/urzadzenia-sieciowe/akcesoria-do-kamer-internetowych-i-ip/syprotect-uchwyt-do-kamery-bezpieczenstwa;159.00;189.99;189.99;ME1009-300926
2026-09-19 17:27:42;Media Expert;Filtr do oczyszczacza SETTI+ FAP8502;SETTI+;Filtry do oczyszczaczy powietrza;-;https://www.mediaexpert.pl/agd-male/do-domu/akcesoria-do-oczyszczaczy-nawilzaczy/filtr-do-oczyszczacza-setti-fap8502;177.80;199.99;177.81;RW0109-3009
2026-09-19 17:27:42;Media Expert;Ekspres DELONGHI ECAM 470.75.GX Eletta Ultra (Spienianie mleka na ciepło i zimno) (Cold Brew);DELONGHI;Ekspresy ciśnieniowe;-;https://www.mediaexpert.pl/agd-male/ekspresy-i-kawa/ekspresy-cisnieniowe/ekspres-delonghi-ecam470-75-gx-eletta-explore-ultra-spi-hot-cold;3999.00;4499.99;4499.99;PNU1809-2409
2026-09-19 17:27:42;Media Expert;Ekspres ETA Nero II 818090000 18.8 cm szerokości;ETA;Ekspresy ciśnieniowe;-;https://www.mediaexpert.pl/agd-male/ekspresy-i-kawa/ekspresy-cisnieniowe/ekspres-eta-nero-ii-818090000;1399.00;1399.00;0.00;
2026-09-19 17:27:43;Media Expert;Ekspres SMEG ECF03PGEU Pastelowa zieleń  (Cold Brew);SMEG;Ekspresy ciśnieniowe;-;https://www.mediaexpert.pl/agd-male/ekspresy-i-kawa/ekspresy-cisnieniowe/ekspres-smeg-ecf03pgeu-pastelowa-zielen-cold-brew;1718.96;1999.00;1718.97;ME1009-300926
2026-09-19 17:27:43;Media Expert;Ekspres SAGE BES920BTR;SAGE;Ekspresy ciśnieniowe;-;https://www.mediaexpert.pl/agd-male/ekspresy-i-kawa/ekspresy-cisnieniowe/ekspres-kolbowy-sage-bes920btr;4063.98;4063.98;0.00;
2026-09-19 17:27:43;Media Expert;Robot kuchenny planetarny LOVIO HOME ChefAssistant LVSTM01BK 1900W;LOVIO HOME;Roboty kuchenne;-;https://www.mediaexpert.pl/agd-male/do-kuchni/roboty-kuchenne/robot-kuchenny-planetarny-lovio-home-chefassistant-lvstm01bk-1900w;399.00;569.99;569.99;ME1209-031026
2026-09-19 17:27:43;Media Expert;Sokowirówka CECOTEC Extreme Titanium 19000 Czarny;CECOTEC;Sokowirówki;-;https://www.mediaexpert.pl/agd-male/do-kuchni/sokowirowki/sokowirowka-cecotec-extreme-titanium-19000-czarny;198.99;209.00;199.00;ME1909-031026
2026-09-19 17:27:44;Media Expert;Lodówka turystyczna SENCOR SCM 3224BL;SENCOR;Lodówki turystyczne;-;https://www.mediaexpert.pl/agd/lodowki-i-zamrazarki/lodowki-turystyczne/lodowka-samochodowa-sencor-scm-3224bl;428.99;482.73;429.00;ME1709-031026
2026-09-19 17:27:44;Media Expert;Kosiarka akumulatorowa BOSCH Professional GRA18V2-46SP 06008C8200, 46 cm, 18 V, silnik bezszczotkowy, kosz 60L, bez akumulatora;BOSCH;Kosiarki akumulatorowe;-;https://www.mediaexpert.pl/dom-i-ogrod/kosiarki-i-podkaszarki/kosiarki-akumulatorowe/kosiarka-akumulatorowa-bosch-professional-gra18v2-46sp-06008c8200;2061.55;2408.00;2061.56;ME1109-300926
2026-09-19 17:27:44;Media Expert;Kosiarka akumulatorowa STIHL RMA 239 63200111485 37 cm, 4 Ah, 36 V, kosz 40L, 1 akumulator 4 Ah;STIHL;Kosiarki akumulatorowe;-;https://www.mediaexpert.pl/dom-i-ogrod/kosiarki-i-podkaszarki/kosiarki-akumulatorowe/kosiarka-akumulatorowa-stihl-rma-239-63200111485;1799.99;1899.99;1899.99;WYPRZEDAZ-OGROD26
2026-09-19 17:27:44;Media Expert;Podkaszarka akumulatorowa STIHL FSA 30 FA100115710;STIHL;Podkaszarki akumulatorowe;-;https://www.mediaexpert.pl/dom-i-ogrod/narzedzia-akumulatorowe/podkaszarki-akumulatorowe/podkaszarka-akumulatorowa-stihl-fsa-30-fa100115710;609.99;679.99;629.99;WYPRZEDAZ-OGROD26
2026-09-19 17:27:45;Media Expert;Myjka ciśnieniowa KARCHER K7 Power Flex Home 1.317-302.0;KARCHER;Myjki ciśnieniowe;-;https://www.mediaexpert.pl/dom-i-ogrod/myjki-wysokocisnieniowe_i_akcesoria/myjki-wysokocisnieniowe/myjka-cisnieniowa-karcher-k7-power-flex-home-1-317-302-0;1849.99;2199.99;2199.99;R1108-300926
2026-09-19 17:27:45;Media Expert;Nożyce do żywopłotu STIHL HSE 71 600mm 0.6kW elektryczne;STIHL;Nożyce do żywopłotów;-;https://www.mediaexpert.pl/dom-i-ogrod/narzedzia-ogrodnicze/nozyce-i-sekatory-do-zywoplotow/nozyce-do-zywoplotu-stihl-hse-71-600mm-0-6kw-elektryczne;859.99;899.99;899.99;WYPRZEDAZ-OGROD26
2026-09-19 17:27:45;Media Expert;Sekator akumulatorowy STIHL ASA 20;STIHL;Sekatory;-;https://www.mediaexpert.pl/dom-i-ogrod/narzedzia-ogrodnicze/sekatory/sekator-akumulatorowy-stihl-asa-20;819.98;849.99;819.99;WYPRZEDAZ-OGROD26
2026-09-19 17:27:45;Media Expert;Nóż do kosiarki BOSCH AdvancedRotak F016800505 (46 cm);BOSCH_elektronarzedzia;Noże do kosiarek;-;https://www.mediaexpert.pl/dom-i-ogrod/kosiarki-i-podkaszarki/noze-do-kosiarek/zapasowy-noz-46cm-leaf-collect-gen5-li;84.99;99.99;99.99;ME1109-300926
2026-09-19 17:27:45;Media Expert;Szczotka BOSCH UniversalBrush 06033E0000;BOSCH_elektronarzedzia;Pozostałe elektronarzędzia;-;https://www.mediaexpert.pl/dom-i-ogrod/elektronarzedzia/pozostale-elektronarzedzia/szczotka-do-czyszczenia-bosch-universalbrush-06033e0000;134.41;142.99;142.99;BOSCH-DIY0926
2026-09-19 17:27:46;Media Expert;Wiertarko-wkrętarka GRAPHITE Energy+ 58G000-SET1 z akumulatorem;GRAPHITE;Wiertarko - wkrętarki;-;https://www.mediaexpert.pl/dom-i-ogrod/elektronarzedzia/wiertarko-wkretarki/wiertarko-wkretarka-graphite-58g000-set1-energy;248.00;269.00;249.00;ME0409-300926
2026-09-19 17:27:46;Media Expert;Młot wyburzeniowy BOSCH Professional GSH 14 C;BOSCH_elektronarzedzia;Młoty udarowo-obrotowe;-;https://www.mediaexpert.pl/dom-i-ogrod/elektronarzedzia/mloty-udarowo-obrotowe/mlot-wyburzeniowy-bosch-professional-gsh-14-c;3958.99;4192.20;4192.20;ME1109-300926
2026-09-19 17:27:46;Media Expert;Pilarka ukosowa BOSCH Professional GCM 305-254D 0601B49100 Srednica tarczy 254mm 1500W;BOSCH_elektronarzedzia;Pilarki ukosowe;-;https://www.mediaexpert.pl/dom-i-ogrod/elektronarzedzia/pilarki-ukosowe/pilarka-ukosowa-bosch-professional-gcm-305-254d-0601b49100-srednica-tarczy-254mm-1500w;2399.00;2511.16;2460.87;ME1109-300926
2026-09-19 17:27:46;Media Expert;Klucz udarowy BOSCH Professional GDS 18V-1600 HC 06019M1002;BOSCH_elektronarzedzia;Klucze udarowe i pneumatyczne;-;https://www.mediaexpert.pl/dom-i-ogrod/elektronarzedzia/klucze-udarowe-i-pneumatyczne/klucz-udarowy-bosch-professional-gds-18v-1600-hc-06019m1002;2507.99;3149.00;2508.00;ME1109-300926
2026-09-19 17:27:47;Media Expert;Radio budowlane BOSCH PRO HEAVY DUTY GPB 18VH-6 SRC 06014A6200;BOSCH_elektronarzedzia;Radia budowlane;-;https://www.mediaexpert.pl/dom-i-ogrod/narzedzia-malarskie/radia-budowlane/radio-budowlane-bosch-06014a6200;1499.43;1883.00;1499.44;ME1109-300926
2026-09-19 17:27:47;Media Expert;Szlifierka mimośrodowa BOSCH Professional GET 55-125 0601257000;BOSCH_elektronarzedzia;Szlifierki mimośrodowe;-;https://www.mediaexpert.pl/dom-i-ogrod/elektronarzedzia/szlifierki-mimosrodowe/szlifierka-mimosrodowa-bosch-get-55-125;1595.00;1819.00;1596.00;ME1109-300926
2026-09-19 17:27:47;Media Expert;Szlifierka kątowa sieciowa BOSCH Professional GWS 14-125 S 06017D0101;BOSCH_elektronarzedzia;Szlifierki kątowe;-;https://www.mediaexpert.pl/dom-i-ogrod/elektronarzedzia/szlifierki-katowe/gws-14-125-s-walizka;744.99;839.00;745.00;ME1109-300926
2026-09-19 17:27:47;Media Expert;Wiertarko-wkrętarka BOSCH Ergonomic PSB 18 LI-2 06039B0302 SOLO;BOSCH_elektronarzedzia;Wiertarko - wkrętarki;-;https://www.mediaexpert.pl/dom-i-ogrod/elektronarzedzia/wiertarko-wkretarki/wiertarko-wkretarka-bosch-psb-18-li-2-ergonomic;599.99;659.99;614.00;ME1109-300926
2026-09-19 17:27:48;Media Expert;Pilarka tarczowa BOSCH UniversalCirc 18V-53 Set;BOSCH;Pilarki tarczowe;-;https://www.mediaexpert.pl/dom-i-ogrod/elektronarzedzia/pilarki-tarczowe/pilarka-tarczowa-bosch-universalcirc-18v-53-set;548.43;570.72;548.44;ME1109-300926
2026-09-19 17:27:48;Media Expert;Pilarka tarczowa BOSCH Professional GKS 12V-26 06016A1003;BOSCH_elektonarzedzia;Pilarki tarczowe;-;https://www.mediaexpert.pl/dom-i-ogrod/elektronarzedzia/pilarki-tarczowe/pilarka-tarczowa-bosch-professional-gks-12v-26-06016a1003;884.90;1059.99;1059.99;ME1109-300926
2026-09-19 17:27:48;Media Expert;Wiertarka udarowa BOSCH Professional GSB 162-2 RE sieciowa 1500W + osprzęt;BOSCH_elektonarzedzia;Wiertarki udarowe;-;https://www.mediaexpert.pl/dom-i-ogrod/elektronarzedzia/wiertarki-udarowe/gsb-162-2-re;2342.99;2865.00;2343.00;ME1109-300926
2026-09-19 17:27:48;Media Expert;Pilarka tarczowa BOSCH Professional GKS 18V-57-2 GX 06016C1000;BOSCH_elektronarzedzia;Pilarki tarczowe;-;https://www.mediaexpert.pl/dom-i-ogrod/elektronarzedzia/pilarki-tarczowe/pilarka-tarczowa-bosch-professional-gks-18v-57-2-gx-06016c1000;1099.00;1191.93;1180.39;ME1109-300926
2026-09-19 17:27:49;Media Expert;Szlifierka mimośrodowa BOSCH GEX 12V-125 0601372101;BOSCH_elektronarzedzia;Szlifierki mimośrodowe;-;https://www.mediaexpert.pl/dom-i-ogrod/elektronarzedzia/szlifierki-mimosrodowe/szlifierka-mimosrodowa-bosch-gex-12v-125-0601372101;535.97;669.00;616.11;ME1109-300926
2026-09-19 17:27:49;Media Expert;Szlifierka kątowa sieciowa BOSCH Professional GWX 17-125 S 06017D2300;BOSCH_elektronarzedzia;Szlifierki kątowe;-;https://www.mediaexpert.pl/dom-i-ogrod/elektronarzedzia/szlifierki-katowe/szlifierka-katowa-gwx-17-125-s-1;928.00;1049.00;929.00;ME1109-300926
2026-09-19 17:27:49;Media Expert;Wiertarko-wkrętarka BOSCH UniversalDrill 18V 06039D4002 zestaw akumulatorów;BOSCH_elektronarzedzia;Wiertarko - wkrętarki;-;https://www.mediaexpert.pl/dom-i-ogrod/elektronarzedzia/wiertarko-wkretarki/wiertarko-wkretarka-bosch-universaldrill-18v-06039d4002;421.45;510.00;449.00;ME1109-300926
2026-09-19 17:27:49;Media Expert;Akumulator BOSCH Professional 1600A02T5W 12Ah 18V + ładowarka;BOSCH_elektronarzedzia;Akumulatory do narzędzi;-;https://www.mediaexpert.pl/dom-i-ogrod/elektronarzedzia/akumulatory-do-elektronarzedzi/akumulator-bosch-professional-1600a02t5w-12ah-18v-ladowarka;1952.00;2099.99;1953.00;ME1109-300926
2026-09-19 17:27:49;Media Expert;Zestaw brzeszczotów BOSCH Heavy for Metal S1126CHF (25 szt.);BOSCH_elektronarzedzia;Brzeszczoty;-;https://www.mediaexpert.pl/dom-i-ogrod/elektronarzedzia/brzeszczoty/zestaw-brzeszczotow-bosch-heavy-for-metal-s1126chf-25-sztuk;499.99;569.99;531.00;ME1109-300926
2026-09-19 17:27:50;Media Expert;Wiertło BOSCH CYL-9 SoftCeramic 2608587159;BOSCH_elektronarzedzia;Wiertła;-;https://www.mediaexpert.pl/dom-i-ogrod/elektronarzedzia/wiertla/wiertlo-bosch-cyl-9-softceramic-5-x-70-mm;19.99;23.99;23.00;ME1109-300926
2026-09-19 17:27:50;Media Expert;Adapter BOSCH GFA 12-W Flexiclick;BOSCH_elektonarzedzia;Pozostałe akcesoria;-;https://www.mediaexpert.pl/dom-i-ogrod/elektronarzedzia/akcesoria-do-elektronarzedzia/adapter-bosch-gfa-12-w;125.00;135.36;135.36;ME1109-300926
2026-09-19 17:27:50;Media Expert;Zestaw brzeszczotów BOSCH T101BR Clean for Wood (25 szt.);BOSCH_elektronarzedzia;Brzeszczoty;-;https://www.mediaexpert.pl/dom-i-ogrod/elektronarzedzia/brzeszczoty/zestaw-brzeszczotow-bosch-t101br-clean-for-wood-25-sztuk;119.00;149.99;138.40;ME1109-300926
2026-09-19 17:27:50;Media Expert;Laser krzyżowy BOSCH Quigo Green Set 0603663CZ1;BOSCH;Poziomice i lasery;-;https://www.mediaexpert.pl/dom-i-ogrod/narzedzia-pomiarowe/poziomice-i-lasery/laser-krzyzowy-bosch-quigo-green-set-0603663cz1;224.98;272.80;272.80;BOSCH-DIY0926
2026-09-19 17:27:51;Media Expert;Wkład BOSCH 1600A002WK;BOSCH_elektonarzedzia;Przechowywanie narzędzi;-;https://www.mediaexpert.pl/dom-i-ogrod/narzedzia-reczne/przechowywanie-narzedzi/wklad-bosch-1600a002wk;39.99;51.00;44.99;ME1109-300926
2026-09-19 17:27:51;Media Expert;Ściernica trzpieniowa BOSCH 1600A00156;BOSCH_elektonarzedzia;Pozostałe akcesoria;-;https://www.mediaexpert.pl/dom-i-ogrod/elektronarzedzia/akcesoria-do-elektronarzedzia/akcesoria-do-szlifierki-rolkowej-bosch-ask-30-set-uchwyt-mocujacy-do-rolki-do-prr-250-es;23.99;30.99;29.00;ME1109-300926
2026-09-19 17:27:51;Media Expert;Zestaw wkrętaków BOSCH 1600A02NF8 (7 szt.);BOSCH;Wkrętaki;-;https://www.mediaexpert.pl/dom-i-ogrod/narzedzia-reczne/wkretaki/zestaw-wkretakow-bosch-1600a02nf8-7-szt;149.99;160.21;151.89;ME1109-300926
2026-09-19 17:27:51;Media Expert;Radio budowlane BLAUPUNKT Jobsite PP30BT;BLAUPUNKT;Radia budowlane;-;https://www.mediaexpert.pl/dom-i-ogrod/narzedzia-malarskie/radia-budowlane/radio-budowlane-blaupunkt-jobsite-pp30bt;274.99;300.14;300.14;ME0709-300926
2026-09-19 17:27:52;Media Expert;Stojak BOSCH 0601190400;BOSCH;Stojaki i statywy;-;https://www.mediaexpert.pl/dom-i-ogrod/wyposazenie-warsztatu/stojaki-i-statywy/stojak-bosch-0601190400;2999.00;3119.00;3119.00;ME1109-300926
2026-09-19 17:27:52;Media Expert;Lampa warsztatowa BOSCH Professional GLA 18VH-7500 06014A5000;BOSCH_elektronarzedzia;Lampy warsztatowe;-;https://www.mediaexpert.pl/dom-i-ogrod/wyposazenie-warsztatu/lampy-warsztatowe/lampa-warsztatowa-bosch-professional-gla-18vh-7500-06014a5000;1159.00;1472.00;1169.00;ME1109-300926
2026-09-19 17:27:52;Media Expert;Adapter podróżny VERBATIM Charge N Travel Czarny (Globalny);VERBATIM;Adaptery podróżne;-;https://www.mediaexpert.pl/dom/inteligentny-dom/adaptery-podrozne/adapter-podrozny-verbatim-charge-n-travel-czarny-globalny-2;169.99;199.00;199.00;ME0109-300926
2026-09-19 17:27:52;Media Expert;Rower miejski INDIANA Moena S7B 28 cali damski Biały 2025;INDIANA;Rowery miejskie;-;https://www.mediaexpert.pl/rowery/rowery-miejskie/rower-miejski-indiana-moena-s7b-28-cali-damski-bialy-1;899.99;1099.99;999.99;ME2808-300926
2026-09-19 17:27:52;Media Expert;Rower miejski INDIANA Moena S7B 26 cali damski Biało-lazurowy;INDIANA;Rowery miejskie;-;https://www.mediaexpert.pl/rowery/rowery-miejskie/rower-miejski-indiana-moena-s7b-26-cali-damski-bialo-lazurowy;899.99;1099.99;999.99;ME2808-300926
2026-09-19 17:27:53;Media Expert;Rower miejski INDIANA Moena S3B 28 cali damski Biały;INDIANA;Rowery miejskie;-;https://www.mediaexpert.pl/rowery/rowery-miejskie/rower-miejski-indiana-moena-s3b-28-cali-damski-bialy;899.99;949.99;949.99;ME2808-300926
2026-09-19 17:27:53;Media Expert;Rower miejski INDIANA Classic 6B 28 cali damski Butelkowa zieleń;INDIANA;Rowery miejskie;-;https://www.mediaexpert.pl/rowery/rowery-miejskie/rower-miejski-indiana-classic-6b-28-cali-damski-zielony;399.99;899.99;649.99;ME2808-300926
2026-09-19 17:27:53;Media Expert;Rower miejski INDIANA Moena S7B 28 cali damski Srebrny;INDIANA;Rowery miejskie;-;https://www.mediaexpert.pl/rowery/rowery-miejskie/rower-miejski-indiana-moena-s7b-28-cali-damski-srebrny;899.99;1699.99;999.99;ME2808-300926
2026-09-19 17:27:53;Media Expert;Rower miejski INDIANA Storica 130 7B M19 28 cali męski Kremowy;INDIANA;Rowery miejskie;-;https://www.mediaexpert.pl/rowery/rowery-miejskie/rower-miejski-indiana-storica-130-7b-28-cali-meski-kremowy;799.99;1729.99;899.98;ME2808-300926
2026-09-19 17:27:54;Media Expert;Rower górski MTB INDIANA X-Pulser 2.6 M15 26 cali męski Czarno-pomarańczowy;INDIANA;Rowery MTB górskie;-;https://www.mediaexpert.pl/rowery/rowery-mtb/rower-gorski-mtb-indiana-x-pulser-2-6-m15-26-cali-meski-czarno-pomaranczowy-3;1199.99;1899.99;1899.99;WYPRZEDAZ-ROWERY
2026-09-19 17:27:54;Media Expert;Rower górski MTB INDIANA X-Pulser 2.9 M21 29 cali męski Zielony;INDIANA;Rowery MTB górskie;-;https://www.mediaexpert.pl/rowery/rowery-mtb/rower-gorski-mtb-indiana-x-pulser-2-9-m21-29-cali-meski-zielony;1499.99;1799.99;1799.99;ME0809-300926
2026-09-19 17:27:54;Media Expert;Rower górski MTB INDIANA X-Pulser 2.7 M17 27.5 cala męski Czarno-szary;INDIANA;Rowery MTB górskie;-;https://www.mediaexpert.pl/rowery/rowery-mtb/rower-gorski-mtb-indiana-x-pulser-2-7-m17-27-5-cala-meski-czarno-szary;1199.99;1599.99;1399.99;ME2808-300926
2026-09-19 17:27:54;Media Expert;Rower górski MTB INDIANA X-Pulser 3.7 M17 27.5 cala męski Zielono-czarny;INDIANA;Rowery MTB górskie;-;https://www.mediaexpert.pl/rowery/rowery-mtb/rower-gorski-mtb-indiana-x-pulser-3-7-m17-27-5-cala-meski-zielono-czarny;1699.98;2399.99;1699.99;ME2808-300926
2026-09-19 17:27:55;Media Expert;Rower górski MTB INDIANA X-Pulser 1.6 M17 26 cali męski Limonkowo-czarny;INDIANA;Rowery MTB górskie;-;https://www.mediaexpert.pl/rowery/rowery-mtb/rower-gorski-mtb-indiana-x-pulser-1-6-m17-26-cali-meski-limonkowo-czarny;999.99;1399.99;1099.99;ME2808-300926
2026-09-19 17:27:55;Media Expert;Rower górski MTB INDIANA X-Pulser 2.6 D15 26 cali damski Czarno-fioletowy;INDIANA;Rowery MTB górskie;-;https://www.mediaexpert.pl/rowery/rowery-mtb/rower-gorski-mtb-indiana-x-pulser-2-6-d15-26-cali-damski-czarno-fioletowy;1199.99;1599.99;1399.99;ME2808-300926
2026-09-19 17:27:55;Media Expert;Rower górski MTB INDIANA X-Pulser 1.6 M19 26 cali Amar męski Czarno-czerwony;INDIANA;Rowery MTB górskie;-;https://www.mediaexpert.pl/rowery/rowery-mtb/rower-gorski-mtb-indiana-x-pulser-1-6-m19-26-cali-meski-czarno-czerwony-2;699.99;1399.99;1399.99;ME0809-300926
2026-09-19 17:27:55;Media Expert;Rower górski MTB INDIANA X-Pulser 6.9 M21 29 cali męski Czarno-brązowy 2024;INDIANA;Rowery MTB górskie;-;https://www.mediaexpert.pl/rowery/rowery-mtb/rower-gorski-mtb-indiana-x-pulser-6-9-m21-29-cali-meski-czarno-brazowy;2399.99;3249.99;3249.99;ME0809-300926
2026-09-19 17:27:55;Media Expert;Rower górski MTB INDIANA X-Pulser 2.9 M18 29 cali męski Zielony;INDIANA;Rowery MTB górskie;-;https://www.mediaexpert.pl/rowery/rowery-mtb/rower-gorski-mtb-indiana-x-pulser-2-9-m18-29-cali-meski-zielony;1499.98;2199.99;1499.99;ME2808-300926
2026-09-19 17:27:56;Media Expert;Rower górski MTB INDIANA X-Pulser 3.6 M17 26 cali męski Grafitowo-limonkowy;INDIANA;Rowery MTB górskie;-;https://www.mediaexpert.pl/rowery/rowery-mtb/rower-gorski-mtb-indiana-x-pulser-3-6-m17-26-cali-meski-grafitowo-limonkowy;1499.99;1799.99;1699.99;ME2808-300926
2026-09-19 17:27:56;Media Expert;Rower górski MTB KROSS XPRT SUV M18 29 cali męski Srebrno-szampański;KROSS;Rowery MTB górskie;-;https://www.mediaexpert.pl/rowery/rowery-mtb/rower-gorski-mtb-kross-xprt-suv-m18-29-cali-meski-srebrno-szampanski;1999.99;2299.99;2299.99;ME2808-300926
2026-09-19 17:27:56;Media Expert;Rower górski MTB ROMET Rambler R7.3 A U20 27.5 cala Niebiesko-żółty;ROMET;Rowery MTB górskie;-;https://www.mediaexpert.pl/rowery/rowery-mtb/rower-gorski-mtb-romet-rambler-r7-3-a-u20-27-5-cali-niebiesko-zolty;1799.99;3299.99;3299.99;ME2808-300926
2026-09-19 17:27:56;Media Expert;Rower górski MTB INDIANA X-Pulser 1.9 M19 29 cali męski Czarno-niebieski;INDIANA;Rowery MTB górskie;-;https://www.mediaexpert.pl/rowery/rowery-mtb/rower-gorski-mtb-indiana-x-pulser-1-9-m19-29-cali-meski-czarno-niebieski-6;1199.99;1899.99;1299.99;ME2808-300926
2026-09-19 17:27:57;Media Expert;Rower górski MTB INDIANA X-Pulser 1.6 D15 26 cali damski Złoty;INDIANA;Rowery MTB górskie;-;https://www.mediaexpert.pl/rowery/rowery-mtb/rower-gorski-mtb-indiana-x-pulser-1-6-d15-26-cali-damski-zloty;999.99;1599.99;1099.99;ME2808-300926
2026-09-19 17:27:57;Media Expert;Rower górski MTB KROSS XPRT SUV M20 29 cali męski Srebrno-szampański;KROSS;Rowery MTB górskie;-;https://www.mediaexpert.pl/rowery/rowery-mtb/rower-gorski-mtb-kross-xprt-suv-m20-29-cali-meski-srebrno-szampanski;1799.99;2299.99;1899.99;ME2808-300926
2026-09-19 17:27:57;Media Expert;Rower górski MTB ROMET Monsun 2.1 29152263-C U15 29 cali Czarny;ROMET;Rowery MTB górskie;-;https://www.mediaexpert.pl/rowery/rowery-mtb/rower-gorski-mtb-romet-monsun-2-1-29152263-c-u15-29-cali-czarny;4799.99;6999.99;6999.99;ME2808-300926
2026-09-19 17:27:57;Media Expert;Rower górski MTB ROMET Monsun 2.0 29151342-B 1 U15 29 cali Turkusowy;ROMET;Rowery MTB górskie;-;https://www.mediaexpert.pl/rowery/rowery-mtb/rower-gorski-mtb-romet-monsun-2-0-29151342-b-1-u15-29-cali-turkusowy;3999.99;5999.99;5999.99;ME2808-300926
2026-09-19 17:27:58;Media Expert;Rower górski MTB ROMET Mustang 4.1 U18 29 cali Grafitowy;ROMET;Rowery MTB górskie;-;https://www.mediaexpert.pl/rowery/rowery-mtb/rower-gorski-mtb-romet-mustang-4-1-u18-29-cali-grafitowy;3999.99;5299.99;5299.99;ME2808-300926
2026-09-19 17:27:58;Media Expert;Rower górski MTB ROMET Monsun 2 29190137-A U19 29 cali Turkusowy;ROMET;Rowery MTB górskie;-;https://www.mediaexpert.pl/rowery/rowery-mtb/rower-gorski-mtb-romet-monsun-2-29190137-a-u19-29-cali-turkusowy;4999.99;6499.99;6499.99;ME2808-300926
2026-09-19 17:27:58;Media Expert;Rower górski MTB KROSS Hexagon 1.0 M19 26 cali męski Pomarańczowo-zielony;KROSS;Rowery MTB górskie;-;https://www.mediaexpert.pl/rowery/rowery-mtb/rower-gorski-mtb-kross-hexagon-1-0-m19-26-cali-meski-pomaranczowo-zielony;699.99;1299.99;799.99;ME0809-300926
2026-09-19 17:27:58;Media Expert;Rower elektryczny KROSS XPRT C-Racer M19 28 cali Szaro-zielony;KROSS;Rowery elektryczne;-;https://www.mediaexpert.pl/rowery/rower-elektryczne/rowery-elektryczne/rower-elektryczny-kross-xprt-c-racer-m19-28-cali-szaro-zielony;3998.00;5199.99;5199.99;WYPRZEDAZ-ROWERY
2026-09-19 17:27:58;Media Expert;Rower elektryczny INDIANA Pulse M22 28 cali Tytanowo-szary;INDIANA;Rowery elektryczne;-;https://www.mediaexpert.pl/rowery/rower-elektryczne/rowery-elektryczne/rower-elektryczny-indiana-pulse-m22-28-cali-meski-tytanowo-szary;2499.99;4999.99;2899.99;ME2808-300926
2026-09-19 17:27:59;Media Expert;Rower elektryczny ROMET E-Modeco SUV 1.0 AN U17 28 cali Limonkowy;ROMET;Rowery elektryczne;-;https://www.mediaexpert.pl/rowery/rower-elektryczne/rowery-elektryczne/rower-elektryczny-romet-e-modeco-suv-1-0-an-u17-28-cali-limonkowy;5998.00;8999.99;5999.99;ME2808-300926
2026-09-19 17:27:59;Media Expert;Rower elektryczny ARGENTO Piuma U16 20 cali Niebieski;ARGENTO;Rowery elektryczne;-;https://www.mediaexpert.pl/rowery/rower-elektryczne/rowery-elektryczne/rower-elektryczny-argento-piuma-u16-20-cali-niebieski;3299.98;3699.99;3299.99;ME2808-300926
2026-09-19 17:27:59;Media Expert;Rower elektryczny MBM E828 Pulse U20 28 cali Czarny;MBM;Rowery elektryczne;-;https://www.mediaexpert.pl/rowery/rower-elektryczne/rowery-elektryczne/rower-elektryczny-trekkingowy-mbm-e828-pulse-m20-7b28-bafang-czarny;1699.99;5999.99;1999.99;ME2808-300926
2026-09-19 17:27:59;Media Expert;Rower elektryczny BIRD Urban 1.0 M22 28 cali Niebieski;BIRD;Rowery elektryczne;-;https://www.mediaexpert.pl/rowery/rower-elektryczne/rowery-elektryczne/rower-elektryczny-bird-urban-1-0-m22-28-cali-meski-niebieski;3699.99;6299.99;4899.99;ME2808-300926
2026-09-19 17:28:00;Media Expert;Rower elektryczny ROMET PROECO Easy Mid Step 2819OEM192-A U19 28 cali Szampański;PROECO;Rowery elektryczne;-;https://www.mediaexpert.pl/rowery/rower-elektryczne/rowery-elektryczne/rower-elektryczny-romet-proeco-easy-mid-step-2819oem192-a-u19-28-cali-szampanski;3999.99;4999.99;4999.99;ME2808-300926
2026-09-19 17:28:00;Media Expert;Rower elektryczny ARGENTO Piuma-S Plus U16 20 cali Czarny;ARGENTO;Rowery elektryczne;-;https://www.mediaexpert.pl/rowery/rower-elektryczne/rowery-elektryczne/rower-elektryczny-argento-piuma-s-plus-u16-20-cali-czarny;2999.97;3699.99;2999.98;ME2808-300926
2026-09-19 17:28:00;Media Expert;Rower elektryczny INDIANA Pulse M22 28 cali Czarny;INDIANA;Rowery elektryczne;-;https://www.mediaexpert.pl/rowery/rower-elektryczne/rowery-elektryczne/rower-elektryczny-indiana-pulse-m22-28-cali-meski-czarny;2699.99;4999.99;4999.99;ME0809-300926
2026-09-19 17:28:00;Media Expert;Rower dziecięcy INDIANA Rock Girl 20 cali Biały Wzrost: 120-135 cm Wiek: 5-8 lat;INDIANA;Rowery dla dzieci;-;https://www.mediaexpert.pl/rowery/rowery-dzieciece/rowery-dzieciece/rower-dzieciecy-indiana-rock-girl-20-cali-dla-dziewczynki-bialo-rozowy-1;599.99;649.99;649.99;R2808-300926
2026-09-19 17:28:01;Media Expert;Rower dziecięcy HUFFY Kraina Lodu 14 cali Wzrost: 95- 110 cm Wiek: 4-6 lat;HUFFY;Rowery dla dzieci;-;https://www.mediaexpert.pl/rowery/rowery-dzieciece/rowery-dzieciece/rower-dzieciecy-disney-kraina-lodu-14-cali-dla-dziewczynki-2;349.99;499.99;399.98;ME2808-300926
2026-09-19 17:28:01;Media Expert;Rower dziecięcy TOIMSA Batman 16 cali Czarny Wzrost: 100-120 cm Wiek: 5-8 lat;TOIMSA;Rowery dla dzieci;-;https://www.mediaexpert.pl/rowery/rowery-dzieciece/rowery-dzieciece/rower-dzieciecy-toimsa-batman-16-cali-dla-chlopca;569.99;649.99;649.99;ME2808-300926
2026-09-19 17:28:01;Media Expert;Rower dziecięcy SUN BABY Heart Bike 12 cali Fioletowy Wzrost: 85-100 cm Wiek: 2-4 lata;SUN BABY;Rowery dla dzieci;-;https://www.mediaexpert.pl/rowery/rowery-dzieciece/rowery-dzieciece/rower-dzieciecy-sun-baby-heart-bike-12-cali-dla-dziewczynki-fioletowy;549.99;699.99;589.99;ME2808-300926
2026-09-19 17:28:01;Media Expert;Rower dziecięcy SUN BABY Heart Bike 20 cali Czarny Wzrost: 120-135 cm Wiek: 6-10 lat;SUN BABY;Rowery dla dzieci;-;https://www.mediaexpert.pl/rowery/rowery-dzieciece/rowery-dzieciece/rower-dzieciecy-sun-baby-heart-bike-20-cali-dla-dziewczynki-czarny;798.99;899.99;899.99;ME2808-300926
2026-09-19 17:28:01;Media Expert;Rower dziecięcy NICKELODEON Psi Patrol 16 cali Biały Wzrost: 100-120 cm Wiek: 5-7 lat;NICKELODEON;Rowery dla dzieci;-;https://www.mediaexpert.pl/rowery/rowery-dzieciece/rowery-dzieciece/rower-dzieciecy-nickelodeon-psi-patrol-16-cali-dla-dziewczynki-1;529.99;599.99;599.99;ME2808-300926
2026-09-19 17:28:02;Media Expert;Rower dziecięcy TOIMSA Świnka Peppa 16 cali Różowy Wzrost: 100-120 cm Wiek: 5-9 lat;TOIMSA;Rowery dla dzieci;-;https://www.mediaexpert.pl/rowery/rowery-dzieciece/rowery-dzieciece/rower-dzieciecy-toimsa-swinka-peppa-16-cali-dla-dziewczynki-1;529.99;599.99;599.99;ME2808-300926
2026-09-19 17:28:02;Media Expert;Rowerek biegowy LIONELO Alex Plus Zielony;LIONELO;Rowerki biegowe;-;https://www.mediaexpert.pl/rowery/rowery-dzieciece/rowerki-biegowe/rowerek-biegowy-lionelo-alex-plus-zielony;169.99;179.99;179.99;ME0209-300926
2026-09-19 17:28:02;Media Expert;Rower dziecięcy KARBON Superlight Automatic 18 cali Niebieski Wzrost: 115-130 cm Wiek: 5-7 lat;KARBON;Rowery dla dzieci;-;https://www.mediaexpert.pl/rowery/rowery-dzieciece/rowery-dzieciece/rower-dzieciecy-karbon-superlight-automatic-18-cali-dla-chlopca-niebieski;1448.99;1549.99;1449.00;ME2808-300926
2026-09-19 17:28:02;Media Expert;Rower dziecięcy HUFFY Retro Vintage 16 cali Niebieski Wzrost: 100-120 cm Wiek: 5-7 lat;HUFFY;Rowery dla dzieci;-;https://www.mediaexpert.pl/rowery/rowery-dzieciece/rowery-dzieciece/rower-dzieciecy-huffy-retro-vintage-16-cali-dla-chlopca-niebieski;599.99;999.99;699.99;ME2808-300926
2026-09-19 17:28:03;Media Expert;Rower dziecięcy HUFFY Disney Auta 16 cali Czerwony Wzrost: 100-120 cm Wiek: 5-7 lat;HUFFY;Rowery dla dzieci;-;https://www.mediaexpert.pl/rowery/rowery-dzieciece/rowery-dzieciece/rower-dzieciecy-huffy-disney-auta-16-cali-dla-chlopca-czerwony;399.99;599.99;539.99;ME2808-300926
2026-09-19 17:28:03;Media Expert;Rower dziecięcy KARBON Jazz 14 cali Zielony Neon Wzrost: 95-110 cm Wiek: 3-5 lat;KARBON;Rowery dla dzieci;-;https://www.mediaexpert.pl/rowery/rowery-dzieciece/rowery-dzieciece/rower-dzieciecy-karbon-jazz-14-zielony-neon;728.99;949.99;729.00;ME2808-300926
2026-09-19 17:28:03;Media Expert;Rower dziecięcy KARBON Superlight 16 cali Niebieski Wzrost: 100-120 cm Wiek: 4-6 lat;KARBON;Rowery dla dzieci;-;https://www.mediaexpert.pl/rowery/rowery-dzieciece/rowery-dzieciece/rower-dzieciecy-karbon-superlight-16-cali-dla-chlopca-niebieski;1249.99;1299.99;1299.99;ME2808-300926
2026-09-19 17:28:03;Media Expert;Rower dziecięcy INDIANA Pretty 16 cali Brzoskwiniowy Wzrost: 100-120 cm Wiek: 4-5 lat;INDIANA;Rowery dla dzieci;-;https://www.mediaexpert.pl/rowery/rowery-dzieciece/rowery-dzieciece/rower-dzieciecy-indiana-pretty-16-cali-dla-dziewczynki-brzoskwiniowy;599.99;799.99;649.98;ME2808-300926
2026-09-19 17:28:04;Media Expert;Rower dziecięcy BATCH Kids 20 cali Fioletowy Wzrost: 120-135 cm Wiek: 6-9 lat;BATCH;Rowery dla dzieci;-;https://www.mediaexpert.pl/rowery/rowery-dzieciece/rowery-dzieciece/rower-dzieciecy-batch-kids-20-cali-dla-dziewczynki-fioletowy;1499.99;1949.99;1699.99;ME2808-300926
2026-09-19 17:28:04;Media Expert;Rower dziecięcy KARBON Stickerboomb BMX 20 Czarno-limonkowy Wzrost: 120-135 cm Wiek: 6 lat;KARBON;Rowery dla dzieci;-;https://www.mediaexpert.pl/rowery/rowery-dzieciece/rowery-dzieciece/rower-dzieciecy-karbon-stickerboomb-bmx-20-czarno-limonkowy;699.99;1399.99;1399.99;ME2808-300926
2026-09-19 17:28:04;Media Expert;Rower dziecięcy DINO BIKES Dinozaury 14 cali Czarny Wzrost: 95-110 cm Wiek: 4-5 lat;DINO BIKES;Rowery dla dzieci;-;https://www.mediaexpert.pl/rowery/rowery-dzieciece/rowery-dzieciece/rower-dzieciecy-dino-bikes-dinozaury-14-cali-dla-chlopca;299.99;599.99;599.99;ME2808-300926
2026-09-19 17:28:04;Media Expert;Rower dziecięcy KARBON Jazz 14 cali Limonkowy Wzrost: 95-110 cm Wiek: 3-5 lat;KARBON;Rowery dla dzieci;-;https://www.mediaexpert.pl/rowery/rowery-dzieciece/rowery-dzieciece/rower-dzieciecy-karbon-jazz-14-limonkowy;728.99;949.99;729.00;ME2808-300926
2026-09-19 17:28:04;Media Expert;Rower dziecięcy HUFFY Disney Princess 12 cali Różowy Wzrost: 85-100 cm Wiek: 3-5 lat;HUFFY;Rowery dla dzieci;-;https://www.mediaexpert.pl/rowery/rowery-dzieciece/rowery-dzieciece/rower-dzieciecy-huffy-disney-princess-12-cali-dla-dziewczynki-rozowy-1;429.98;749.99;429.99;ME2808-300926
2026-09-19 17:28:05;Media Expert;Rowerek biegowy TOIMSA Hello Kitty 149 Różowy;TOIMSA;Rowerki biegowe;-;https://www.mediaexpert.pl/rowery/rowery-dzieciece/rowerki-biegowe/rowerek-biegowy-toimsa-hello-kitty-149-rozowy;169.99;189.99;189.99;ME0209-300926
2026-09-19 17:28:05;Media Expert;Rower młodzieżowy INDIANA X-Pulser 2.6 26 cali dla chłopca Czarno-zielony;INDIANA;Rowery młodzieżowe;-;https://www.mediaexpert.pl/rowery/rowery-dzieciece/rowery-junior/rower-mlodziezowy-indiana-x-pulser-2-6-26-cali-dla-chlopca-czarno-zielony;1299.99;1699.99;1399.99;WYPRZEDAZ-ROWERY
2026-09-19 17:28:05;Media Expert;Rower młodzieżowy INDIANA Moena 24 cale dla dziewczynki Zielony;INDIANA;Rowery młodzieżowe;-;https://www.mediaexpert.pl/rowery/rowery-dzieciece/rowery-junior/rower-mlodziezowy-indiana-moena-24-cale-dla-dziewczynki-zielony;599.99;849.99;749.99;ME2808-300926
2026-09-19 17:28:05;Media Expert;Rower młodzieżowy INDIANA Roxy Jr 24 cale dla dziewczynki Różowo-miętowy;INDIANA;Rowery młodzieżowe;-;https://www.mediaexpert.pl/rowery/rowery-dzieciece/rowery-junior/rower-mlodziezowy-indiana-roxy-jr-24-cale-dla-dziewczynki-rozowo-mietowy-3;1099.98;1599.99;1099.99;ME2808-300926
2026-09-19 17:28:06;Media Expert;Rower młodzieżowy SUN BABY Verdant 24 cale dla chłopca Biało-niebiesko-pomarańczowy;SUN BABY;Rowery młodzieżowe;-;https://www.mediaexpert.pl/rowery/rowery-dzieciece/rowery-junior/rower-mlodziezowy-sun-baby-verdant-24-cale-dla-chlopca-bialo-niebiesko-pomaranczowy;997.99;1239.00;998.99;ME2808-300926
2026-09-19 17:28:06;Media Expert;Rower trekkingowy INDIANA X-Road 3.0 D19 28 cali damski Czarno-błękitny;INDIANA;Rowery trekkingowe;-;https://www.mediaexpert.pl/rowery/rowery-trekkingowe/rower-trekkingowy-indiana-x-road-3-0-d19-28-cali-damski-czarno-blekitny;1129.99;2199.99;1149.99;R2808-300926
2026-09-19 17:28:06;Media Expert;Rower trekkingowy INDIANA X-Road 1.0 D19 28 cali damski Czarno-zielony;INDIANA;Rowery trekkingowe;-;https://www.mediaexpert.pl/rowery/rowery-trekkingowe/rower-trekkingowy-indiana-x-road-1-0-d19-28-cali-damski-czarno-zielony-1;1299.99;1499.99;1499.99;ME2808-300926
2026-09-19 17:28:06;Media Expert;Rower trekkingowy INDIANA X-Road 3.0 M21 28 cali męski Czarno-brązowy;INDIANA;Rowery trekkingowe;-;https://www.mediaexpert.pl/rowery/rowery-trekkingowe/rower-trekkingowy-indiana-x-road-3-0-m21-28-cali-meski-czarno-brazowy-2;1699.98;1999.99;1699.99;ME2808-300926
2026-09-19 17:28:07;Media Expert;Rower trekkinowy INDIANA X-Road 3.0 D15 26 cali damski Grafitowy;INDIANA;Rowery trekkingowe;-;https://www.mediaexpert.pl/rowery/rowery-trekkingowe/rower-trekkinowy-indiana-x-road-3-0-d15-26-cali-damski-grafitowy;1149.99;1999.99;1999.99;ME2808-300926
2026-09-19 17:28:07;Media Expert;Rower trekkingowy ROMET Wagant SUV L HT A U18 28 cali Grafitowy;ROMET;Rowery trekkingowe;-;https://www.mediaexpert.pl/rowery/rowery-trekkingowe/rower-trekkingowy-romet-wagant-suv-l-ht-a-u18-28-cali-grafitowy;1199.00;2399.99;1599.99;ME2808-300926
2026-09-19 17:28:07;Media Expert;Rower trekkingowy INDIANA X-Road 3.0 M23 28 cale męski Czarno-brązowy;INDIANA;Rowery trekkingowe;-;https://www.mediaexpert.pl/rowery/rowery-trekkingowe/rower-trekkingowy-indiana-x-road-3-0-m23-28-cale-meski-czarno-brazowy;1149.98;1999.99;1149.99;ME2808-300926
2026-09-19 17:28:07;Media Expert;Rower trekkingowy ROMET Wagant Suv L PV A U18 28 cali Biały;ROMET;Rowery trekkingowe;-;https://www.mediaexpert.pl/rowery/rowery-trekkingowe/rower-trekkingowy-romet-wagant-suv-l-pv-a-u18-28-cali-bialy;1199.00;2399.99;1599.99;ME2808-300926
2026-09-19 17:28:07;Media Expert;Rower trekkingowy ROMET Wagant SUV L HT A U18 28 cali Zielony;ROMET;Rowery trekkingowe;-;https://www.mediaexpert.pl/rowery/rowery-trekkingowe/rower-trekkingowy-romet-wagant-suv-l-ht-a-u18-28-cali-zielony;1199.00;2399.99;1599.99;ME2808-300926
2026-09-19 17:28:08;Media Expert;Rower trekkingowy INDIANA X-Road 1.0 D17 28 cali damski Czarno-fioletowy;INDIANA;Rowery trekkingowe;-;https://www.mediaexpert.pl/rowery/rowery-trekkingowe/rower-trekkingowy-indiana-x-road-1-0-d17-28-cali-damski-czarno-fioletowy;699.99;1229.99;799.99;ME2808-300926
2026-09-19 17:28:08;Media Expert;Rower crossowy INDIANA X-Cross 5.0 M23 męski Granatowo-szary;INDIANA;Rowery crossowe;-;https://www.mediaexpert.pl/rowery/rowery-cross/rower-crossowy-indiana-x-cross-5-0-m23-meski-ciemnoszary;1990.00;2999.99;1999.99;ME0309-300926
2026-09-19 17:28:08;Media Expert;Rower crossowy INDIANA X-Cross 5.0 M21 męski Granatowo-szary;INDIANA;Rowery crossowe;-;https://www.mediaexpert.pl/rowery/rowery-cross/rower-crossowy-indiana-x-cross-5-0-m21-meski-ciemnoszary;2499.99;2999.99;2999.99;ME2808-300926
2026-09-19 17:28:08;Media Expert;Rower crossowy INDIANA X-Cross 3.0 M19 damski Czarno-turkusowy;INDIANA;Rowery crossowe;-;https://www.mediaexpert.pl/rowery/rowery-cross/rower-crossowy-indiana-x-cross-3-0-m19-damski-czarno-turkusowy;1699.99;1999.99;1899.99;ME2808-300926
2026-09-19 17:28:09;Media Expert;Rower szosowy INDIANA Racing M20 28 cali Czerwony;INDIANA;Rowery szosowe;-;https://www.mediaexpert.pl/rowery/rowery-szosowe/rower-szosowy-indiana-racing-m20-28-cali-meski-czerwony;1099.99;1399.99;1399.99;ME2808-300926
2026-09-19 17:28:09;Media Expert;Rower szosowy BOTTECCHIA 8Avio Revolution M17 28 cali Czarno-czerwony;BOTTECCHIA;Rowery szosowe;-;https://www.mediaexpert.pl/rowery/rowery-szosowe/rower-szosowy-bottecchia-8avio-revolution-centaur-22s-czarno-czerwony-17-43cm;4999.99;11209.99;11209.99;ME2808-300926
2026-09-19 17:28:09;Media Expert;Rower gravel MBM Starlight U23 28 cali Czarny;MBM;Rowery gravel;-;https://www.mediaexpert.pl/rowery/rowery-gravel/rower-gravel-mbm-starlight-d23-28-cali-meski-czarny;1890.99;2699.99;2699.99;ME0809-300926
2026-09-19 17:28:09;Media Expert;Rower gravel ROMET Aspre 2.1 2852M112-A U20 28 cali Ciemnożółty;ROMET;Rowery gravel;-;https://www.mediaexpert.pl/rowery/rowery-gravel/rower-gravel-romet-aspre-2-1-2852m112-a-u20-28-cali-ciemnozolty;3799.99;5299.99;4399.99;ME2808-300926
2026-09-19 17:28:10;Media Expert;Rower gravel ROCK MACHINE Lukk CR 30 U19 28 cali Granatowy mat;ROCK MACHINE;Rowery gravel;-;https://www.mediaexpert.pl/rowery/rowery-gravel/rower-gravel-rock-machine-lukk-cr-30-u19-28-cali-granatowy-mat;5799.99;6999.99;6999.99;ME0809-300926
2026-09-19 17:28:10;Media Expert;Przyczepka rowerowa HAMAX Traveler Twin 47kg Pasy Szaro-zielony;HAMAX;Przyczepki rowerowe;-;https://www.mediaexpert.pl/rowery/akcesoria-do-rowerow/przyczepki-rowerowe/przyczepka-rowerowa-hamax-traveler-twin-szaro-zielony;1749.00;2049.99;1899.00;ME2608-300926
2026-09-19 17:28:10;Media Expert;Kask rowerowy VAYOX Street VA0423WMM Biały Miejski z lampką (rozmiar M, 55-58 cm);VAYOX;Kaski rowerowe;-;https://www.mediaexpert.pl/rowery/odziez-rowerowa/kaski-sportowe/kask-rowerowy-vayox-street-va0423wmm-bialy-miejski-z-lampka-rozmiar-m;99.99;129.00;109.00;ME0209-300926
2026-09-19 17:28:10;Media Expert;Kask rowerowy ABUS Smiley 3.0 LED Strawberry Różowo-czerwony dla Dzieci z lampką (rozmiar M, 50-55 cm);ABUS;Kaski rowerowe;-;https://www.mediaexpert.pl/rowery/odziez-rowerowa/kaski-sportowe/kask-rowerowy-abus-smiley-3-0-led-strawberry-rozowo-czerwony-dla-dzieci-rozmiar-m;139.99;155.26;141.95;ME0209-300926
2026-09-19 17:28:11;Media Expert;Kask rowerowy ABUS Smiley 3.0 Nordic Zielono-niebieski dla Dzieci (rozmiar S, 45-50 cm);ABUS;Kaski rowerowe;-;https://www.mediaexpert.pl/rowery/odziez-rowerowa/kaski-sportowe/kask-rowerowy-abus-smiley-3-0-led-nordic-zielono-niebieski-dla-dzieci-rozmiar-s;149.99;159.99;152.99;ME0209-300926
2026-09-19 17:28:11;Media Expert;Kask DISNEY Kraina Lodu 2 Miętowy dla Dzieci (rozmiar M, 52-56 cm);DISNEY;Kaski rowerowe;-;https://www.mediaexpert.pl/rowery/odziez-rowerowa/kaski-sportowe/kask-disney-kraina-lodu-2-mietowy-dla-dzieci-rozmiar-m-52-56-cm;69.99;151.95;79.99;ME2707-301026
2026-09-19 17:28:11;Media Expert;Lampka rowerowa KRYPTONITE Incite XR;KRYPTONITE;Lampki rowerowe;-;https://www.mediaexpert.pl/rowery/akcesoria-do-rowerow/oswietlenie-rowerowe/lampka-rowerowa-kryptonite-incite-xr;59.99;79.99;79.99;ME0209-300926
2026-09-19 17:28:11;Media Expert;Lampka rowerowa KROSS Safety R;KROSS;Lampki rowerowe;-;https://www.mediaexpert.pl/rowery/akcesoria-do-rowerow/oswietlenie-rowerowe/lampka-rowerowa-kross-safety-r;79.99;99.99;99.99;ME0209-300926
2026-09-19 17:28:11;Media Expert;Lampka rowerowa TRELOCK LS 740 I-GO Vector 8005407;TRELOCK;Lampki rowerowe;-;https://www.mediaexpert.pl/rowery/akcesoria-do-rowerow/oswietlenie-rowerowe/lampka-rowerowa-trelock-ls-740-i-go-vector-8005407;79.99;105.95;89.99;ME0209-300926
2026-09-19 17:28:12;Media Expert;Lampka rowerowa KRYPTONITE Street F-300;KRYPTONITE;Lampki rowerowe;-;https://www.mediaexpert.pl/rowery/akcesoria-do-rowerow/oswietlenie-rowerowe/lampka-rowerowa-kryptonite-street-f-300;109.99;139.99;139.99;ME0209-300926
2026-09-19 17:28:12;Media Expert;Nawigacja rowerowa SIGMA Rox 11.1 Evo Czarny Podświetlany;SIGMA;Nawigacje rowerowe;-;https://www.mediaexpert.pl/rowery/akcesoria-do-rowerow/nawigacje-rowerowe/licznik-rowerowy-sigma-rox-11-1-evo-czarny;529.99;676.99;655.99;ME0209-300926
2026-09-19 17:28:12;Media Expert;Nawigacja rowerowa SIGMA Rox 4.0 HR Set Biały Podświetlany;SIGMA;Nawigacje rowerowe;-;https://www.mediaexpert.pl/rowery/akcesoria-do-rowerow/nawigacje-rowerowe/licznik-rowerowy-sigma-rox-4-0-hr-set-bialy;499.99;533.99;533.99;ME0209-300926
2026-09-19 17:28:12;Media Expert;Sakwa rowerowa ROCKBROS 8386824308730 Czarny;ROCKBROS;Sakwy rowerowe;-;https://www.mediaexpert.pl/rowery/akcesoria-do-rowerow/torby-i-sakwy/sakwa-rowerowa-rockbros-8386824308730-czarny;199.99;259.99;219.00;ME0209-300926
2026-09-19 17:28:13;Media Expert;Sakwa rowerowa ROCKBROS AS-003-1Y Żółty;ROCKBROS;Sakwy rowerowe;-;https://www.mediaexpert.pl/rowery/akcesoria-do-rowerow/torby-i-sakwy/sakwa-rowerowa-rockbros-as-003-1y-zolty;129.99;169.99;169.99;ME0209-300926
2026-09-19 17:28:13;Media Expert;Torba rowerowa na ramę WILDMAN GX200 Czarny;WILDMAN;Torby rowerowe;-;https://www.mediaexpert.pl/rowery/akcesoria-do-rowerow/torby-rowerowe/torba-rowerowa-na-rame-wildman-gx200-czarny;49.99;69.99;69.99;ME0209-300926
2026-09-19 17:28:13;Media Expert;Torba rowerowa na kierownicę DUNLOP 1042329;DUNLOP;Torby rowerowe;-;https://www.mediaexpert.pl/rowery/akcesoria-do-rowerow/torby-rowerowe/torba-rowerowa-dunlop-1042329;29.99;39.99;39.99;ME0209-300926
2026-09-19 17:28:13;Media Expert;Zapięcie rowerowe ABUS Bordo One 6000A/120 + SH Folding lock Składane Czarny;ABUS;Zabezpieczenie roweru;-;https://www.mediaexpert.pl/rowery/akcesoria-do-rowerow/zamki-i-zapiecia/zapiecie-rowerowe-abus-bordo-one-6000a-120-sh-folding-lock-skladane-czarny;689.99;749.90;729.00;ME0209-300926
2026-09-19 17:28:14;Media Expert;Zapięcie rowerowe DUNLOP 1042954 Łańcuch Pomarańczowy;DUNLOP;Zabezpieczenie roweru;-;https://www.mediaexpert.pl/rowery/akcesoria-do-rowerow/zamki-i-zapiecia/zapiecie-rowerowe-dunlop-1042954-lancuch-pomaranczowy;29.99;46.77;37.99;ME0209-300926
2026-09-19 17:28:14;Media Expert;Zapięcie rowerowe TRELOCK BC 280 8005434 Łańcuch Czarny;TRELOCK;Zabezpieczenie roweru;-;https://www.mediaexpert.pl/rowery/akcesoria-do-rowerow/zamki-i-zapiecia/zapiecie-rowerowe-trelock-bc-280-8005434-lancuch-czarny;109.99;126.69;126.69;ME0209-300926
2026-09-19 17:28:14;Media Expert;Zapięcie rowerowe ROCKBROS 32210818001 U-lock Czarny;ROCKBROS;Zabezpieczenie roweru;-;https://www.mediaexpert.pl/rowery/akcesoria-do-rowerow/zamki-i-zapiecia/zapiecie-rowerowe-rockbros-32210818001-u-lock-czarny;199.99;292.74;292.74;ME0209-300926
2026-09-19 17:28:14;Media Expert;Zapięcie rowerowe ABUS Centuro 860/85 Linka Czarny + uchwyt QuickSnap RBU;ABUS;Zabezpieczenie roweru;-;https://www.mediaexpert.pl/rowery/akcesoria-do-rowerow/zamki-i-zapiecia/zapiecie-rowerowe-abus-centuro-860-85-linka-uchwyt-quicksnap-rbu;199.99;259.99;259.99;ME0209-300926
2026-09-19 17:28:14;Media Expert;Zapięcie rowerowe ABUS 410K/150HB180 + SH34 U-lock Zielony;ABUS;Zabezpieczenie roweru;-;https://www.mediaexpert.pl/rowery/akcesoria-do-rowerow/zamki-i-zapiecia/zapiecie-rowerowe-abus-410k-150hb180-sh34-u-lock-zielony;199.99;259.99;259.99;ME0209-300926
2026-09-19 17:28:15;Media Expert;Zapięcie rowerowe TRELOCK KS 106 60-6 Linka Czarny;TRELOCK;Zabezpieczenie roweru;-;https://www.mediaexpert.pl/rowery/akcesoria-do-rowerow/zamki-i-zapiecia/zapiecie-rowerowe-trelock-ks-106-60-6-linka-czarny;29.99;34.99;34.99;ME0209-300926
2026-09-19 17:28:15;Media Expert;Zapięcie rowerowe ABUS 4408K/65 Linka Zielony;ABUS;Zabezpieczenie roweru;-;https://www.mediaexpert.pl/rowery/akcesoria-do-rowerow/zamki-i-zapiecia/zapiecie-rowerowe-abus-4408k-65-linka-zielony;44.99;64.99;64.99;ME0209-300926
2026-09-19 17:28:15;Media Expert;Opona rowerowa CONTINENTAL Contact Speed CO0101412 28'';CONTINENTAL;Opony rowerowe;-;https://www.mediaexpert.pl/rowery/czesci-rowerowe/opony-do-rowerow/opona-rowerowa-continental-contact-speed-co0101412-28;84.99;159.99;159.99;ME0209-300926
2026-09-19 17:28:15;Media Expert;Buty rowerowe SHIMANO SH-RC503 Czarny (rozmiar 38);SHIMANO;Buty rowerowe;-;https://www.mediaexpert.pl/rowery/odziez-rowerowa/buty-rowerowe/buty-rowerowe-shimano-sh-rc503-czarny-rozmiar-38;399.99;419.99;419.99;ME0209-300926
2026-09-19 17:28:16;Media Expert;Buty rowerowe SHIMANO SH-GE500 Niebieski (rozmiar 41);SHIMANO;Buty rowerowe;-;https://www.mediaexpert.pl/rowery/odziez-rowerowa/buty-rowerowe/buty-rowerowe-shimano-sh-ge500-niebieski-rozmiar-41;309.99;329.99;329.99;ME0209-300926
2026-09-19 17:28:16;Media Expert;Błotniki rowerowe SKS Bluemels Basic 11815;SKS;Błotniki rowerowe;-;https://www.mediaexpert.pl/rowery/akcesoria-do-rowerow/blotniki/blotniki-rowerowe-sks-bluemels-basic-11815;119.99;149.99;129.99;ME0209-300926
2026-09-19 17:28:16;Media Expert;Rękawiczki rowerowe ROCKBROS 16220041004 (rozmiar XL);ROCKBROS;Rękawiczki rowerowe;-;https://www.mediaexpert.pl/rowery/odziez-rowerowa/rekawiczki-rowerowe/rekawiczki-rowerowe-rockbros-16220041004-rozmiar-xl;44.99;49.99;49.99;ME0209-300926
2026-09-19 17:28:16;Media Expert;Klucz rowerowy PRO PRTL0085;PRO;Klucze rowerowe;-;https://www.mediaexpert.pl/rowery/akcesoria-do-rowerow/klucze-rowerowe/klucz-rowerowy-pro-prtl0085;139.99;199.99;187.99;ME0209-300926
2026-09-19 17:28:17;Media Expert;Błotniki rowerowe SKS Bluemels Basic 11805;SKS;Błotniki rowerowe;-;https://www.mediaexpert.pl/rowery/akcesoria-do-rowerow/blotniki/blotniki-rowerowe-sks-bluemels-basic-11805;109.99;119.99;119.99;ME0209-300926
2026-09-19 17:28:17;Media Expert;Opona rowerowa CONTINENTAL Contact Speed CO0101399 27.5'';CONTINENTAL;Opony rowerowe;-;https://www.mediaexpert.pl/rowery/czesci-rowerowe/opony-do-rowerow/opona-rowerowa-continental-contact-speed-co0101399-27-5;84.99;94.99;94.99;ME0209-300926
2026-09-19 17:28:17;Media Expert;Osłona fotelika BELLELLI BEL01OPS001;BELLELLI;Inne;-;https://www.mediaexpert.pl/rowery/akcesoria-do-rowerow/inne-rowerowe/oslona-fotelika-bellelli-bel01ops001;179.99;219.99;219.99;ME0209-300926
2026-09-19 17:28:17;Media Expert;Etui XLINE MagSystem Smoke Guardx do Samsung Galaxy S26 Przezroczysto-czarny;XLINE;Etui na telefony;-;https://www.mediaexpert.pl/smartfony-i-zegarki/akcesoria-do-telefonow/pokrowce-i-etui/etui-xline-smoke-guardx-magsafe-do-samsung-galaxy-s26-przezroczysto-czarny;139.83;189.99;139.84;RW0109-3009
2026-09-19 17:28:17;Media Expert;Akumulator EXTRALINK EX.19003 65Ah 12V;EXTRALINK;Akumulatory AGM;-;https://www.mediaexpert.pl/komputery-i-tablety/akcesoria-komputerowe/akumulatory-agm/akumulator-extralink-ex-19003-65ah-12v;289.99;399.00;390.00;ME0209-300926
2026-09-19 17:28:18;Media Expert;Prostownik AEG 10617;AEG;Prostowniki;-;https://www.mediaexpert.pl/dom-i-ogrod/wyposazenie-warsztatu/prostowniki/prostownik-aeg-10617;139.99;169.99;169.99;ME0209-300926
2026-09-19 17:28:18;Media Expert;Skrobaczka DUNLOP 304151;DUNLOP;Akcesoria zimowe do samochodów;-;https://www.mediaexpert.pl/motoryzacja/akcesoria-do-pojazdow/akcesoria-zimowe/skrobaczka-dunlop-304151;5.99;9.99;9.99;ME0209-300926
2026-09-19 17:28:18;Media Expert;Wioślarz wodny KINGSMITH WM10;KINGSMITH;Wioślarze;-;https://www.mediaexpert.pl/sport-i-rekreacja/fitness-i-silownia/wioslarze/wioslarz-wodny-kingsmith-wm10;1999.00;2299.00;2299.00;R1509-300926
2026-09-19 17:28:18;Media Expert;Reformer do pilatesu KINGSMITH Crawler CL001;KINGSMITH;Reformery do pilatesu;-;https://www.mediaexpert.pl/sport-i-rekreacja/fitness-i-silownia/reformery-do-pilatesu/reformer-do-pilatesu-kingsmith-crawler-cl001;599.00;1199.00;799.00;R1509-300926
2026-09-19 17:28:19;Media Expert;Modlitewnik GORILLA SPORTS Maxxus Pro 2w1 7035;GORILLA SPORTS;Pozostałe do fitness i siłowni;-;https://www.mediaexpert.pl/sport-i-rekreacja/akcesoria-treningowe/pozostale-do-fitness-i-silowni/modlitewnik-gorilla-sports-maxxus-pro-2w1-7035;1069.00;1199.99;1199.99;ME0109-210926
2026-09-19 17:28:19;Media Expert;Zaciski do osi E-Thru GARMIN Tacx 12 mm T1707;GARMIN;Akcesoria do trenażerów;-;https://www.mediaexpert.pl/sport-i-rekreacja/trenazery-rowerowe-i-akcesoria/akcesoria-do-trenazerow/zaciski-do-osi-e-thru-garmin-tacx-12-mm-t1707;139.99;148.00;148.00;ME0209-300926
2026-09-19 17:28:19;Media Expert;Podstawka pod koło ELITE Su-sta;ELITE;Akcesoria do trenażerów;-;https://www.mediaexpert.pl/sport-i-rekreacja/trenazery-rowerowe-i-akcesoria/akcesoria-do-trenazerow/podstawka-pod-kolo-elite-su-sta;89.99;104.99;104.99;ME0209-300926
2026-09-19 17:28:19;Media Expert;Stepper SPOKEY Steppen X;SPOKEY;Steppery do ćwiczeń;-;https://www.mediaexpert.pl/sport-i-rekreacja/fitness-i-silownia/steppery-i-twistery/stepper-spokey-steppen-x;239.00;299.99;279.00;ME1409-101026
2026-09-19 17:28:20;Media Expert;Agrafka XQMAX 1069999 Niebieski;XQMAX;Pozostałe do fitness i siłowni;-;https://www.mediaexpert.pl/sport-i-rekreacja/akcesoria-treningowe/pozostale-do-fitness-i-silowni/agrafka-xqmax-1069999-niebieski;21.99;29.99;29.99;ME1409-101026
2026-09-19 17:28:20;Media Expert;Kettlebell TIGUAR RAW V2 (40 kg);TIGUAR;Kettlebell;-;https://www.mediaexpert.pl/sport-i-rekreacja/silownia/kettlebell/kettlebell-tiguar-raw-v2-40-kg;499.00;599.99;599.99;ME1409-101026
2026-09-19 17:28:20;Media Expert;Sztanga HMS GSG-40 (40 kg);HMS;Gryfy i sztangi;-;https://www.mediaexpert.pl/sport-i-rekreacja/silownia/gryfy-i-sztangi/sztanga-hms-gsg-40-40-kg;499.00;629.10;574.00;ME1409-101026
2026-09-19 17:28:20;Media Expert;Zestaw hantli HMS CHD08 (2 x 8 kg);HMS;Hantle i ciężarki;-;https://www.mediaexpert.pl/sport-i-rekreacja/silownia/gryfy-hantle-i-obciazenia/zestaw-hantli-hms-chd08-2-x-8-kg;209.00;249.99;239.99;ME1409-101026
2026-09-19 17:28:20;Media Expert;Hantla HMS HG Pro (45 kg);HMS;Hantle i ciężarki;-;https://www.mediaexpert.pl/sport-i-rekreacja/silownia/gryfy-hantle-i-obciazenia/hantla-hms-hg-pro-45-kg;499.00;574.00;574.00;ME1409-101026
2026-09-19 17:28:21;Media Expert;Kettlebell PURE 2 IMPROVE P2I810080 (6 kg);PURE2IMPROVE;Kettlebell;-;https://www.mediaexpert.pl/sport-i-rekreacja/silownia/kettlebell/kettlebell-pure-2-improve-p2i810080-6-kg;62.99;79.99;75.00;ME1409-101026
2026-09-19 17:28:21;Media Expert;Lodówka turystyczna RAVANSON CS-20;RAVANSON;Lodówki turystyczne;-;https://www.mediaexpert.pl/agd/lodowki-i-zamrazarki/lodowki-turystyczne/lodowka-samochodowa-ravanson-cs-20-12v;149.99;163.10;163.10;ME1409-071026
2026-09-19 17:28:21;Media Expert;Lodówka turystyczna GÖTZE & JENSEN TC700K;GÖTZE & JENSEN;Lodówki turystyczne;-;https://www.mediaexpert.pl/agd/lodowki-i-zamrazarki/lodowki-turystyczne/lodowka-turystyczna-gotze-jensen-tc700;437.80;519.99;437.81;RW0109-3009
2026-09-19 17:28:21;Media Expert;Samochód zdalnie sterowany RASTAR BMW X6 31700;RASTAR;Samochody zdalnie sterowane;-;https://www.mediaexpert.pl/zabawki/kolejki-i-samochody-zabawkowe/samochody-zdalnie-sterowane/samochod-zdalnie-sterowany-rastar-bmw-x6-31700;53.99;66.95;56.99;ME1509-240926
2026-09-19 17:28:22;Media Expert;Samochód zdalnie sterowany RW McLaren 675LT 29214;RW;Samochody zdalnie sterowane;-;https://www.mediaexpert.pl/zabawki/kolejki-i-samochody-zabawkowe/samochody-zdalnie-sterowane/samochod-zdalnie-sterowany-rw-mclaren-675lt-29214;129.99;219.00;164.99;ME1509-240926
2026-09-19 17:28:22;Media Expert;Samochód zdalnie sterowany RW Aston Martin Valkyrie 27324M;RW;Samochody zdalnie sterowane;-;https://www.mediaexpert.pl/zabawki/kolejki-i-samochody-zabawkowe/samochody-zdalnie-sterowane/samochod-zdalnie-sterowany-rw-aston-martin-valkyrie-27324m;65.99;99.00;68.99;ME1509-240926
2026-09-19 17:28:22;Media Expert;Samochód zdalnie sterowany CHICCO Turbo Team Rocket Crossover 00009729000000;CHICCO;Samochody zdalnie sterowane;-;https://www.mediaexpert.pl/zabawki/kolejki-i-samochody-zabawkowe/samochody-zdalnie-sterowane/samochod-zdalnie-sterowany-chicco-turbo-team-happy-buggy-00009152100000-1;89.99;149.99;109.99;ME1509-240926
2026-09-19 17:28:22;Media Expert;Ciężarówka zdalnie sterowana HUINA 1312H;HUINA;Samochody zdalnie sterowane;-;https://www.mediaexpert.pl/zabawki/kolejki-i-samochody-zabawkowe/samochody-zdalnie-sterowane/ciezarowka-zdalnie-sterowana-huina-1312h;146.99;239.99;154.99;ME1509-240926
2026-09-19 17:28:23;Media Expert;Zabawka laptop edukacyjny LEXIBOOK Kraina Lodu 2 124 aktywności JC598FZI17;LEXIBOOK;Zabawki edukacyjne;-;https://www.mediaexpert.pl/zabawki/zabawki-edukacyjne/zabawki-edukacyjne/zabawka-laptop-edukacyjny-lexibook-kraina-lodu-2-124-aktywnosci-jc598fzi17;149.99;199.99;170.54;ME1409-200926
2026-09-19 17:28:23;Media Expert;Zabawka interaktywna DUMEL Językowa dla najmłodszych Arka Noego DD31880;DUMEL;Zabawki edukacyjne;-;https://www.mediaexpert.pl/zabawki/zabawki-edukacyjne/zabawki-edukacyjne/zabawka-interaktywna-dumel-jezykowa-dla-najmlodszych-arka-noego-dd31880;139.99;178.04;178.04;ME1509-240926
2026-09-19 17:28:23;Media Expert;Zabawka laptop edukacyjny LEXIBOOK Unicorn JC598UNII17;LEXIBOOK;Zabawki edukacyjne;-;https://www.mediaexpert.pl/zabawki/zabawki-edukacyjne/zabawki-edukacyjne/zabawka-laptop-edukacyjny-lexibook-unicorn-jc598unii17;149.99;199.90;170.54;ME1409-200926
2026-09-19 17:28:23;Media Expert;Zabawka lampka nocna z głośnikiem LEXIBOOK Stitch NS01D;LEXIBOOK;Zabawki elektroniczne;-;https://www.mediaexpert.pl/zabawki/zabawki-kreatywne/zabawki-elektroniczne/zabawka-lampka-nocna-z-glosnikiem-lexibook-stitch-ns01d;84.99;89.99;89.99;ME1409-200926
2026-09-19 17:28:23;Media Expert;Tor Hot Wheels Action Zakręcone tornado HTK16;HOT WHEELS;Samochody i pojazdy zabawkowe;-;https://www.mediaexpert.pl/zabawki/kolejki-i-samochody-zabawkowe/samochody-i-pojazdy-zabawkowe/tor-hot-wheels-action-zakrecone-tornado-htk16;184.99;194.06;184.00;ME0109-300926
2026-09-19 17:28:24;Media Expert;Samochód zdalnie sterowany LEXIBOOK Crosslander Bumper RC2;LEXIBOOK;Samochody zdalnie sterowane;-;https://www.mediaexpert.pl/zabawki/kolejki-i-samochody-zabawkowe/samochody-zdalnie-sterowane/samochod-zdalnie-sterowany-lexibook-crosslander-bumper-rc2;151.99;199.99;159.99;ME1509-240926
2026-09-19 17:28:24;Media Expert;Samochód DUMEL Flota miejska Karetka HT66981;DUMEL;Samochody i pojazdy zabawkowe;-;https://www.mediaexpert.pl/zabawki/kolejki-i-samochody-zabawkowe/samochody-i-pojazdy-zabawkowe/samochod-dumel-flota-miejska-karetka-ht66981;64.99;86.10;74.99;ME1509-240926
2026-09-19 17:28:24;Media Expert;Tor Hot Wheels City Super remiza strażacka JHL95;HOT WHEELS;Samochody i pojazdy zabawkowe;-;https://www.mediaexpert.pl/zabawki/kolejki-i-samochody-zabawkowe/samochody-i-pojazdy-zabawkowe/tor-hot-wheels-city-super-remiza-strazacka-jhl95;99.99;115.30;99.00;ME0109-300926
2026-09-19 17:28:24;Media Expert;Lalka DISNEY PRINCESS Vaiana 2 Vaiana i Simea JBT66;DISNEY PRINCESS;Lalki i akcesoria;-;https://www.mediaexpert.pl/zabawki/lalki-i-figurki/lalki-i-akcesoria/lalka-disney-princess-vaiana-2-vaiana-i-simea-jbt66;109.99;118.72;101.77;ME0109-300926
2026-09-19 17:28:25;Media Expert;Tor Hot Wheels Racing Formuła 1 Szybki wyścig JKM88;HOT WHEELS;Samochody i pojazdy zabawkowe;-;https://www.mediaexpert.pl/zabawki/kolejki-i-samochody-zabawkowe/samochody-i-pojazdy-zabawkowe/tor-hot-wheels-racing-formula-1-szybki-wyscig-jkm88;139.99;139.99;0.00;ME0109-300926
2026-09-19 17:28:25;Media Expert;Zabawka budzik z lampką nocną LEXIBOOK Harry Potter Hedwiga RL800HP1;LEXIBOOK;Zabawki elektroniczne;-;https://www.mediaexpert.pl/zabawki/zabawki-kreatywne/zabawki-elektroniczne/zabawka-budzik-z-lampka-nocna-lexibook-harry-potter-hedwiga-rl800hp1;119.99;144.99;129.99;ME1409-200926
2026-09-19 17:28:25;Media Expert;Flamastry dmuchane MAPED CREATIV Blow Pen Art 846710;MAPED CREATIV;Zabawki kreatywne;-;https://www.mediaexpert.pl/zabawki/zabawki-kreatywne/zabawki-kreatywne/flamastry-maped-creativ-blow-pen-art-846710;19.49;27.99;20.99;ME1509-240926
2026-09-19 17:28:25;Media Expert;Samochód Hot Wheels Premium Formuła 1 Mercedes-Benz George Russell JBM18;HOT WHEELS;Samochody i pojazdy zabawkowe;-;https://www.mediaexpert.pl/zabawki/kolejki-i-samochody-zabawkowe/samochody-i-pojazdy-zabawkowe/samochod-hot-wheels-premium-formula-1-mercedes-benz-george-russell-jbm18;29.99;41.34;34.89;ME0109-300926
2026-09-19 17:28:26;Media Expert;Dźwig zdalnie sterowany LEXIBOOK Crosslander Pro RCP35;LEXIBOOK;Samochody zdalnie sterowane;-;https://www.mediaexpert.pl/zabawki/kolejki-i-samochody-zabawkowe/samochody-zdalnie-sterowane/dzwig-zdalnie-sterowany-lexibook-crosslander-pro-rcp35;219.99;249.99;249.99;ME1409-200926
2026-09-19 17:28:26;Media Expert;Zabawka interaktywna CHICCO Baby Sense & Focus Stolik Leśni Przyjaciele 00012164000000;CHICCO;Zabawki edukacyjne;-;https://www.mediaexpert.pl/zabawki/zabawki-edukacyjne/zabawki-edukacyjne/zabawka-interaktywna-chicco-baby-sense-focus-stolik-lesni-przyjaciele-00012164000000;99.99;128.77;106.99;ME1509-240926
2026-09-19 17:28:26;Media Expert;Zabawka słuchawki nauszne LEXIBOOK Stitch HPBT015D;LEXIBOOK;Zabawki elektroniczne;-;https://www.mediaexpert.pl/zabawki/zabawki-kreatywne/zabawki-elektroniczne/zabawka-sluchawki-nauszne-lexibook-stitch-hpbt015d;94.99;159.99;99.99;ME1509-240926
2026-09-19 17:28:26;Media Expert;Zabawka głośnik mobilny LEXIBOOK Stitch BTP185DZ;LEXIBOOK;Zabawki elektroniczne;-;https://www.mediaexpert.pl/zabawki/zabawki-kreatywne/zabawki-elektroniczne/zabawka-glosnik-mobilny-lexibook-disney-stitch-btp185dz;199.99;234.99;234.99;ME1409-200926
2026-09-19 17:28:27;Media Expert;Zabawka suszarka KLEIN Braun KL 5867;KLEIN;Zabawki odgrywanie ról;-;https://www.mediaexpert.pl/zabawki/zabawki-odgrywanie-rol/suszarka-braun-z-dodatkami;43.99;52.62;45.49;ME1509-240926
2026-09-19 17:28:27;Media Expert;Cyfrowy zegarek zabawka KIDS EUROSWAN PN4463 Princess;KIDS EUROSWAN;Zabawki elektroniczne;-;https://www.mediaexpert.pl/zabawki/zabawki-kreatywne/zabawki-elektroniczne/cyfrowy-zegarek-zabawka-kids-euroswan-pn4463-princess;29.99;54.99;39.99;ME1509-240926
2026-09-19 17:28:27;Media Expert;Zabawka krótkofalówki KIDS EUROSWAN Vision Kids VK00006;KIDS EUROSWAN;Zabawki odgrywanie ról;-;https://www.mediaexpert.pl/zabawki/zabawki-odgrywanie-rol/zabawka-krotkofalowki-kids-euroswan-vision-kids-vk00006;137.99;170.76;144.99;ME1509-240926
2026-09-19 17:28:27;Media Expert;Samochód zdalnie sterowany DUMEL Exost Wave Rider TE54780;DUMEL;Samochody zdalnie sterowane;-;https://www.mediaexpert.pl/zabawki/kolejki-i-samochody-zabawkowe/samochody-zdalnie-sterowane/samochod-zdalnie-sterowany-dumel-exost-wave-rider-te54780;151.99;204.63;159.99;ME1509-240926
2026-09-19 17:28:27;Media Expert;Figurka BLUEY Food truck BLU18919;BLUEY;Figurki dla dzieci;-;https://www.mediaexpert.pl/zabawki/lalki-i-figurki/figurki-dla-dzieci/figurka-bluey-food-truck-blu18919;99.99;140.44;140.44;ME0409-300926
2026-09-19 17:28:28;Media Expert;Zabawka tablet edukacyjny LEXIBOOK Kraina lodu JCPAD002FZI17;LEXIBOOK;Zabawki edukacyjne;-;https://www.mediaexpert.pl/zabawki/zabawki-edukacyjne/zabawki-edukacyjne/zabawka-tablet-edukacyjny-lexibook-kraina-lodu-jcpad002fzi17;49.99;55.24;55.24;ME1409-200926
2026-09-19 17:28:28;Media Expert;Zabawka zegarek z projektorem LEXIBOOK Mario Kart DMW050NI;LEXIBOOK;Zabawki elektroniczne;-;https://www.mediaexpert.pl/zabawki/zabawki-kreatywne/zabawki-elektroniczne/zabawka-zegarek-z-projektorem-lexibook-mario-kart-dmw050ni;49.99;59.99;56.40;ME1409-200926
2026-09-19 17:28:28;Media Expert;Tablet do rysowania LEXIBOOK Bluey CRT10BY;LEXIBOOK;Tablety do rysowania dla dzieci;-;https://www.mediaexpert.pl/zabawki/zabawki-kreatywne/tablety-do-rysowania-dla-dzieci/tablet-do-rysowania-lexibook-bluey-crt10by;109.99;121.00;121.00;ME1409-200926
2026-09-19 17:28:28;Media Expert;Zestaw kreatywny MAPED CREATIV Barbie Bransoletki 907472;MAPED CREATIV;Zabawki kreatywne;-;https://www.mediaexpert.pl/zabawki/zabawki-kreatywne/zabawki-kreatywne/zestaw-kreatywny-maped-creativ-barbie-bransoletki-907472;41.79;54.99;43.99;ME1509-240926
2026-09-19 17:28:29;Media Expert;Skarbonka VOLKANO Vault Żabka VK-5708-GR Zielony;VOLKANO;Pozostałe zabawki;-;https://www.mediaexpert.pl/zabawki/pozostale-zabawki/skarbonka-volkano-vault-zabka-vk-5708-gr-zielony;39.49;59.99;41.49;ME1509-240926
2026-09-19 17:28:29;Media Expert;Maskotka HELLO KITTY Kuromi 2287590 Czarny;HELLO KITTY;Pluszaki;-;https://www.mediaexpert.pl/zabawki/zabawki-dla-najmlodszych/pluszaki/maskotka-hello-kitty-kuromi-2287590-czarny;39.49;64.99;41.49;ME1509-240926
2026-09-19 17:28:29;Media Expert;Zabawka krótkofalówki LEXIBOOK Koci Domek Gabi RPTW12GDH;LEXIBOOK;Zabawki elektroniczne;-;https://www.mediaexpert.pl/zabawki/zabawki-kreatywne/zabawki-elektroniczne/zabawka-krotkofalowki-lexibook-koci-domek-gabi-rptw12gdh;114.99;148.46;120.99;ME1509-240926
2026-09-19 17:28:29;Media Expert;Piesek zdalnie sterowany SILVERLIT Ycoo Robo Dash D SI88742;SILVERLIT;Samochody zdalnie sterowane;-;https://www.mediaexpert.pl/zabawki/kolejki-i-samochody-zabawkowe/samochody-zdalnie-sterowane/piesek-zdalnie-sterowany-silverlit-ycoo-robo-dash-d-si88742;151.99;195.74;159.99;ME1509-240926
2026-09-19 17:28:30;Media Expert;Zabawka słuchawki nauszne LEXIBOOK Batman HPBT015BAT;LEXIBOOK;Zabawki elektroniczne;-;https://www.mediaexpert.pl/zabawki/zabawki-kreatywne/zabawki-elektroniczne/zabawka-sluchawki-nauszne-lexibook-batman-hpbt015bat;99.99;148.99;104.99;ME1509-240926
2026-09-19 17:28:30;Media Expert;Nosidełko ASI Cloe ASI3712102;ASI;Lalki i akcesoria;-;https://www.mediaexpert.pl/zabawki/lalki-i-figurki/lalki-i-akcesoria/nosidelko-asi-cloe-asi3712102;119.99;185.59;131.99;ME1509-240926
2026-09-19 17:28:30;Media Expert;Zabawka interaktywna MATTEL Disney Pixar Toy Story 5 Potty Talk Mr. Smartypants JMH29;MATTEL;Zabawki edukacyjne;-;https://www.mediaexpert.pl/zabawki/zabawki-edukacyjne/zabawki-edukacyjne/zabawka-interaktywna-mattel-disney-pixar-toy-story-5-potty-talk-mr-smartypants-jmh29;74.99;87.99;87.99;ME0109-300926
2026-09-19 17:28:30;Media Expert;Zestaw pojazdów MATCHBOX The Movie JNC94 (1 zestaw);MATCHBOX;Samochody i pojazdy zabawkowe;-;https://www.mediaexpert.pl/zabawki/kolejki-i-samochody-zabawkowe/samochody-i-pojazdy-zabawkowe/zestaw-pojazdow-matchbox-the-movie-jnc94-1-zestaw;34.99;44.99;44.99;ME0109-300926
2026-09-19 17:28:30;Media Expert;Pchacz dla dziecka MATTEL Żółw 2w1 JKD63;MATTEL;Pchacze dla dzieci;-;https://www.mediaexpert.pl/zabawki/zabawki-dla-najmlodszych/pchacze-dla-dzieci/pchacz-dla-dziecka-mattel-zolw-2w1-jkd63;139.99;158.39;158.39;ME0109-300926
2026-09-19 17:28:31;Media Expert;Lalka XOX KWEENIE Quirky Kweens Deluxe Kween of Rawr XOX30422;XOX KWEENIE;Lalki i akcesoria;-;https://www.mediaexpert.pl/zabawki/lalki-i-figurki/lalki-i-akcesoria/lalka-xox-kweenie-quirky-kweens-deluxe-kween-of-rawr-xox30422;99.99;158.07;158.07;ME0409-300926
2026-09-19 17:28:31;Media Expert;Maskotka Hoody Kin Academy Świnka HKA0362;Hoody Kin Academy;Pluszaki;-;https://www.mediaexpert.pl/zabawki/zabawki-dla-najmlodszych/pluszaki/maskotka-hk-academy-swinka-hka0362;29.99;44.99;44.99;ME0409-300926
2026-09-19 17:28:31;Media Expert;Zabawka zegarek z projektorem LEXIBOOK Stitch DMW050D;LEXIBOOK;Zabawki elektroniczne;-;https://www.mediaexpert.pl/zabawki/zabawki-kreatywne/zabawki-elektroniczne/zabawka-zegarek-z-projektorem-lexibook-stitch-dmw050d;49.99;59.99;50.58;ME1409-200926
2026-09-19 17:28:31;Media Expert;Zestaw kreatywny LEXIBOOK Tablica magnetyczna do rysowania Disney Princess CRDP550;LEXIBOOK;Zabawki kreatywne;-;https://www.mediaexpert.pl/zabawki/zabawki-kreatywne/zabawki-kreatywne/zestaw-kreatywny-lexibook-tablica-magnetyczna-do-rysowania-disney-princess-crdp550;69.99;84.99;84.99;ME1409-200926
2026-09-19 17:28:32;Media Expert;Tablet do rysowania LEXIBOOK Psi Patrol CRT10PA;LEXIBOOK;Tablety do rysowania dla dzieci;-;https://www.mediaexpert.pl/zabawki/zabawki-kreatywne/tablety-do-rysowania-dla-dzieci/tablet-do-rysowania-lexibook-psi-patrol-crt10pa;89.99;99.99;99.99;ME1409-200926
2026-09-19 17:28:32;Media Expert;Zabawka interaktywna LEXIBOOK Disney Frozen Olaf ROB01FZ1;LEXIBOOK;Zabawki edukacyjne;-;https://www.mediaexpert.pl/zabawki/zabawki-edukacyjne/zabawki-edukacyjne/zabawka-interaktywna-lexibook-disney-frozen-olaf-rob01fz1;54.99;64.99;61.00;ME1409-200926
2026-09-19 17:28:32;Media Expert;Zabawka zegarek z aparatem LEXIBOOK Disney Toy Story DMW060TS;LEXIBOOK;Zabawki elektroniczne;-;https://www.mediaexpert.pl/zabawki/zabawki-kreatywne/zabawki-elektroniczne/zabawka-zegarek-z-aparatem-lexibook-disney-toy-story-dmw060ts;74.99;86.66;86.66;ME1409-200926
2026-09-19 17:28:32;Media Expert;Tablet do rysowania LEXIBOOK Kuromi CRT10HK1;LEXIBOOK;Tablety do rysowania dla dzieci;-;https://www.mediaexpert.pl/zabawki/zabawki-kreatywne/tablety-do-rysowania-dla-dzieci/zabawka-lexibook-tablet-edukacyjny-e-ink-kuromi-11-crt10hk1;99.99;119.99;119.99;ME1409-200926
2026-09-19 17:28:33;Media Expert;Zabawka słuchawki nauszne LEXIBOOK Unicorn HPBT015UNI;LEXIBOOK;Zabawki elektroniczne;-;https://www.mediaexpert.pl/zabawki/zabawki-kreatywne/zabawki-elektroniczne/zabawka-sluchawki-nauszne-lexibook-unicorn-hpbt015uni;119.99;149.99;149.99;ME1409-200926
2026-09-19 17:28:33;Media Expert;Zabawka lampka nocna LEXIBOOK Harry Potter Hedwiga NLJ01HP1;LEXIBOOK;Zabawki elektroniczne;-;https://www.mediaexpert.pl/zabawki/zabawki-kreatywne/zabawki-elektroniczne/zabawka-lampka-nocna-lexibook-harry-potter-hedwiga-nlj01hp1;69.99;79.99;75.18;ME1409-200926
2026-09-19 17:28:33;Media Expert;Zabawka CHICCO My Wood Friends Rodziny z farmy Kurczaki 00012668900000;CHICCO;Pozostałe zabawki;-;https://www.mediaexpert.pl/zabawki/pozostale-zabawki/zabawka-chicco-my-wood-friends-rodziny-z-farmy-kurczaki-00012668900000;19.99;27.66;20.99;ME1509-240926
2026-09-19 17:28:33;Media Expert;Maskotka TY Squishy Beanies Star Wars Chewbacca 39259;TY;Pluszaki;-;https://www.mediaexpert.pl/zabawki/zabawki-dla-najmlodszych/pluszaki/maskotka-ty-squishy-beanies-star-wars-chewbacca-39259;19.99;29.99;20.99;ME1509-240926
2026-09-19 17:28:34;Media Expert;Puzzle KIDS EUROSWAN Frootimals FT00029 (3 elementy);KIDS EUROSWAN;Puzzle;-;https://www.mediaexpert.pl/zabawki/gry-planszowe-i-puzzle/puzzle/puzzle-kids-euroswan-frootimals-ft00029-3-elementy;31.99;42.99;33.49;ME1509-240926
2026-09-19 17:28:34;Media Expert;Pamiętnik EPEE Projekt Deko EP60184;EPEE;Pozostałe zabawki;-;https://www.mediaexpert.pl/zabawki/pozostale-zabawki/pamietnik-epee-projekt-deko-ep60184;61.99;74.99;64.99;ME1509-240926
2026-09-19 17:28:34;Media Expert;Zabawka pozytywka CHICCO First Dreams Mój Słodki Księżyc 00001192200000;CHICCO;Pozostałe zabawki;-;https://www.mediaexpert.pl/zabawki/pozostale-zabawki/zabawka-pozytywka-chicco-first-dreams-moj-slodki-ksiezyc-00001192200000;33.49;47.99;34.99;ME1509-240926
2026-09-19 17:28:34;Media Expert;Zabawka zestaw do stylizacji włosów MARTINELIA Let's Be Mermaids 85446;Martinelia;Zabawki odgrywanie ról;-;https://www.mediaexpert.pl/zabawki/zabawki-odgrywanie-rol/zabawka-zestaw-do-stylizacji-wlosow-martinelia-let-s-be-mermaids-85446;33.49;48.99;34.99;ME1509-240926
2026-09-19 17:28:34;Media Expert;Zabawka GARDENA Zestaw narzedzi ogrodniczych;GARDENA;Zabawki odgrywanie ról;-;https://www.mediaexpert.pl/zabawki/zabawki-odgrywanie-rol/zabawka-gardena-zestaw-narzedzi-ogrodniczych;32.99;49.99;34.49;ME1509-240926
2026-09-19 17:28:35;Media Expert;Zabawka zestaw do makijażu MARTINELIA Lulu & Duki Paleta 85475;Martinelia;Zabawki odgrywanie ról;-;https://www.mediaexpert.pl/zabawki/zabawki-odgrywanie-rol/zabawka-zestaw-do-makijazu-martinelia-lulu-duki-paleta-85475;47.49;67.99;49.99;ME1509-240926
2026-09-19 17:28:35;Media Expert;Zabawka Automat z kosmetykami KIDS EUROSWAN Sweet Dreams & Friends KL11694;KIDS EUROSWAN;Zabawki odgrywanie ról;-;https://www.mediaexpert.pl/zabawki/zabawki-odgrywanie-rol/zabawka-automat-z-kosmetykami-kids-euroswan-sweet-dreams-friends-kl11694;48.49;69.99;50.99;ME1509-240926
2026-09-19 17:28:35;Media Expert;Zabawka zegarek z kalendarzem KIDS EUROSWAN One Piece OP00006;KIDS EUROSWAN;Zabawki elektroniczne;-;https://www.mediaexpert.pl/zabawki/zabawki-kreatywne/zabawki-elektroniczne/zabawka-zegarek-kids-euroswan-one-piece-z-kalendarzem-op00006;36.99;58.99;38.99;ME1509-240926
2026-09-19 17:28:35;Media Expert;Maskotka TY Beanie Boos Leopard Lainey 36476;TY;Pluszaki;-;https://www.mediaexpert.pl/zabawki/zabawki-dla-najmlodszych/pluszaki/maskotka-ty-beanie-boos-leopard-lainey-36476;41.79;64.99;43.99;ME1509-240926
2026-09-19 17:28:36;Media Expert;Parasolka KIDS EUROSWAN SUMB7202 Super Mario;KIDS EUROSWAN;Parasolki;-;https://www.mediaexpert.pl/moda/galanteria-i-dodatki/parasolki/parasolka-kids-euroswan-sumb7202-super-mario;24.99;48.19;26.49;ME1509-240926
2026-09-19 17:28:36;Media Expert;Samochód zdalnie sterowany DUMEL Exost Turbo Slide TE20721;DUMEL;Samochody zdalnie sterowane;-;https://www.mediaexpert.pl/zabawki/kolejki-i-samochody-zabawkowe/samochody-zdalnie-sterowane/samochod-zdalnie-sterowany-dumel-exost-turbo-slide-te20721;69.99;95.28;72.99;ME1509-240926
2026-09-19 17:28:36;Media Expert;Samochód zdalnie sterowany TAIYO Mini Buggy 400031AT;TAIYO;Samochody zdalnie sterowane;-;https://www.mediaexpert.pl/zabawki/kolejki-i-samochody-zabawkowe/samochody-zdalnie-sterowane/samochod-zdalnie-sterowany-taiyo-mini-buggy-400031at;42.99;69.99;44.99;ME1509-240926
2026-09-19 17:28:36;Media Expert;Zabawka szczotka i szufelka DIRT DEVIL Kids;DIRT DEVIL;Zabawki odgrywanie ról;-;https://www.mediaexpert.pl/zabawki/zabawki-odgrywanie-rol/zabawka-szczotka-i-szufelka-dirt-devil-kids;51.99;79.99;54.99;ME1509-240926
2026-09-19 17:28:37;Media Expert;Maskotka TY Beanie Boos Smok Grindal 36457;TY;Pluszaki;-;https://www.mediaexpert.pl/zabawki/zabawki-dla-najmlodszych/pluszaki/maskotka-ty-beanie-boos-smok-grindal-36457;34.99;64.99;43.99;ME1509-240926
2026-09-19 17:28:37;Media Expert;Lalka CHICCO My First Doll Zestaw prezentowy 00012117300000;CHICCO;Lalki i akcesoria;-;https://www.mediaexpert.pl/zabawki/lalki-i-figurki/lalki-i-akcesoria/lalka-chicco-my-first-doll-zestaw-prezentowy-00012117300000;89.99;120.70;94.99;ME1509-240926
2026-09-19 17:28:37;Media Expert;Zabawka budzik z projektorem LEXIBOOK Disney Star Wars RL977SW;LEXIBOOK;Zabawki elektroniczne;-;https://www.mediaexpert.pl/zabawki/zabawki-kreatywne/zabawki-elektroniczne/zabawka-budzik-z-projektorem-lexibook-disney-star-wars-rl977sw;70.99;102.76;74.99;ME1509-240926
2026-09-19 17:28:37;Media Expert;Zabawka konsola LEXIBOOK My Best-E Star Wars JLMB10SW;LEXIBOOK;Zabawki elektroniczne;-;https://www.mediaexpert.pl/zabawki/zabawki-kreatywne/zabawki-elektroniczne/zabawka-konsola-lexibook-my-best-e-star-wars-jlmb10sw;75.99;109.99;79.99;ME1509-240926
2026-09-19 17:28:37;Media Expert;Projektor CHICCO Delfinek 00012546000000;CHICCO;Lampki nocne;-;https://www.mediaexpert.pl/dom/oswietlenie/lampki/projektor-chicco-delfinek-00012546000000;73.99;109.99;77.99;ME1509-240926
2026-09-19 17:28:38;Media Expert;Figurka JUST PLAY Disney Stitch 46272;JUST PLAY;Figurki dla dzieci;-;https://www.mediaexpert.pl/zabawki/lalki-i-figurki/figurki-dla-dzieci/figurka-just-play-disney-stitch-46272;64.99;103.69;79.99;ME1509-240926
2026-09-19 17:28:38;Media Expert;Krzesełko do karmienia ASI Cloe 3712103;ASI;Lalki i akcesoria;-;https://www.mediaexpert.pl/zabawki/lalki-i-figurki/lalki-i-akcesoria/krzeselko-do-karmienia-asi-cloe-3712103;99.99;139.99;109.99;ME1509-240926
2026-09-19 17:28:38;Media Expert;Maskotka TY Beanie Bellies Ranger Pies 43209;TY;Pluszaki;-;https://www.mediaexpert.pl/zabawki/zabawki-dla-najmlodszych/pluszaki/maskotka-ty-beanie-bellies-ranger-pies-43209;41.79;83.03;43.99;ME1509-240926
2026-09-19 17:28:38;Media Expert;Lalka ANTONIO JUAN Toneta 60150;ANTONIO JUAN;Lalki i akcesoria;-;https://www.mediaexpert.pl/zabawki/lalki-i-figurki/lalki-i-akcesoria/lalka-antonio-juan-toneta-60150;164.99;208.87;174.99;ME1509-240926
2026-09-19 17:28:39;Media Expert;Maskotka KIDROBOT Yummy World Cheezy Pie Pizza KR13570;KIDROBOT;Pluszaki;-;https://www.mediaexpert.pl/zabawki/zabawki-dla-najmlodszych/pluszaki/maskotka-kidrobot-yummy-world-cheezy-pie-pizza-kr13570;43.99;89.99;46.49;ME1509-240926
2026-09-19 17:28:39;Media Expert;Zabawka krótkofalówki LEXIBOOK Kraina Lodu TW18FZ;LEXIBOOK;Zabawki elektroniczne;-;https://www.mediaexpert.pl/zabawki/zabawki-kreatywne/zabawki-elektroniczne/zabawka-krotkofalowki-lexibook-kraina-lodu-tw18fz;89.99;139.99;104.99;ME1509-240926
2026-09-19 17:28:39;Media Expert;Samochód zdalnie sterowany TAIYO Glow Buggy Sand Cross 180000DT;TAIYO;Samochody zdalnie sterowane;-;https://www.mediaexpert.pl/zabawki/kolejki-i-samochody-zabawkowe/samochody-zdalnie-sterowane/samochod-zdalnie-sterowany-taiyo-glow-buggy-sand-cross-180000dt;79.79;129.99;83.99;ME1509-240926
2026-09-19 17:28:39;Media Expert;Zabawka interaktywna EPEE Psytulaski Stitch EP60451;EPEE;Zabawki edukacyjne;-;https://www.mediaexpert.pl/zabawki/zabawki-edukacyjne/zabawki-edukacyjne/zabawka-interaktywna-epee-psytulaski-stitch-ep60451;117.79;169.65;123.99;ME1509-240926
2026-09-19 17:28:40;Media Expert;Maskotka TY Beanie Boos Meadow Lis 38816;TY;Pluszaki;-;https://www.mediaexpert.pl/zabawki/zabawki-dla-najmlodszych/pluszaki/maskotka-ty-beanie-boos-meadow-lis-38816;99.99;154.99;109.99;ME1509-240926
2026-09-19 17:28:40;Media Expert;Zestaw kreatywny CRA-Z-ART Kryształowy bukiet piękności CRSS57;CRA-Z-ART;Zabawki kreatywne;-;https://www.mediaexpert.pl/zabawki/zabawki-kreatywne/zabawki-kreatywne/zestaw-kreatywny-cra-z-art-krysztalowy-bukiet-pieknosci-crss57;99.99;159.99;104.99;ME1509-240926
2026-09-19 17:28:40;Media Expert;Zabawka COLOR BABY Psi Patrol Maszyna do baniek 39139;COLOR BABY;Bańki mydlane;-;https://www.mediaexpert.pl/zabawki/zabawki-zrecznosciowe-i-plenerowe/banki-mydlane/zabawka-color-baby-psi-patrol-maszyna-do-baniek-39139;114.99;179.99;120.99;ME1509-240926
2026-09-19 17:28:40;Media Expert;Zabawka budzik z lampką nocną LEXIBOOK Tweety RL800TW;LEXIBOOK;Zabawki elektroniczne;-;https://www.mediaexpert.pl/zabawki/zabawki-kreatywne/zabawki-elektroniczne/zabawka-budzik-z-lampka-nocna-lexibook-tweety-rl800tw;99.99;170.00;104.99;ME1509-240926
2026-09-19 17:28:40;Media Expert;Zabawka toaletka MARTINELIA 85110;Martinelia;Zabawki odgrywanie ról;-;https://www.mediaexpert.pl/zabawki/zabawki-odgrywanie-rol/zabawka-toaletka-martinelia-85110;179.99;258.99;189.99;ME1509-240926
2026-09-19 17:28:41;Media Expert;Zabawka smartwatch KIDS EUROSWAN Super Mario GSM4172;KIDS EUROSWAN;Zabawki elektroniczne;-;https://www.mediaexpert.pl/zabawki/zabawki-kreatywne/zabawki-elektroniczne/zabawka-smartwatch-kids-euroswan-super-mario-gsm4172;174.99;269.99;184.99;ME1509-240926
2026-09-19 17:28:41;Media Expert;Maskotka TY Beanie Boos Kot z rogiem Heather 99985;TY;Pluszaki;-;https://www.mediaexpert.pl/zabawki/zabawki-dla-najmlodszych/pluszaki/maskotka-ty-beanie-boos-kot-z-rogiem-heather-99985;339.99;499.99;354.99;ME1509-240926
2026-09-19 17:28:41;Media Expert;Zestaw figurek COBI Terror Fried Ohydny box CHA-08094;COBI;Figurki dla dzieci;-;https://www.mediaexpert.pl/zabawki/lalki-i-figurki/figurki-dla-dzieci/zestaw-figurek-cobi-terror-fried-ohydny-box-cha-08094;26.99;67.79;67.79;ME1709-101026
2026-09-19 17:28:41;Media Expert;Laktator KINDERKRAFT Gentleflow Złoty;KINDERKRAFT;Laktatory;-;https://www.mediaexpert.pl/agd-male/dla-dziecka/laktatory/laktator-kinderkraft-gentleflow-zloty;323.99;349.99;328.96;ME1109-220926
2026-09-19 17:28:42;Media Expert;Krzesełko do karmienia KINDERKRAFT Enock Czarny;KINDERKRAFT;Krzesełka do karmienia;-;https://www.mediaexpert.pl/agd-male/dla-dziecka/krzeselka-do-karmienia/krzeselko-do-karmienia-kinderkraft-enock-czarny;269.99;349.00;279.00;ME1109-220926
