2026-09-19 17:27:04;Media Expert;"Tablet dla dzieci BLACKVIEW Link 1 Kids 8.68"" 4/64 GB Wi-Fi Fioletowy";BLACKVIEW;Tablety;-;https://www.mediaexpert.pl/komputery-i-tablety/tablety-i-e-booki/tablety/tablet-dla-dzieci-blackview-link-1-kids-8-68-4-64-gb-wi-fi-fioletowy;349.00;429.00;429.00;WRZESIEN1809
2026-09-19 17:27:04;Media Expert;"Smartfon SAMSUNG Galaxy S25 Ultra 5G 12/512GB 6.9"" 120Hz Srebrny SM-S938";SAMSUNG;Smartfony;-;https://www.mediaexpert.pl/smartfony-i-zegarki/smartfony/smartfon-samsung-galaxy-s25-ultra-5g-12-512gb-6-9-120hz-srebrny-sm-s938;4649.00;5699.99;5699.99;WRZESIEN1809
2026-09-19 17:27:04;Media Expert;Mysz GLORIOUS Model D Czarny;GLORIOUS ;Myszki;-;https://www.mediaexpert.pl/komputery-i-tablety/myszy-komputerowe/myszki-uniwersalne/mysz-glorious-model-d-czarny-1;118.00;149.99;119.00;WRZESIEN1809
2026-09-19 17:27:05;Media Expert;Piekarnik SAMSUNG NV68A1140BK EO Elektryczny Czarny A;SAMSUNG;Piekarniki do zabudowy;-;https://www.mediaexpert.pl/agd-do-zabudowy/piekarniki-do-zabudowy/piekarnik-samsung-nv68a1140bk-eo-elektryczny-czarny-a;1199.00;1499.99;1389.00;WRZESIEN1809
2026-09-19 17:27:05;Media Expert;Żelazko RUSSELL HOBBS 20630-56 Power Steam;RUSSELL HOBBS;Żelazka;-;https://www.mediaexpert.pl/agd-male/prasowanie-i-pielegnacja-ubran/zelazka/zelazko-russell-hobbs-20630-56-power-steam;159.99;229.99;169.97;WRZESIEN1809
2026-09-19 17:27:05;Media Expert;Air Fryer Frytkownica beztłuszczowa HISENSE HAF2400DS 8l z podwójnym koszem;HISENSE;Frytkownice;-;https://www.mediaexpert.pl/agd-male/do-kuchni/frytownice/air-fryer-frytkownica-beztluszczowa-hisense-haf2400ds-8l-z-podwojnym-koszem;499.99;599.00;599.00;WRZESIEN1809
2026-09-19 17:27:05;Media Expert;Kawa ziarnista JURA Impressa Blend 250 g;JURA;Kawy;-;https://www.mediaexpert.pl/supermarket/kawa-i-dodatki/kawy/kawa-ziarnista-jura-impressa-blend-250g;39.99;39.99;0.00;
2026-09-19 17:27:06;Media Expert;Kontroler MAD DOG GC500;MAD DOG;Pady;-;https://www.mediaexpert.pl/gaming/kontrolery-pady/kontroler-pc-ps3-maddog-gc500-przewodowy;74.99;74.99;0.00;
2026-09-19 17:27:06;Media Expert;Pojemnik na mleko SIEMENS TZ80008 700 ml;SIEMENS;Pojemniki i chłodziarki do mleka;-;https://www.mediaexpert.pl/agd-male/ekspresy-i-kawa/pojemniki-na-mleko/pojemnik-na-mleko-siemens-tz80008-700-ml;329.00;329.00;0.00;
2026-09-19 17:27:06;Media Expert;"Telewizor HISENSE 65UR8S 65"" RGB 4K 180Hz VRR VIDAA Dolby Atmos Dolby Vision HDMI 2.1";HISENSE;Telewizory;-;https://www.mediaexpert.pl/telewizory-i-rtv/telewizory/telewizor-hisense-65ur8s-65-rgb-4k-180hz-vrr-vidaa-dolby-atmos-dolby-vision-hdmi-2-1;6999.98;7999.99;6999.99;RW0109-3009
2026-09-19 17:27:06;Media Expert;Soundbar SONY BRAVIA Theatre Bar 7 HT-A7100 + Subwoofer SA-SW7 Czarny 5.1.2-kanałowy, HDMI eARC, 8K HDR, Wi-Fi, BT, Dolby Atmos;SONY;Soundbary;-;https://www.mediaexpert.pl/telewizory-i-rtv/kina-domowe/soundbary/soundbar-sony-bravia-theatre-bar-7-ht-a7100-sa-sw7-czarny;2999.99;3999.99;3297.00;R2808-200926
2026-09-19 17:27:07;Media Expert;Wieża BLAUPUNKT MS30.2BT Czarna, HDMI ARC, Odtw.CD/-R/-RW, Bluetooth, Tuner FM z cyfrową syntezą PLL, Wejście USB;BLAUPUNKT;Wieże;-;https://www.mediaexpert.pl/telewizory-i-rtv/hi-fi-audio/wieze-male/mikrowieza-blaupunkt-ms30-2bt-czarny;434.99;449.00;448.97;ME0709-300926
2026-09-19 17:27:07;Media Expert;Power Audio TRACER King 2;TRACER;Power audio;-;https://www.mediaexpert.pl/telewizory-i-rtv/hi-fi-audio/power-audio/power-audio-tracer-king-2;199.00;219.00;219.00;ME0609-300926
2026-09-19 17:27:07;Media Expert;Amplituner MAGNAT MC 200 Czarny;MAGNAT;Amplitunery;-;https://www.mediaexpert.pl/telewizory-i-rtv/hi-fi-audio/amplitunery-i-wzmacniacze-av/amplituner-magnat-mc-200-czarny;2204.99;2599.00;2209.98;ME0709-300926
2026-09-19 17:27:07;Media Expert;Słuchawki nauszne EDIFIER W800BT Plus Biały;EDIFIER;Słuchawki;-;https://www.mediaexpert.pl/telewizory-i-rtv/sluchawki/wszystkie-sluchawki/sluchawki-bezprzewodowe-edifier-w800bt-plus-aptx-biale;94.99;109.99;109.00;ME0609-300926
2026-09-19 17:27:08;Media Expert;Słuchawki douszne QCY Ailybuds E10 QT35 Biały;QCY;Słuchawki;-;https://www.mediaexpert.pl/telewizory-i-rtv/sluchawki/wszystkie-sluchawki/sluchawki-douszne-qcy-ailybuds-e10-qt35-bialy;79.99;89.99;89.99;ME0609-300926
2026-09-19 17:27:08;Media Expert;Słuchawki nauszne JLAB GO LUX ANC Zielony;JLAB;Słuchawki;-;https://www.mediaexpert.pl/telewizory-i-rtv/sluchawki/wszystkie-sluchawki/sluchawki-nauszne-jlab-go-lux-anc-zielony;209.99;209.99;0.00;
2026-09-19 17:27:08;Media Expert;Głośnik mobilny CANYON Hexagon 10 Szaro-pomarańczowy;CANYON;Głośniki Bluetooth;-;https://www.mediaexpert.pl/telewizory-i-rtv/hi-fi-audio/glosniki-mobilne/glosnik-mobilny-canyon-hexagon-10-szaro-pomaranczowy;48.00;169.99;48.99;ME1909-270926
2026-09-19 17:27:08;Media Expert;Radio JVC RA-E611W Przenośne Biały;JVC;Radiobudziki;-;https://www.mediaexpert.pl/telewizory-i-rtv/drobny-sprzet-rtv/radiobudziki/radio-jvc-ra-e611w-bialy;319.99;359.00;324.99;ME0709-300926
2026-09-19 17:27:08;Media Expert;Radio AIWA RS-77PLL/BK Cyfrowe Czarny;AIWA;Radia;-;https://www.mediaexpert.pl/telewizory-i-rtv/drobny-sprzet-rtv/radia/radio-aiwa-rs-77pll-bk-cyfrowe-czarny;144.99;179.00;148.99;ME0709-300926
2026-09-19 17:27:09;Media Expert;Radiobudzik DENVER CRP-717B Projektor Czarny;DENVER;Radiobudziki;-;https://www.mediaexpert.pl/telewizory-i-rtv/drobny-sprzet-rtv/radiobudziki/radiobudzik-denver-crp-717b-czarny;99.00;106.00;106.00;ME1109-071026
2026-09-19 17:27:09;Media Expert;Gramofon LENCO LBT-188 PI Bluetooth USB Jasnobrązowy;LENCO;Gramofony;-;https://www.mediaexpert.pl/telewizory-i-rtv/hi-fi-audio/gramofony/gramofon-lenco-lbt-188-pi-bt;879.99;969.00;969.00;ME0709-300926
2026-09-19 17:27:09;Media Expert;Radio samochodowe PIONEER AVH-A240DAB Bluetooth;PIONEER;Radia samochodowe;-;https://www.mediaexpert.pl/telewizory-i-rtv/car-audio/radia-samochodowe/radio-samochodowe-pioneer-avh-a240dab;859.99;999.00;999.00;ME0709-300926
2026-09-19 17:27:09;Media Expert;Kabel USB Typ-C - HDMI HAMA 1.5m;HAMA;Kable audio-video;-;https://www.mediaexpert.pl/telewizory-i-rtv/kable-telewizyjne-i-audio/przewody-audio-video/kabel-usb-typ-c-hdmi-hama-1-5m;129.89;139.99;129.90;AK1809-1909
2026-09-19 17:27:10;Media Expert;Kabel HDMI - HDMI NEDIS 1 m;NEDIS;Kable audio-video;-;https://www.mediaexpert.pl/telewizory-i-rtv/kable-telewizyjne-i-audio/przewody-audio-video/kabel-hdmi-hdmi-nedis-1-m-1;89.99;99.99;99.99;ME0109-300926
2026-09-19 17:27:10;Media Expert;"Laptop ASUS Vivobook 18 M1807GA-S8003W 18"" IPS 144Hz Ryzen AI 7 445 16GB RAM 1TB SSD Windows 11 Home";ASUS;Laptopy;-;https://www.mediaexpert.pl/komputery-i-tablety/laptopy-i-ultrabooki/laptopy/laptop-asus-vivobook-18-m1807ga-s8003w-18-ips-144hz-ryzen-ai-7-445-16gb-ram-1tb-ssd-windows-11-home;3949.00;4599.00;4089.00;ME2508-041026
2026-09-19 17:27:10;Media Expert;"Tablet LENOVO Tab 10.1"" 4/128 GB LTE Wi-Fi Szary";LENOVO;Tablety;-;https://www.mediaexpert.pl/komputery-i-tablety/tablety-i-e-booki/tablety/tablet-lenovo-tab-10-1-4-128-gb-lte-wi-fi-szary;719.00;749.00;749.00;ME1509-270926
2026-09-19 17:27:10;Media Expert;"Tablet APPLE iPad mini 8.3"" 7 gen. 512 GB Wi-Fi Niebieski";APPLE;Tablety;-;https://www.mediaexpert.pl/komputery-i-tablety/tablety-i-e-booki/tablety/tablet-apple-ipad-mini-2024-myh13hc-a-a17pro-512gb-8-3-wifi-blue;3749.00;3999.00;3839.99;ME1709-220926
2026-09-19 17:27:11;Media Expert;Tablet graficzny HUION Inspiroy 2L Czarny;HUION;Tablety graficzne;-;https://www.mediaexpert.pl/komputery-i-tablety/akcesoria-komputerowe/tablety-graficzne/tablet-graficzny-huion-inspiroy-2l-czarny;328.99;399.00;329.00;ME1509-270926
2026-09-19 17:27:11;Media Expert;"Tablet graficzny 21.5"" HUION Kamvas 22 Plus";HUION;Tablety graficzne;-;https://www.mediaexpert.pl/komputery-i-tablety/akcesoria-komputerowe/tablety-graficzne/tablet-graficzny-huion-kamvas-22-plus;2049.00;2049.00;0.00;
2026-09-19 17:27:11;Media Expert;Komputer LENOVO Legion T5 30AGB10 R7-7700X 32GB RAM 2TB SSD GeForce RTX5070TI Windows 11 Home;LENOVO;Komputery stacjonarne;-;https://www.mediaexpert.pl/komputery-i-tablety/komputery-pc/komputery-stacjonarne/komputer-lenovo-legion-t5-30agb10-r7-7700x-32gb-ram-2tb-ssd-geforce-rtx5070ti-windows-11-home;11389.98;11999.00;11389.99;ME0909-300926
2026-09-19 17:27:11;Media Expert;"Monitor ASUS ROG Strix XG27AQDMES 26.5"" OLED 240Hz 2560x1440px 0.03 ms [GTG]";ASUS;Monitory;-;https://www.mediaexpert.pl/komputery-i-tablety/monitory-led/monitor-asus-rog-strix-xg27aqdmes-26-5-oled-240hz-2560x1440px-0-03-ms-gtg;1899.97;2109.99;1899.98;RW0109-3009
2026-09-19 17:27:12;Media Expert;"Monitor EXTRALINK Smart Life S14 14"" 1920x1080px IPS";EXTRALINK;Monitory;-;https://www.mediaexpert.pl/komputery-i-tablety/monitory-led/monitor-extralink-smart-life-s14-14-1920x1080px-ips;629.98;699.00;629.99;ME1309-031026
2026-09-19 17:27:12;Media Expert;Klawiatura HP 220;HP;Klawiatury;-;https://www.mediaexpert.pl/komputery-i-tablety/klawiatury-komputerowe/klawiatury/klawiatura-hp-220;89.99;98.00;98.00;ME0609-300926
2026-09-19 17:27:12;Media Expert;Klawiatura MAD DOG GK600 Outemu Red Czarny;MAD DOG;Klawiatury;-;https://www.mediaexpert.pl/komputery-i-tablety/klawiatury-komputerowe/klawiatury/klawiatura-mad-dog-gk600-outemu-red-czarny;159.94;179.99;159.95;RW0109-3009
2026-09-19 17:27:12;Media Expert;Mysz LENOVO Yoga Szary;LENOVO;Myszki;-;https://www.mediaexpert.pl/komputery-i-tablety/myszy-komputerowe/myszki-uniwersalne/mysz-lenovo-yoga-szary-1;109.98;119.99;109.99;ME0809-230926
2026-09-19 17:27:12;Media Expert;Mysz TRUST Seron Czarny;TRUST;Myszki;-;https://www.mediaexpert.pl/komputery-i-tablety/myszy-komputerowe/myszki-uniwersalne/mysz-trust-seron-czarny;54.99;79.99;59.99;ME1509-300926
2026-09-19 17:27:13;Media Expert;Mysz HP Z3700 Biały;HP;Myszki;-;https://www.mediaexpert.pl/komputery-i-tablety/myszy-komputerowe/myszki-uniwersalne/mysz-hp-z3700-bialy;49.99;49.99;0.00;
2026-09-19 17:27:13;Media Expert;Gogle VR META Quest 3S 128GB;Meta;Okulary VR;-;https://www.mediaexpert.pl/gaming/okulary-vr/gogle-vr-oculus-meta-quest-3s-128-gb;1579.00;1579.00;0.00;
2026-09-19 17:27:13;Media Expert;Kamera internetowa RAZER Kiyo V2 X USB-A - 2K Różowy;RAZER;Kamery internetowe;-;https://www.mediaexpert.pl/komputery-i-tablety/mikrofony-do-komputera-i-akcesoria/kamery-internetowe/kamera-internetowa-razer-kiyo-v2-x-usb-a-2k-rozowy;319.00;439.00;439.00;ME1009-300926
2026-09-19 17:27:13;Media Expert;Płyta główna GIGABYTE B760 DS3H AX;GIGABYTE;Płyty główne;-;https://www.mediaexpert.pl/komputery-i-tablety/podzespoly-komputerowe/plyty-glowne/plyta-glowna-gigabyte-b760-ds3h-ax;519.00;519.00;0.00;ML2508-250926
2026-09-19 17:27:14;Media Expert;Płyta główna ASROCK B760M Pro RS;ASROCK;Płyty główne;-;https://www.mediaexpert.pl/komputery-i-tablety/podzespoly-komputerowe/plyty-glowne/plyta-glowna-asrock-b760m-pro-rs;479.00;479.00;0.00;ML2508-190926
2026-09-19 17:27:14;Media Expert;Płyta główna ASUS Prime B660 Plus;ASUS;Płyty główne;-;https://www.mediaexpert.pl/komputery-i-tablety/podzespoly-komputerowe/plyty-glowne/plyta-glowna-asus-prime-b660-plus;684.99;684.99;0.00;
2026-09-19 17:27:14;Media Expert;Obudowa THERMALRIGHT A70 Czarny;THERMALRIGHT;Obudowy do komputera;-;https://www.mediaexpert.pl/komputery-i-tablety/podzespoly-komputerowe/obudowy/obudowa-thermalright-a70-czarny;339.00;399.00;399.00;ME1409-270926
2026-09-19 17:27:14;Media Expert;Adapter USB Typ-C - RJ-45 UNITEK U1323A 0.12 m;UNITEK;Przejściówki do komputera;-;https://www.mediaexpert.pl/komputery-i-tablety/kable-do-komputera/adaptery-i-przejsciowki/adapter-usb-typ-c-rj-45-unitek-u1323a-0-12-m;94.00;94.00;0.00;
2026-09-19 17:27:15;Media Expert;Podkładka SAVIO Black Edition Precision Control XL;SAVIO GAMING;Podkładki pod myszkę;-;https://www.mediaexpert.pl/komputery-i-tablety/myszy-komputerowe/podkladki/savio-podkladka-pod-mysz-900x400x3mm-precision-control-xl-black-edition;39.99;44.99;44.99;ME0809-300926
2026-09-19 17:27:15;Media Expert;"Smartfon XIAOMI Redmi Note 15 Pro+ 5G 8/256GB 6.83"" 120Hz Niebieski";XIAOMI;Smartfony;-;https://www.mediaexpert.pl/smartfony-i-zegarki/smartfony/smartfon-xiaomi-redmi-note-15-pro-5g-8-256gb-6-83-120hz-niebieski-1;1639.00;1698.99;1698.99;ME1709-220926
2026-09-19 17:27:15;Media Expert;"Smartfon XIAOMI 17T Pro 5G 12GB/1TB 6.83"" 144Hz Czarny";XIAOMI;Smartfony;-;https://www.mediaexpert.pl/smartfony-i-zegarki/smartfony/smartfon-xiaomi-17t-pro-5g-12gb-1tb-6-83-144hz-czarny;3699.00;4499.00;3798.99;ME1509-270926
2026-09-19 17:27:15;Media Expert;"Smartfon ULEFONE Armor X12 Pro 4/64GB 5.45"" Czarny";ULEFONE;Smartfony;-;https://www.mediaexpert.pl/smartfony-i-zegarki/smartfony/smartfon-ulefone-armor-x12-pro-4-64gb-5-45-czarny-1;549.00;599.00;599.00;ME1709-220926
2026-09-19 17:27:15;Media Expert;"Smartfon OUKITEL WP35 5G 8/256GB 6.6"" Brązowy";OUKITEL;Smartfony;-;https://www.mediaexpert.pl/smartfony-i-zegarki/smartfony/smartfon-oukitel-wp35-5g-8-256gb-6-6-brazowy-1;949.00;1149.00;979.00;ME1709-220926
2026-09-19 17:27:16;Media Expert;Telefon TCL 4042S 4G Eco Szary;TCL;Smartfony;-;https://www.mediaexpert.pl/smartfony-i-zegarki/smartfony/telefon-tcl-4042s-4g-eco-szary;169.00;169.00;0.00;
2026-09-19 17:27:16;Media Expert;Smartwatch MAXCOM FW100 Titan Valkiria Różowy;MAXCOM;Smartwatche;-;https://www.mediaexpert.pl/smartfony-i-zegarki/smartwatche-i-zegarki/smartwatche/smartwatch-maxcom-fw100-titan-valkiria-rozowy;259.00;299.00;279.99;ME2108-300926
2026-09-19 17:27:16;Media Expert;Smartring MAXCOM mRing MR100 52mm Czarny;MAXCOM;Smart Ringi;-;https://www.mediaexpert.pl/smartfony-i-zegarki/smartwatche-i-zegarki/smart-ringi/smartring-maxcom-mring-mr100-52mm-czarny;149.00;219.00;204.99;ME1908-300926
2026-09-19 17:27:16;Media Expert;Smartring MAXCOM mRing MR200 55mm Czarny;MAXCOM;Smart Ringi;-;https://www.mediaexpert.pl/smartfony-i-zegarki/smartwatche-i-zegarki/smart-ringi/smartring-maxcom-mring-mr200-55mm-czarny;249.00;339.00;274.99;ME1908-300926
2026-09-19 17:27:17;Media Expert;Klawiatura MAD DOG GK910K Gateron Red Czarny;MAD DOG;Klawiatury;-;https://www.mediaexpert.pl/komputery-i-tablety/klawiatury-komputerowe/klawiatury/klawiatura-mad-dog-gk910k-gateron-red-czarny;169.59;199.99;169.60;RW0109-3009
2026-09-19 17:27:17;Media Expert;Klawiatura REDRAGON K721WRB-RGB Stormhunter;REDRAGON;Klawiatury;-;https://www.mediaexpert.pl/komputery-i-tablety/klawiatury-komputerowe/klawiatury/klawiatura-redragon-k721wrb-rgb-stormhunter;219.00;249.00;223.43;ME1909-300926
2026-09-19 17:27:17;Media Expert;Mysz A4TECH Bloody R72 Ultra Czarny;A4TECH;Myszki;-;https://www.mediaexpert.pl/komputery-i-tablety/myszy-komputerowe/myszki-uniwersalne/mysz-a4tech-bloody-r72-ultra-czarny;119.98;129.99;119.99;ME0809-230926
2026-09-19 17:27:17;Media Expert;Słuchawki SONY Pulse Elite Bezprzewodowe, Nauszne, Dźwięk przestrzenny;SONY;Słuchawki z mikrofonem;-;https://www.mediaexpert.pl/komputery-i-tablety/sluchawki-i-glosniki-komputerowe/sluchawki-z-mikrofonem/sluchawki-ps5-pulse-elite-bezprzewodowe-case;549.00;639.00;551.85;ME1609-270926
2026-09-19 17:27:18;Media Expert;Fotel XQUANTUM ECH300K Czarny;XQUANTUM;Krzesła biurowe;-;https://www.mediaexpert.pl/dom/meble/krzesla-biurowe/fotel-xquantum-ech300k-czarny;339.00;549.99;399.00;WRZESIEN1809
2026-09-19 17:27:18;Media Expert;Kontroler COBRA QSP553PK Różowy;COBRA;Pady;-;https://www.mediaexpert.pl/gaming/kontrolery-pady/kontroler-cobra-qsp553pk-rozowy;154.99;169.00;159.99;ME0709-300926
2026-09-19 17:27:18;Media Expert;Kontroler HORI Fighting Commander Octa Czarny;HORI;Pady;-;https://www.mediaexpert.pl/gaming/kontrolery-pady/kontroler-ps5-hori-fighting-commander-octa;249.99;269.00;254.99;ME0709-300926
2026-09-19 17:27:18;Media Expert;"Aparat KODAK PixPro C1 Brązowy 13Mpix, 4x zoom, 1/3"" BSI CMOS";KODAK;Aparaty cyfrowe;-;https://www.mediaexpert.pl/foto-i-kamery/aparaty-fotograficzne/aparat-cyfrowy/aparat-kodak-pixpro-c1-brazowy-13mpix-4x-zoom-1-3-bsi-cmos;348.00;399.00;349.00;PNU1809-2409
2026-09-19 17:27:19;Media Expert;Aparat natychmiastowy FUJIFILM Instax mini LiPlay Zielony;FUJIFILM;Aparaty natychmiastowe;-;https://www.mediaexpert.pl/foto-i-kamery/aparaty-fotograficzne/aparaty-natychmiastowe/aparat-fujifilm-instax-mini-liplay-zielony;590.00;639.00;635.23;
2026-09-19 17:27:19;Media Expert;Wideorejestrator 70MAI A200 + Kamera tylna RC11;70MAI;Wideorejestratory;-;https://www.mediaexpert.pl/foto-i-kamery/kamery/wideorejestratory/wideorejestrator-70mai-a200-kamera-tylna-rc11;338.99;359.00;339.00;ME1609-270926
2026-09-19 17:27:19;Media Expert;Dron ANTIGRAVITY A1 Standard Bundle Kamera 360, wideo 2.7K, czas lotu do 18 min, GPS;ANTIGRAVITY;Drony;-;https://www.mediaexpert.pl/foto-i-kamery/drony-i-akcesoria/drony/dron-antigravity-a1-kamera-360-standard-bundle;5189.00;6459.00;5236.89;ME1509-270926
2026-09-19 17:27:19;Media Expert;Obiektyw SIGMA C 56mm f/1.4 DC DN Contemporary do Nikon Z;SIGMA;Obiektywy do aparatów;-;https://www.mediaexpert.pl/foto-i-kamery/optyka/obiektywy-do-aparatow/obiektyw-sigma-digital-c-56mm-f-1-4-dc-dn-nikon-z;2159.00;2259.00;2249.00;ME1509-270926
2026-09-19 17:27:19;Media Expert;Lodówka HAIER 3D 60 Series 7 HTW7620ANMG No frost 205cm Inox;HAIER;Lodówki;-;https://www.mediaexpert.pl/agd/lodowki-i-zamrazarki/lodowki/lodowka-haier-htw7620anmg-no-frost-205cm-srebrna;3899.00;3999.99;3999.95;ME0709-300926
2026-09-19 17:27:20;Media Expert;Lodówka AMICA FK2415.3UX(E) 152cm Inox;AMICA;Lodówki;-;https://www.mediaexpert.pl/agd/lodowki-i-zamrazarki/lodowki/lodowka-amica-fk2415-3ux-e-152cm-inox;1294.99;1399.00;1299.00;ME0709-300926
2026-09-19 17:27:20;Media Expert;Lodówka AMICA FK4005.6DFCM No frost 192cm Czarny inox;AMICA;Lodówki;-;https://www.mediaexpert.pl/agd/lodowki-i-zamrazarki/lodowki/lodowka-amica-fk4005-6dfcm-no-frost-192cm-czarny-inox;2698.94;2848.95;2698.95;ME1809-031026
2026-09-19 17:27:20;Media Expert;Lodówka INDESIT INKS1401S4E 202.5cm Srebrna;INDESIT;Lodówki;-;https://www.mediaexpert.pl/agd/lodowki-i-zamrazarki/lodowki/lodowka-indesit-inks1401s4e-202-5cm-srebrna;1499.00;1698.89;1698.89;ME1109-031026
2026-09-19 17:27:20;Media Expert;Lodówka AMICA FK3706D.5DFZXC (C) No frost 200cm Ciemna inox;AMICA;Lodówki;-;https://www.mediaexpert.pl/agd/lodowki-i-zamrazarki/lodowki/lodowka-amica-fk3706d-5dfzxc-c-no-frost-200cm-ciemny-inox;2789.99;3099.00;2898.98;ME0809-300926
2026-09-19 17:27:21;Media Expert;Lodówka BEKO B1RCSO264S 177cm Srebrna;BEKO;Lodówki;-;https://www.mediaexpert.pl/agd/lodowki-i-zamrazarki/lodowki/lodowka-beko-b1rcso264s;1399.00;1599.99;1449.00;BTU1009-2409
2026-09-19 17:27:21;Media Expert;Lodówka SAMSUNG RB7300T RB34C603CS9 EF No frost AI Energy Mode 185.3cm Szczotkowana stal nierdzewna;SAMSUNG;Lodówki;-;https://www.mediaexpert.pl/agd/lodowki-i-zamrazarki/lodowki/lodowka-samsung-ai-rb34c603cs9-ef-no-frost-185-3cm-szczotkowana-stal-nierdzewna;2944.99;2944.99;0.00;
2026-09-19 17:27:21;Media Expert;Lodówka HAIER Seria 5 HCR3818ENMD No frost Side by side 181.5cm Ciemna inox;HAIER;Lodówki;-;https://www.mediaexpert.pl/agd/lodowki-i-zamrazarki/lodowki/lodowka-haier-hcr3818enmd-side-by-side-no-frost-181-5cm-ciemny-inox;3399.00;3699.00;3699.00;ME0709-300926
2026-09-19 17:27:21;Media Expert;Lodówka SIEMENS iQ500 KA93GAIEP No frost Side by side Kostkarka 178.7cm Srebrna;SIEMENS;Lodówki;-;https://www.mediaexpert.pl/agd/lodowki-i-zamrazarki/lodowki/lodowka-siemens-ka93gaiep-side-by-side-kostkarka;8059.99;8493.00;8064.98;ME0709-300926
2026-09-19 17:27:22;Media Expert;Lodówka MPM 439-SBS-15/ND No frost Side by side 177cm Inox;MPM;Lodówki;-;https://www.mediaexpert.pl/agd/lodowki-i-zamrazarki/lodowki/lodowka-mpm-439-sbs-15-nd-side-by-side-no-frost-177cm-inox;2899.00;3199.00;3199.00;ME1109-031026
2026-09-19 17:27:22;Media Expert;Witryna chłodnicza przemysłowa BEKO PROFESSIONAL ADN 203 1S BP;BEKO PROFESSIONAL;Chłodziarki przemysłowe;-;https://www.mediaexpert.pl/agd/agd-przemyslowe/chlodziarki-przemyslowe/witryna-chlodnicza-przemyslowa-beko-professional-adn-203-1s-bp;2609.99;2899.00;2749.98;ME0709-300926
2026-09-19 17:27:22;Media Expert;Lodówka MPM 114-CJ-37 85cm Czarna;MPM;Lodówki;-;https://www.mediaexpert.pl/agd/lodowki-i-zamrazarki/lodowki/lodowka-mpm-114-cj-37-85cm-czarna;704.99;704.99;0.00;
2026-09-19 17:27:22;Media Expert;Pralka AEG LFR73944OP ProSteam 7000 9kg 1400obr A UniversalDose MyAEG WoolmarkBlue;AEG;Pralki;-;https://www.mediaexpert.pl/agd/pralki-i-suszarki/pralki/pralka-aeg-lfr73944op-9kg-1400-obr;3298.96;3599.99;3298.97;RW0109-3009
2026-09-19 17:27:22;Media Expert;Pralka TCL Seria F2 FF0714WA1PL 7kg Slim 43.2cm 1400obr;TCL;Pralki;-;https://www.mediaexpert.pl/agd/pralki-i-suszarki/pralki/pralka-tcl-ff0714wa1pl-7kg-1400-obr;1088.99;1299.00;1089.00;ME0809-300926
2026-09-19 17:27:23;Media Expert;Pralka BEKO b100 BM1WFU39225WPB 9kg 51.8cm 1200obr;BEKO;Pralki;-;https://www.mediaexpert.pl/agd/pralki-i-suszarki/pralki/pralka-beko-bm1wfu39225wpb-9kg-1200-obr;1349.99;1449.00;1404.99;ME1809-031026
2026-09-19 17:27:23;Media Expert;Pralka HAIER Seria X 11 HW100BD14397PGUS 10kg 57cm 1400obr Sterowanie smartfonem;HAIER;Pralki;-;https://www.mediaexpert.pl/agd/pralki-i-suszarki/pralki/pralka-haier-ai-hw100bd14397pgus-10kg-1400-obr;3894.99;4099.99;4099.00;ME0109-300926
2026-09-19 17:27:23;Media Expert;Pralka ELECTROLUX 600 SensiCare MEW2E8Y6P 8kg 54.7cm 1400obr;ELECTROLUX;Pralki;-;https://www.mediaexpert.pl/agd/pralki-i-suszarki/pralki/pralka-electrolux-mew2e8y6p-8kg-1400-obr-sensicare;1697.00;1697.00;0.00;
2026-09-19 17:27:23;Media Expert;Pralka INDESIT MTWSA61294WPL 6kg Slim 42.5cm 1200obr;INDESIT;Pralki;-;https://www.mediaexpert.pl/agd/pralki-i-suszarki/pralki/pralka-indesit-mtwsa-61294-w-pl-6kg-1200-obr;1029.00;1029.00;0.00;
2026-09-19 17:27:24;Media Expert;Pralka ELECTROLUX 700 SteamCare EW7T3562P 6kg 59.9cm 1500obr;ELECTROLUX;Pralki;-;https://www.mediaexpert.pl/agd/pralki-i-suszarki/pralki/pralka-electrolux-ew7t3562p-6kg-1500-obr-steamcare;2149.99;2299.00;2154.98;ME0709-300926
2026-09-19 17:27:24;Media Expert;Pralko-wirówka RAVANSON XPB-800;RAVANSON;Pralki wirnikowe;-;https://www.mediaexpert.pl/agd/pralki-i-suszarki/pralki-wirnikowe/pralko-wirowka-ravanson-xpb-800;629.99;658.99;657.99;ME0709-300926
2026-09-19 17:27:24;Media Expert;Suszarka SAMSUNG Seria 5000 DV90DG52A0AHEO 60 cm Funkcje AI Sterowanie smartfonem;SAMSUNG;Suszarki;-;https://www.mediaexpert.pl/agd/pralki-i-suszarki/suszarki/suszarka-samsung-dv5000d-dv90dg52a0ah-z-pompa-ciepla-optimal-dry;2498.00;2799.00;2498.99;R1109-101026
2026-09-19 17:27:24;Media Expert;Suszarka WHIRLPOOL S4 MXWD104MGBRPL 58.6 cm Sterowanie smartfonem;WHIRLPOOL;Suszarki;-;https://www.mediaexpert.pl/agd/pralki-i-suszarki/suszarki/suszarka-whirlpool-mx-wd-104m-gbr-pl-z-pompa-ciepla;2754.00;3099.99;2754.98;ME0709-300926
2026-09-19 17:27:25;Media Expert;Suszarka CANDY ProDry 500 BR 9N2BX-S 58.5 cm Funkcje AI Sterowanie smartfonem;CANDY;Suszarki;-;https://www.mediaexpert.pl/agd/pralki-i-suszarki/suszarki/suszarka-candy-br-9n2bx-s-z-pompa-ciepla;1799.00;2012.95;1896.00;ME0709-300926
2026-09-19 17:27:25;Media Expert;Pralko-suszarka HAIER Mini Wash&Dryer HWD50-BP12307U-S 42.3 cm Sterowanie smartfonem;HAIER;Pralko-suszarki;-;https://www.mediaexpert.pl/agd/pralki-i-suszarki/pralko-suszarki/pralko-suszarka-haier-hwd50-bp12307u-s;2754.99;2899.00;2899.00;ME0109-300926
2026-09-19 17:27:25;Media Expert;Pralko-suszarka BOSCH Serie 4 WNA144VSPL  59 cm;BOSCH;Pralko-suszarki;-;https://www.mediaexpert.pl/agd/pralki-i-suszarki/pralko-suszarki/pralko-suszarka-bosch-wna144vspl;2447.99;2447.99;0.00;
2026-09-19 17:27:25;Media Expert;Zmywarka HISENSE HS543D10B AutoDry - automatyczne otwieranie drzwi;HISENSE;Zmywarki;-;https://www.mediaexpert.pl/agd/zmywarki-i-akcesoria/zmywarki/zmywarka-hisense-hs543d10b;1699.98;1899.99;1699.99;RW0109-3009
2026-09-19 17:27:26;Media Expert;Zmywarka WHIRLPOOL WFO 3T133 PF X PowerClean Pro Autootwieranie drzwi 60cm Inox;WHIRLPOOL;Zmywarki;-;https://www.mediaexpert.pl/agd/zmywarki-i-akcesoria/zmywarki/zmywarka-whirlpool-wfo-3t133-pf-x;1699.00;1729.99;1729.99;ME0709-300926
2026-09-19 17:27:26;Media Expert;Zmywarka BOSCH SMS4EVI04E;BOSCH;Zmywarki;-;https://www.mediaexpert.pl/agd/zmywarki-i-akcesoria/zmywarki/zmywarka-bosch-sms4evi04e;1999.00;2399.00;2080.00;ME0609-300926
2026-09-19 17:27:26;Media Expert;Zmywarka HAIER I-Pro Shine 7 XF 4A4M4PX AI Smart, PartLight, Crystal Protect, Auto Door - automatycznie otwierane drzwi, hOn;HAIER;Zmywarki;-;https://www.mediaexpert.pl/agd/zmywarki-i-akcesoria/zmywarki/zmywarka-haier-i-pro-shine-xf-4a4m4px;3575.00;4299.00;3585.00;ME0709-190926
2026-09-19 17:27:26;Media Expert;Kuchnia AMICA 6226GCET3.33ZPTSDA(XX) Pizza 300˚C;AMICA;Kuchnie;-;https://www.mediaexpert.pl/agd/kuchnie/kuchnie-wolnostojace/kuchnia-amica-6226gcet3-33zptsda-xx-pizza-300-c;2099.00;2299.99;2299.99;ME1109-031026
2026-09-19 17:27:27;Media Expert;Kuchnia MPM 56-KEE-07;MPM;Kuchnie;-;https://www.mediaexpert.pl/agd/kuchnie/kuchnie-wolnostojace/kuchnia-mpm-56-kee-07;989.00;1048.89;999.99;ME1609-031026
2026-09-19 17:27:27;Media Expert;Kuchnia MPM 56-KGM-04;MPM;Kuchnie;-;https://www.mediaexpert.pl/agd/kuchnie/kuchnie-wolnostojace/kuchnia-mpm-56-kgm-04;949.00;998.87;998.87;ME1409-031026
2026-09-19 17:27:27;Media Expert;Kuchnia AMICA 57GED2.33HZPTAA(BM) Termoobieg ;AMICA;Kuchnie;-;https://www.mediaexpert.pl/agd/kuchnie/kuchnie-wolnostojace/kuchnia-amica-57ged2-33hzptaa-bm;1397.00;1397.00;0.00;
2026-09-19 17:27:27;Media Expert;Kuchenka mikrofalowa SAMSUNG MG23K3523AK E2 800W średnica 28.8 cm pojemność 23L Quick Defrost Auto Cook Czarny;SAMSUNG;Mikrofalówki;-;https://www.mediaexpert.pl/agd-male/do-kuchni/kuchnie-mikrofalowe/kuchenka-mikrofalowa-samsung-mg23k3523ak-e2-800w-srednica-28-8-cm-pojemnosc-23l-quick-defrost-auto-cook-czarny;499.97;549.99;499.98;RW0109-3009
2026-09-19 17:27:27;Media Expert;Kuchenka mikrofalowa SENCOR SMW 1919BK 700W średnica 25.5 cm pojemność 20L;SENCOR;Mikrofalówki;-;https://www.mediaexpert.pl/agd-male/do-kuchni/kuchnie-mikrofalowe/kuchenka-mikrofalowa-sencor-smw-1919bk-700w-srednica-25-5-cm-pojemnosc-20l;219.00;239.00;224.98;ME1809-031026
2026-09-19 17:27:28;Media Expert;Zamrażarka szufladowa LIEBHERR FND 7227 363 No frost Szybkie zamrażanie;LIEBHERR;Zamrażarki;-;https://www.mediaexpert.pl/agd/lodowki-i-zamrazarki/zamrazarki/zamrazarka-liebherr-fnd-7227-1;3694.98;3999.00;3694.99;ME1709-031026
2026-09-19 17:27:28;Media Expert;Zamrażarka szufladowa AMICA FZ133.3AA 80l;AMICA;Zamrażarki;-;https://www.mediaexpert.pl/agd/lodowki-i-zamrazarki/zamrazarki/zamrazarka-amica-fz133-3aa;999.00;1149.99;1149.00;ME1109-031026
2026-09-19 17:27:28;Media Expert;Zamrażarka skrzyniowa MPM-206-SK-18E 198l Szybkie zamrażanie;MPM;Zamrażarki;-;https://www.mediaexpert.pl/agd/lodowki-i-zamrazarki/zamrazarki/zamrazarka-mpm-206-sk-18e;1129.99;1199.00;1134.99;ME0709-300926
2026-09-19 17:27:28;Media Expert;Piekarnik BOSCH Seria 2 HBG572EB5 Elektryczny Czarny A+;BOSCH;Piekarniki do zabudowy;-;https://www.mediaexpert.pl/agd-do-zabudowy/piekarniki-do-zabudowy/piekarnik-bosch-seria-2-hbg572eb5-elektryczny-czarny-a;1949.00;2199.99;1998.00;ME1409-031026
2026-09-19 17:27:29;Media Expert;Piekarnik ELECTROLUX LOE8F38Z 700 MealAssist Elektryczny Czarny A+;ELECTROLUX;Piekarniki do zabudowy;-;https://www.mediaexpert.pl/agd-do-zabudowy/piekarniki-do-zabudowy/piekarnik-electrolux-loe8f38z-700-mealassist-elektryczny-czarny-a;1988.98;2299.00;1988.99;ME1509-071026
2026-09-19 17:27:29;Media Expert;Piekarnik WHIRLPOOL OMK58CU1SX Elektryczny Inox A+;WHIRLPOOL;Piekarniki do zabudowy;-;https://www.mediaexpert.pl/agd-do-zabudowy/piekarniki-do-zabudowy/piekarnik-whirlpool-omk58cu1sx-elektryczny-inox-a;1099.00;1599.99;1139.00;WRZESIEN1809
2026-09-19 17:27:29;Media Expert;Piekarnik ELECTROLUX LOB8S39WZ Elektryczny parowy Czarny A++;ELECTROLUX;Piekarniki do zabudowy;-;https://www.mediaexpert.pl/agd-do-zabudowy/piekarniki-do-zabudowy/piekarnik-electrolux-lob8s39wz-elektryczny-parowy-czarny-a;3589.00;3999.00;3599.00;ME1209-031026
2026-09-19 17:27:29;Media Expert;Piekarnik MPM 45-BO-20 Elektryczny Czarny A;MPM;Piekarniki do zabudowy;-;https://www.mediaexpert.pl/agd-do-zabudowy/piekarniki-do-zabudowy/mpm-45-bo-20;1279.00;1349.00;1279.97;ME1409-031026
2026-09-19 17:27:30;Media Expert;Piekarnik MIELE H 7260 B Elektryczny Stal nierdzewna A+;MIELE;Piekarniki do zabudowy;-;https://www.mediaexpert.pl/agd-do-zabudowy/piekarniki-do-zabudowy/piekarnik-miele-h-7260-b-elektryczny-parowy-stal-nierdzewna-a;3798.99;4529.37;3799.00;ME1809-031026
2026-09-19 17:27:30;Media Expert;Piekarnik SAMSUNG NV7B4345VAK U2 Dual Cook Flex Elektryczny parowy Czarny A+;SAMSUNG;Piekarniki do zabudowy;-;https://www.mediaexpert.pl/agd-do-zabudowy/piekarniki-do-zabudowy/piekarnik-samsung-nv7b4345vak-u2-dual-cook-flex-elektryczny-parowy-czarny-a;3049.00;3049.00;0.00;
2026-09-19 17:27:30;Media Expert;Piekarnik ELECTROLUX 900 MealAssist LOB9S3SZ Elektryczny parowy Czarny A++;ELECTROLUX;Piekarniki do zabudowy;-;https://www.mediaexpert.pl/agd-do-zabudowy/piekarniki-do-zabudowy/piekarnik-electrolux-900-mealassist-lob9s3sz-elektryczny-parowy-czarny-a;5699.00;5699.00;0.00;
2026-09-19 17:27:30;Media Expert;Płyta gazowa HISENSE GG663BT Auto Off Timer - Timer palnika gazowego;HISENSE;Płyty do zabudowy;-;https://www.mediaexpert.pl/agd-do-zabudowy/plyty-do-zabudowy/plyta-gazowa-hisense-gg663bt;1897.80;2089.99;1897.81;RW0109-3009
2026-09-19 17:27:30;Media Expert;Płyta indukcyjna ELECTROLUX MEXIT500L;ELECTROLUX;Płyty do zabudowy;-;https://www.mediaexpert.pl/agd-do-zabudowy/plyty-do-zabudowy/plyta-indukcyjna-electrolux-mexit500l;1598.00;1779.00;1599.97;ME1409-071026
2026-09-19 17:27:31;Media Expert;Płyta ceramiczna ELECTROLUX LHR3233CK;ELECTROLUX;Płyty do zabudowy;-;https://www.mediaexpert.pl/agd-do-zabudowy/plyty-do-zabudowy/plyta-indukcyjna-electrolux-lhr3233ck;749.00;798.96;754.98;ME1409-031026
2026-09-19 17:27:31;Media Expert;Płyta indukcyjna SMEG SI2641DP;SMEG;Płyty do zabudowy;-;https://www.mediaexpert.pl/agd-do-zabudowy/plyty-do-zabudowy/plyta-ceramiczna-smeg-si2641dp;1999.00;2579.00;2259.99;ME1008-300926
2026-09-19 17:27:31;Media Expert;Płyta ceramiczna ELECTROLUX EHF6342XOK;ELECTROLUX;Płyty do zabudowy;-;https://www.mediaexpert.pl/agd-do-zabudowy/plyty-do-zabudowy/ehf6342xok;888.99;999.00;889.00;ME1709-071026
2026-09-19 17:27:31;Media Expert;Płyta indukcyjna WHIRLPOOL WFS8865NE ChefControl FlexiSide 18 poziomów mocy;WHIRLPOOL;Płyty do zabudowy;-;https://www.mediaexpert.pl/agd-do-zabudowy/plyty-do-zabudowy/plyta-indukcyjna-whirlpool-wf-s8865-ne;1848.00;1848.00;0.00;
2026-09-19 17:27:32;Media Expert;Płyta gazowa GORENJE GTW642SYB;GORENJE;Płyty do zabudowy;-;https://www.mediaexpert.pl/agd-do-zabudowy/plyty-do-zabudowy/plyta-gazowa-gorenje-gtw642syb;998.00;1099.99;1018.99;ME1409-031026
2026-09-19 17:27:32;Media Expert;Płyta gazowa WHIRLPOOL AKWL628IXL MultiLevel Flame WOK Powłoka iXelium 59cm;WHIRLPOOL;Płyty do zabudowy;-;https://www.mediaexpert.pl/agd-do-zabudowy/plyty-do-zabudowy/plyta-gazowa-whirlpool-akwl-628-ixl;873.00;969.00;874.99;ME1609-031026
2026-09-19 17:27:32;Media Expert;Zmywarka LG DB476TXS TrueSteam, Klasa A, QuadWash, EasyRackPlus, DirectDrive, LG ThinQ, 43db, 14 kpl., 9.5l;LG;Zmywarki do zabudowy;-;https://www.mediaexpert.pl/agd-do-zabudowy/zmywarki-do-zabudowy/zmywarka-lg-db476txs;3398.96;3599.99;3398.97;RW0109-3009
2026-09-19 17:27:32;Media Expert;Zmywarka BEKO bPRO500 BDIS38050A Autodozowanie Autootwieranie drzwi LedSpot 45cm;BEKO;Zmywarki do zabudowy;-;https://www.mediaexpert.pl/agd-do-zabudowy/zmywarki-do-zabudowy/zmywarka-beko-bpro500-bdis38050a;1999.99;2289.99;2135.00;ME1709-091026
2026-09-19 17:27:33;Media Expert;Zmywarka BOSCH Serie 6 SPV6EMX09E;BOSCH;Zmywarki do zabudowy;-;https://www.mediaexpert.pl/agd-do-zabudowy/zmywarki-do-zabudowy/zmywarka-bosch-serie-6-spv6emx09e;2989.00;3196.00;2999.00;ME0709-190926
2026-09-19 17:27:33;Media Expert;Zmywarka WHIRLPOOL WI9E2B19CB Aqua Stop 45cm;WHIRLPOOL;Zmywarki do zabudowy;-;https://www.mediaexpert.pl/agd-do-zabudowy/zmywarki-do-zabudowy/zmywarka-whirlpool-wi9e-2b19-c-b;1178.00;1499.00;1188.00;ME0709-190926
2026-09-19 17:27:33;Media Expert;Zmywarka SIEMENS SR65ZX22ME Zeolith;SIEMENS;Zmywarki do zabudowy;-;https://www.mediaexpert.pl/agd-do-zabudowy/zmywarki-do-zabudowy/zmywarka-siemens-sr65zx22me;2740.00;2998.00;2748.00;ME0609-300926
2026-09-19 17:27:33;Media Expert;Zmywarka WHIRLPOOL WIO3T126PFE PowerClean Pro Autootwieranie drzwi 60cm;WHIRLPOOL;Zmywarki do zabudowy;-;https://www.mediaexpert.pl/agd-do-zabudowy/zmywarki-do-zabudowy/zmywarka-whirlpool-wio-3t126-pfe;1699.99;1800.00;1800.00;ME1709-091026
2026-09-19 17:27:33;Media Expert;Zmywarka BOSCH SMU2HVS06E;BOSCH;Zmywarki do zabudowy;-;https://www.mediaexpert.pl/agd-do-zabudowy/zmywarki-do-zabudowy/zmywarka-bosch-smu2hvs06e;2299.00;2398.93;2348.99;ME0809-190926
2026-09-19 17:27:34;Media Expert;Zmywarka WHIRLPOOL W8IHP42L MaxiSpace PowerClean Pro Kosz SpaceClean 60cm;WHIRLPOOL;Zmywarki do zabudowy;-;https://www.mediaexpert.pl/agd-do-zabudowy/zmywarki-do-zabudowy/zmywarka-whirlpool-w8i-hp42-l;2399.00;2399.00;0.00;
2026-09-19 17:27:34;Media Expert;Lodówka AMICA BK3265.4Ui(E) 176.9cm;AMICA;Lodówki do zabudowy;-;https://www.mediaexpert.pl/agd-do-zabudowy/lodowki-i-zamrazarki-do-zabudowy/lodowki-do-zabudowy/lodowka-amica-bk3265-4ui-e;1578.98;1799.99;1578.99;ME1109-031026
2026-09-19 17:27:34;Media Expert;Lodówka CANDY Fresco 400 CNBQT3518E No frost 177.2cm;CANDY;Lodówki do zabudowy;-;https://www.mediaexpert.pl/agd-do-zabudowy/lodowki-i-zamrazarki-do-zabudowy/lodowki-do-zabudowy/lodowka-candy-cnbqt3518e;1999.00;2099.00;2099.00;ME0709-300926
2026-09-19 17:27:34;Media Expert;Lodówka ETA 139190001D No frost 178cm;ETA;Lodówki do zabudowy;-;https://www.mediaexpert.pl/agd-do-zabudowy/lodowki-i-zamrazarki-do-zabudowy/lodowki-do-zabudowy/lodowka-eta-139190001d;1978.99;2199.00;1979.00;ME1509-071026
2026-09-19 17:27:35;Media Expert;Lodówka MPM 116-CJI-17/E 81.8cm;MPM;Lodówki do zabudowy;-;https://www.mediaexpert.pl/agd-do-zabudowy/lodowki-i-zamrazarki-do-zabudowy/lodowki-do-zabudowy/lodowka-mpm-116-cji-17-e;1119.99;1187.98;1124.98;ME0709-300926
2026-09-19 17:27:35;Media Expert;Okap HISENSE Hi6 CH6BI7236BG Czarne szkło 713m3/h Sterowanie Gestem, Hood Sync H2H, Czujnik zapachów;HISENSE;Okapy;-;https://www.mediaexpert.pl/agd-do-zabudowy/okapy-do-zabudowy/okap-hisense-hi6-ch6bi7236bg-czarny-czarne-szklo-713m3-h-63db-klasa-a;1299.98;1399.99;1299.99;RW0509-3009
2026-09-19 17:27:35;Media Expert;Okap AMICA OKC4441BO Czarny 665m3/h 60dB klasa B;AMICA;Okapy;-;https://www.mediaexpert.pl/agd-do-zabudowy/okapy-do-zabudowy/okap-amica-okc4441bo;1724.00;1949.00;1949.00;ME1809-031026
2026-09-19 17:27:35;Media Expert;Okap SAMSUNG NK24C9804WB Czarne szkło 760m3/h 66dB klasa A+;SAMSUNG;Okapy;-;https://www.mediaexpert.pl/agd-do-zabudowy/okapy-do-zabudowy/okap-samsung-nk24c9804wb-czarne-szklo-560m3-h-66db-klasa-a;2989.00;3199.00;3199.00;ME1809-031026
2026-09-19 17:27:36;Media Expert;Okap AKPO WK-4 Feniks Glass Eco 60 Czarny 492.2m3/h 73dB klasa C;AKPO;Okapy;-;https://www.mediaexpert.pl/agd-do-zabudowy/okapy-do-zabudowy/okap-akpo-wk-4-feniks-glass-eco-60-czarny;559.00;581.00;581.00;ME1509-031026
2026-09-19 17:27:36;Media Expert;Okap AKPO WK-4 Cetias 60 Czarny 459.7m3/h 69dB klasa C;AKPO;Okapy;-;https://www.mediaexpert.pl/agd-do-zabudowy/okapy-do-zabudowy/okap-akpo-wk-4-cetias-60-czarny;529.00;599.00;599.00;ME1509-031026
2026-09-19 17:27:36;Media Expert;Okap FABER Tweet EG8 BK 55 Czarne szkło 700m3/h 68dB klasa C;FABER;Okapy;-;https://www.mediaexpert.pl/agd-do-zabudowy/okapy-do-zabudowy/okap-faber-tweet-led-eg8-bk-55;1499.00;1499.00;0.00;
2026-09-19 17:27:36;Media Expert;Okap ELECTROLUX LFP536X Stal szlachetna 600m3/h 68dB klasa C;ELECTROLUX;Okapy;-;https://www.mediaexpert.pl/agd-do-zabudowy/okapy-do-zabudowy/okap-electrolux-lfp536x-stal-szlachetna-600m3-h-68db-klasa-c;1119.00;1163.00;1163.00;ME1809-031026
2026-09-19 17:27:37;Media Expert;Okap ELECTROLUX LFP326AS Szampański 410m3/h 69dB klasa C;ELECTROLUX;Okapy;-;https://www.mediaexpert.pl/agd-do-zabudowy/okapy-do-zabudowy/okap-electrolux-lfp326as-szampanski-410m3-h-69db-klasa-c;699.00;829.00;779.99;ME1809-031026
2026-09-19 17:27:37;Media Expert;Okap BEKO CFB6310X Inox 125m3/h 62dB klasa D;BEKO;Okapy;-;https://www.mediaexpert.pl/agd-do-zabudowy/okapy-do-zabudowy/okap-beko-cfb-6310-x-inox-125m3-h-62db-klasa-d;279.00;349.00;279.98;ME1809-031026
2026-09-19 17:27:37;Media Expert;Okap AMICA OMP6554BG Czarny 462m3/h 63dB klasa C;AMICA;Okapy;-;https://www.mediaexpert.pl/agd-do-zabudowy/okapy-do-zabudowy/okap-amica-omp6554bg;674.00;799.00;799.00;ME1809-031026
2026-09-19 17:27:37;Media Expert;Okap FRANKE Box FBI 525 BK 305.0680.919 Czarny 300m3/h 67dB klasa D;FRANKE;Okapy;-;https://www.mediaexpert.pl/agd-do-zabudowy/okapy-do-zabudowy/okap-franke-box-fbi-525-bk-305-0680-919-czarny;499.00;519.00;519.00;ME1809-031026
2026-09-19 17:27:37;Media Expert;Okap GLOBALO Laizeno 60.2 Czarny;GLOBALO;Okapy;-;https://www.mediaexpert.pl/agd-do-zabudowy/okapy-do-zabudowy/okap-globalo-laizeno-60-2-czarny;844.00;998.00;998.00;ME1809-031026
2026-09-19 17:27:38;Media Expert;Okap ELICA ERA BL A 72 Szary 224m3/h 54dB klasa C Włącznik i wyłącznik oświetlenia;ELICA;Okapy;-;https://www.mediaexpert.pl/agd-do-zabudowy/okapy-do-zabudowy/okap-elica-era-bl-a-72-szary-224m3-h-54db-klasa-c-wlacznik-i-wylacznik-oswietlenia;439.00;499.00;499.00;ME1809-031026
2026-09-19 17:27:38;Media Expert;Okap AMICA OWC4241BO Czarny 648m3/h 69dB klasa B Włącznik i wyłącznik oświetlenia;AMICA;Okapy;-;https://www.mediaexpert.pl/agd-do-zabudowy/okapy-do-zabudowy/okap-amica-owc4241bo;1619.00;1749.00;1649.00;ME1809-031026
2026-09-19 17:27:38;Media Expert;Kuchenka mikrofalowa HISENSE BIM325G62BG2 900W średnica 31.5 cm pojemność 25L Czarny;HISENSE;Kuchenki mikrofalowe do zabudowy;-;https://www.mediaexpert.pl/agd-do-zabudowy/kuchnie-mikrofalowe-do-zabudowy/kuchnia-mikrofalowa-hisense-bim325g6bg2;1297.88;1599.99;1297.89;RW0109-3009
2026-09-19 17:27:38;Media Expert;Kuchenka mikrofalowa AMICA AMMB25E4SGB 900W średnica 31.5 cm pojemność 25L Czarny;AMICA;Kuchenki mikrofalowe do zabudowy;-;https://www.mediaexpert.pl/agd-do-zabudowy/kuchnie-mikrofalowe-do-zabudowy/kuchenka-mikrofalowa-amica-ammb25e4sgb-900w-srednica-31-5-cm-pojemnosc-25l-czarny;999.00;1249.00;1098.95;ME1109-031026
2026-09-19 17:27:39;Media Expert;Zamrażarka do zabudowy AMICA BZ138.4i(E) 100l Szybkie zamrażanie;AMICA;Zamrażarki do zabudowy;-;https://www.mediaexpert.pl/agd-do-zabudowy/lodowki-i-zamrazarki-do-zabudowy/zamrazarki-do-zabudowy/zamrazarka-amica-bz138-4i-e;1224.99;1299.00;1229.98;ME0909-300926
2026-09-19 17:27:39;Media Expert;Pralka do zabudowy HAIER Series 6 BHA6S69M6DB9J-S 9kg 1600obr Funkcje AI Sterowanie smartfonem;HAIER;Pralki do zabudowy;-;https://www.mediaexpert.pl/agd-do-zabudowy/pralki-i-suszarki-do-zabudowy/pralki-do-zabudowy/pralka-haier-series-6-bha6s69m6db9j-s-9kg-1600-obr;2514.99;2799.00;2519.98;ME0709-300926
2026-09-19 17:27:39;Media Expert;Robot sprzątający XIAOMI Robot Vacuum H50 Pro;XIAOMI;Roboty sprzątające;-;https://www.mediaexpert.pl/agd-male/sprzatanie/odkurzacze-automatyczne/robot-sprzatajacy-xiaomi-robot-vacuum-h50-pro;1498.91;1999.00;1498.92;AK1809-190926
2026-09-19 17:27:39;Media Expert;Mop elektryczny KARCHER Professional BR 30/1 C BP (Bezprzewodowy);KARCHER;Mopy elektryczne;-;https://www.mediaexpert.pl/agd-male/sprzatanie/mopy-elektryczne/mop-elektryczny-karcher-professional-br-30-1-c-bp-bezprzewodowy;2594.99;2799.00;2799.00;ME0709-300926
2026-09-19 17:27:40;Media Expert;Żelazko TEFAL Puregliss FV8062;TEFAL;Żelazka;-;https://www.mediaexpert.pl/agd-male/prasowanie-i-pielegnacja-ubran/zelazka/zelazko-tefal-puregliss-fv8062;269.00;349.99;349.99;ME1309-071026
2026-09-19 17:27:40;Media Expert;Generator pary BRAUN IS9090 BK CareStyle 9;BRAUN;Generatory pary;-;https://www.mediaexpert.pl/agd-male/prasowanie-i-pielegnacja-ubran/generatory-pary/generator-pary-braun-is9090-bk-carestyle-9;1814.98;1929.00;1814.99;ME1309-031026
2026-09-19 17:27:40;Media Expert;Oczyszczacz powietrza SHARP UA-KIN52E-W Plasmacluster Ion 25000 Biały Wi‑Fi;SHARP;Oczyszczacze powietrza;-;https://www.mediaexpert.pl/agd-male/do-domu/oczyszczacze-powietrza/oczyszczacz-powietrza-sharp-ua-kin52e-w-plasmacluster-ion-25000-bialy;2499.00;2999.99;2999.99;PNU0409-1510
2026-09-19 17:27:40;Media Expert;Osuszacz SENTIR Novecentos;SENTIR;Osuszacze powietrza;-;https://www.mediaexpert.pl/agd-male/do-domu/osuszacze-powietrza/osuszacz-sentir-novecentos;219.98;269.99;219.99;ME0809-300926
2026-09-19 17:27:40;Media Expert;Inteligentna żarówka LED PHILIPS HUE 929003021102 5.5W E14 (2 szt.);PHILIPS HUE;Żarówki;-;https://www.mediaexpert.pl/dom/zarowki/zrodla-swiatla/inteligentna-zarowka-led-philips-hue-929003021102-5-5w-e14-2-szt;129.00;145.00;145.00;ME1009-300926
2026-09-19 17:27:41;Media Expert;Czujnik tlenku węgla (czadu) ALECTO COA-4010;ALECTO;Czujniki;-;https://www.mediaexpert.pl/dom/inteligentny-dom/detektory/czujnik-tlenku-wegla-alecto-coa-4010;99.00;159.00;159.00;ME0409-300926
2026-09-19 17:27:41;Media Expert;Wideodomofon EURA VDP-45A3 Alpha;EURA;Domofony;-;https://www.mediaexpert.pl/dom/inteligentny-dom/zestawy-domofonowe/wideodomofon-eura-vdp-45a3-alpha-bialy;759.00;959.99;959.99;ME1009-300926
2026-09-19 17:27:41;Media Expert;Inteligentna żarówka LEPRO B1 AI Smart Bulb 8.5W E27 (4 szt.);LEPRO;Żarówki;-;https://www.mediaexpert.pl/dom/zarowki/zrodla-swiatla/inteligentna-zarowka-lepro-b1-ai-smart-bulb-8-5w-e27-4-szt;99.00;149.00;149.00;ME1009-300926
2026-09-19 17:27:41;Media Expert;Wideodomofon EURA VDP-30C5;EURA;Domofony;-;https://www.mediaexpert.pl/dom/inteligentny-dom/zestawy-domofonowe/wideodomofon-eura-vdp-30c5;1179.00;1462.00;1422.88;ME1009-300926
2026-09-19 17:27:42;Media Expert;Kamera STRONG SHC05IR0-W Wewnętrzna, Wi-Fi, Kamera obrotowa;STRONG;Kamery IP;-;https://www.mediaexpert.pl/komputery-i-tablety/urzadzenia-sieciowe/kamery-ip/kamera-strong-shc05ir0-w-wewnetrzna-wi-fi-kamera-obrotowa;139.99;169.99;169.99;ME1109-031026
2026-09-19 17:27:42;Media Expert;Mop płaski KARCHER TTS Clean Glass Pro 9.212-036.0;KARCHER;Mopy;-;https://www.mediaexpert.pl/dom/utrzymanie-czystosci/szczotki-mopy-scierki-wiadra/mop-plaski-karcher-tts-clean-glass-pro-9-212-036-0;179.99;209.99;209.99;ME0109-300926
2026-09-19 17:27:42;Media Expert;Ekspres DREAME Ecceluxe™ Slim FCM30 Szary;DREAME;Ekspresy ciśnieniowe;-;https://www.mediaexpert.pl/agd-male/ekspresy-i-kawa/ekspresy-cisnieniowe/ekspres-dreame-ecceluxetm-slim-fcm30-szary;1549.00;1599.00;1553.01;ME0509-300926
2026-09-19 17:27:42;Media Expert;Ekspres WMF Perfection 860L;WMF;Ekspresy ciśnieniowe;-;https://www.mediaexpert.pl/agd-male/ekspresy-i-kawa/ekspresy-cisnieniowe/ekspres-wmf-perfection-860l;7799.00;7799.00;0.00;
2026-09-19 17:27:43;Media Expert;Ekspres SMEG ECF03RDEU Czerwony (Cold Brew);SMEG;Ekspresy ciśnieniowe;-;https://www.mediaexpert.pl/agd-male/ekspresy-i-kawa/ekspresy-cisnieniowe/ekspres-smeg-ecf03rdeu-cold-brew;1799.00;1998.00;1898.99;ME0709-300926
2026-09-19 17:27:43;Media Expert;Ekspres SMEG DCF02RDEU;SMEG;Ekspresy przelewowe;-;https://www.mediaexpert.pl/agd-male/ekspresy-i-kawa/ekspresy-przelewowe/dcf02rdeu;589.99;619.00;619.00;ME0809-300926
2026-09-19 17:27:43;Media Expert;Robot wielofunkcyjny PHILIPIAK COOKOVER C-01 (WiFi) z wbudowaną wagą i funkcją gotowania, dostępem do ponad 2400 darmowych przepisów;PHILIPIAK;Roboty kuchenne;-;https://www.mediaexpert.pl/agd-male/do-kuchni/roboty-kuchenne/robot-wielofunkcyjny-philipiak-c-01-1500w-z-wbudowana-waga-i-funkcja-gotowania-czarny;4198.00;5999.99;4199.00;PNU1809-2409
2026-09-19 17:27:43;Media Expert;Air Fryer Frytkownica beztłuszczowa HISENSE HAF2100DCD 7.7l z 10 automatycznymi programami i okienkiem do obserwacji postępów gotowania;HISENSE;Frytkownice;-;https://www.mediaexpert.pl/agd-male/do-kuchni/frytownice/air-fryer-frytkownica-beztluszczowa-hisense-haf2100dcd-7-7l-z-10-automatycznymi-programami-i-okienkiem-do-obserwacji-pos;269.99;349.99;299.99;WRZESIEN1809
2026-09-19 17:27:44;Media Expert;Lodówka turystyczna kompresorowa YOLCO ET18 Zielony;YOLCO;Lodówki turystyczne;-;https://www.mediaexpert.pl/agd/lodowki-i-zamrazarki/lodowki-turystyczne/lodowka-kompresorowa-yolco-et18-zielony;1299.00;1349.00;1319.00;ME0109-300926
2026-09-19 17:27:44;Media Expert;Kosiarka akumulatorowa STIHL RMA 239 C 63200111495 37 cm, 4 Ah, 36 V, kosz 40L, 1 akumulator 4 Ah;STIHL;Kosiarki akumulatorowe;-;https://www.mediaexpert.pl/dom-i-ogrod/kosiarki-i-podkaszarki/kosiarki-akumulatorowe/kosiarka-akumulatorowa-stihl-rma-239-c-63200111495;1979.99;1999.99;1999.99;WYPRZEDAZ-OGROD26
2026-09-19 17:27:44;Media Expert;Robot koszący BOSCH Visimow 18V-200 06008E1101 bez akumulatora i ładowarki, bez przewodu ograniczającego 200m2;BOSCH_elektronarzedzia;Roboty koszące;-;https://www.mediaexpert.pl/dom-i-ogrod/kosiarki-i-podkaszarki/roboty-koszace/robot-koszacy-bosch-visimow-18v-200-06008e1101-bez-akumulatora-i-ladowarki;1999.00;2119.99;2119.00;ME1109-300926
2026-09-19 17:27:44;Media Expert;Myjka ciśnieniowa KARCHER K4 1.679-500.0;KARCHER;Myjki ciśnieniowe;-;https://www.mediaexpert.pl/dom-i-ogrod/myjki-wysokocisnieniowe_i_akcesoria/myjki-wysokocisnieniowe/myjka-cisnieniowa-karcher-k4-1-679-500-0;719.98;799.00;719.99;ME0809-300926
2026-09-19 17:27:44;Media Expert;Myjka ciśnieniowa NILFISK E 145.4-9 PAD X-TRA EU;NILFISK;Myjki ciśnieniowe;-;https://www.mediaexpert.pl/dom-i-ogrod/myjki-wysokocisnieniowe_i_akcesoria/myjki-wysokocisnieniowe/myjka-wysokocisnieniowa-nilfisk-e-145-4-9-pad-x-tra-eu-128471191;1259.99;1823.84;1823.84;R3108-300926
2026-09-19 17:27:45;Media Expert;Szpadel ostry FISKARS Solid F1066716;FISKARS;Łopaty i szpadle;-;https://www.mediaexpert.pl/dom-i-ogrod/narzedzia-ogrodnicze/lopaty-i-szpadle/szpadel-fiskars-solid-f1066716;69.98;79.99;79.99;ME1709-290926
2026-09-19 17:27:45;Media Expert;Łopatka ogrodowa BOSCH 06008b5800 szerokość 8 cm;BOSCH;Łopatki ogrodowe;-;https://www.mediaexpert.pl/dom-i-ogrod/narzedzia-ogrodnicze/lopatki-ogrodowe/lopatka-ogrodowa-bosch-06008b5800-szerokosc-8-cm;39.99;45.00;44.99;ME1109-300926
2026-09-19 17:27:45;Media Expert;"Wąż ogrodowy NEO Economic 1/2"" 30 m 15-801";NEO;Węże ogrodowe;-;https://www.mediaexpert.pl/dom-i-ogrod/nawadnianie/weze-ogrodowe/waz-1-2-x-30-m-4-warstwowy-neo-economic;59.00;69.99;69.99;ME0409-300926
2026-09-19 17:27:45;Media Expert;Młot udarowo-obrotowy BOSCH Professional GBH 180-Li 0611911120;BOSCH_elektronarzedzia;Młoty udarowo-obrotowe;-;https://www.mediaexpert.pl/dom-i-ogrod/elektronarzedzia/mloty-udarowo-obrotowe/mlot-udarowo-obrotowy-bosch-gbh-180-li-0611911120;709.00;879.99;710.99;ME1109-300926
2026-09-19 17:27:46;Media Expert;Lutownica NEO TOOLS 19-152 200W;NEO TOOLS;Lutownice;-;https://www.mediaexpert.pl/dom-i-ogrod/elektronarzedzia/lutownice/lutownica-neo-tools-19-152;139.00;149.99;143.46;ME0409-300926
2026-09-19 17:27:46;Media Expert;Wiertarko-wkrętarka BOSCH Professional GSR 18V-90 FC 06019K6200 zestaw akumulatorów;BOSCH_elektronarzedzia;Wiertarko - wkrętarki;-;https://www.mediaexpert.pl/dom-i-ogrod/elektronarzedzia/wiertarko-wkretarki/wiertarko-wkretarka-bosch-gsr-18v-90-fc-professional-06019k6200;3299.00;3719.99;3460.00;ME1109-300926
2026-09-19 17:27:46;Media Expert;Pilarka tarczowa BOSCH GKS 18V-51 06019M3122;BOSCH_elektronarzedzia;Pilarki tarczowe;-;https://www.mediaexpert.pl/dom-i-ogrod/elektronarzedzia/pilarki-tarczowe/pilarka-tarczowa-bosch-gks-18v-51-06019m3122;1099.00;1249.00;1164.17;ME1109-300926
2026-09-19 17:27:46;Media Expert;Pilarka tarczowa BOSCH GKS 55+GCE Professional;BOSCH_elektonarzedzia;Pilarki tarczowe;-;https://www.mediaexpert.pl/dom-i-ogrod/elektronarzedzia/pilarki-tarczowe/pilarka-tarczowa-bosch-gks-55-gce-professional;999.00;1098.04;1091.25;ME1109-300926
2026-09-19 17:27:47;Media Expert;Młot udarowo-obrotowy BOSCH GBH 18V-28 C;BOSCH_elektronarzedzia;Młoty udarowo-obrotowe;-;https://www.mediaexpert.pl/dom-i-ogrod/elektronarzedzia/mloty-udarowo-obrotowe/mlot-udarowo-obrotowy-bosch-gbh-18v-28-c;1369.00;1523.65;1370.13;ME1109-300926
2026-09-19 17:27:47;Media Expert;Frezarka BOSCH Professional GFF 18V-22 0601620101;BOSCH_elektronarzedzia;Frezarki górnowrzecionowe;-;https://www.mediaexpert.pl/dom-i-ogrod/elektronarzedzia/frezarki-gornowrzecionowe/frezarka-bosch-professional-gff-18v-22-0601620101;1421.99;1659.00;1422.00;ME1109-300926
2026-09-19 17:27:47;Media Expert;Opalarka BOSCH Professional GHG 20-60 06012A6400;BOSCH_elektronarzedzia;Opalarki;-;https://www.mediaexpert.pl/dom-i-ogrod/elektronarzedzia/opalarki/opalarka-bosch-professional-ghg-20-60-06012a6400;578.00;719.00;579.00;ME1109-300926
2026-09-19 17:27:47;Media Expert;Wiertarko-wkrętarka BOSCH Professional GSR 18V-90 FC 06019K6205;BOSCH_elektronarzedzia;Wiertarko - wkrętarki;-;https://www.mediaexpert.pl/dom-i-ogrod/elektronarzedzia/wiertarko-wkretarki/wiertarko-wkretarka-bosch-professional-gsr-18v-90-fc-06019k6205;2999.00;3329.99;3097.00;ME1109-300926
2026-09-19 17:27:47;Media Expert;Wiertnica diamentowa BOSCH Professional GDB 180 WE 0601189800 do betonu 2000W 180mm;BOSCH_elektonarzedzia;Wiertnice;-;https://www.mediaexpert.pl/dom-i-ogrod/elektronarzedzia/wiertnice/gdb-180-we;5090.00;5660.53;5660.53;ME1109-300926
2026-09-19 17:27:48;Media Expert;Zakrętarka udarowa BOSCH Professional GDS 18V-330 HC 06019L5000;BOSCH_elektronarzedzia;Zakrętarki;-;https://www.mediaexpert.pl/dom-i-ogrod/elektronarzedzia/zakretarki/zakretarka-udarowa-bosch-professional-gds-18v-330-hc-06019l5000;814.68;840.00;814.69;ME1109-300926
2026-09-19 17:27:48;Media Expert;Młot udarowo-obrotowy BOSCH Professional GBH 3000 061124A006;BOSCH_elektronarzedzia;Młoty udarowo-obrotowe;-;https://www.mediaexpert.pl/dom-i-ogrod/elektronarzedzia/mloty-udarowo-obrotowe/mlot-udarowo-obrotowy-bosch-gbh-3000;1240.78;1388.37;1255.00;ME1109-300926
2026-09-19 17:27:48;Media Expert;Szlifierka mimośrodowa BOSCH GEX 34-125 0601372300;BOSCH_elektronarzedzia;Szlifierki mimośrodowe;-;https://www.mediaexpert.pl/dom-i-ogrod/elektronarzedzia/szlifierki-mimosrodowe/szlifierka-mimosrodowa-bosch-gex-34-125;939.00;999.00;974.36;ME1109-300926
2026-09-19 17:27:48;Media Expert;Szlifierka oscylacyjna BOSCH GSS 12V-13 06019L0000;BOSCH_elektronarzedzia;Szlifierki oscylacyjne;-;https://www.mediaexpert.pl/dom-i-ogrod/elektronarzedzia/szlifierki-oscylacyjne/szlifierka-oscylacyjna-bosch-gss-12v-13-06019l0000;569.00;669.00;574.00;ME1109-300926
2026-09-19 17:27:49;Media Expert;Młot wyburzeniowy BOSCH GSH 5CE 0611321000;BOSCH_elektonarzedzia;Młoty udarowo-obrotowe;-;https://www.mediaexpert.pl/dom-i-ogrod/elektronarzedzia/mloty-udarowo-obrotowe/mlot-udarowy-bosch-gsh-5ce;2004.99;2701.00;2005.00;ME1109-300926
2026-09-19 17:27:49;Media Expert;Wyrzynarka akumulatorowa BOSCH GST 185-Li;BOSCH;Wyrzynarki;-;https://www.mediaexpert.pl/dom-i-ogrod/elektronarzedzia/wyrzynarki/wyrzynarka-akumulatorowa-bosch-gst-185-li;647.99;779.00;648.00;ME1109-300926
2026-09-19 17:27:49;Media Expert;Szyna prowadząca BOSCH FSN 300 X Professional;BOSCH;Szyny prowadzące;-;https://www.mediaexpert.pl/dom-i-ogrod/elektronarzedzia/szyny-prowadzace/szyna-prowadzaca-bosch-fsn-300-x-professional;625.00;673.52;626.00;ME1109-300926
2026-09-19 17:27:49;Media Expert;Wiertło BOSCH 2608833825;BOSCH_elektronarzedzia;Wiertła;-;https://www.mediaexpert.pl/dom-i-ogrod/elektronarzedzia/wiertla/wiertlo-bosch-2608833825;314.99;449.99;315.00;ME1109-300926
2026-09-19 17:27:50;Media Expert;Zestaw frezów BOSCH Promoline (6 sztuk);BOSCH_elektonarzedzia;Frezy;-;https://www.mediaexpert.pl/dom-i-ogrod/narzedzia-reczne/frezy/zestaw-frezow-bosch-promoline-6-elementow-2;159.99;175.00;163.00;ME1109-300926
2026-09-19 17:27:50;Media Expert;Wkład BOSCH Professional 1600A002WP;BOSCH_elektonarzedzia;Przechowywanie narzędzi;-;https://www.mediaexpert.pl/dom-i-ogrod/narzedzia-reczne/przechowywanie-narzedzi/wklad-bosch-professional-1600a002wp;39.99;51.00;42.99;ME1109-300926
2026-09-19 17:27:50;Media Expert;Wycior do rur BOSCH F016800442 16 m;BOSCH_elektronarzedzia;Akcesoria do myjek ciśnieniowych;-;https://www.mediaexpert.pl/dom-i-ogrod/myjki-wysokocisnieniowe_i_akcesoria/akcesoria-do-myjek-wysokocisnieniowych/wycior-do-rur-bosch-f016800442-16-m;379.00;403.42;400.14;ME1109-300926
2026-09-19 17:27:50;Media Expert;Laser liniowy BOSCH PLL 360-1G;BOSCH;Poziomice i lasery;-;https://www.mediaexpert.pl/dom-i-ogrod/narzedzia-pomiarowe/poziomice-i-lasery/laser-liniowy-bosch-pll-360-1g;524.38;612.74;524.39;ME1109-300926
2026-09-19 17:27:50;Media Expert;Wkład do walizki BOSCH 1600A003R9;BOSCH_elektonarzedzia;Pozostałe akcesoria;-;https://www.mediaexpert.pl/dom-i-ogrod/elektronarzedzia/akcesoria-do-elektronarzedzia/wklad-do-walizki-bosch-l-boxx-102-gas-35-gas-55-1600a003r9;34.98;44.00;34.99;ME1109-300926
2026-09-19 17:27:51;Media Expert;Zestaw szczypiec BOSCH 1600A02NG0 (3 szt.);BOSCH;Szczypce;-;https://www.mediaexpert.pl/dom-i-ogrod/narzedzia-reczne/szczypce/zestaw-szczypiec-bosch-1600a02ng0-3-szt;232.20;244.43;244.43;ME1109-300926
2026-09-19 17:27:51;Media Expert;Zestaw wkrętaków BOSCH Professional 1600A016BF (6 szt.);BOSCH;Wkrętaki;-;https://www.mediaexpert.pl/dom-i-ogrod/narzedzia-reczne/wkretaki/zestaw-wkretakow-bosch-professional-1600a016bf-6-szt;132.99;206.00;205.00;ME1109-300926
2026-09-19 17:27:51;Media Expert;Pistolet natryskowy EINHELL TC-SY 600 S 4260015 800 ml;EINHELL;Pistolety do malowania;-;https://www.mediaexpert.pl/dom-i-ogrod/narzedzia-malarskie/pistolety-do-malowania/pistolet-natryskowy-einhell-tc-sy-600-s-4260015;269.00;309.99;309.99;R0809-300926
2026-09-19 17:27:51;Media Expert;Podgrzewana kurtka BOSCH GHJ 06188000DZ (rozmiar L) Czarny;BOSCH;Odzież podgrzewana;-;https://www.mediaexpert.pl/sport-i-rekreacja/sporty-zimowe/odziez-podgrzewana/podgrzewana-kurtka-bosch-ghj-06188000dz-rozmiar-l-czarny;790.00;959.00;791.00;ME1109-300926
2026-09-19 17:27:52;Media Expert;Stół warsztatowy BOSCH Professional GTA 6000;BOSCH_elektonarzedzia;Stoły warsztatowe;-;https://www.mediaexpert.pl/dom-i-ogrod/wyposazenie-warsztatu/stoly-warsztatowe/stol-roboczy-bosch-gta-6000-professional;559.00;627.00;627.00;ME1109-300926
2026-09-19 17:27:52;Media Expert;Adapter podróżny SKROSS 1.302961 (Globalny);SKROSS;Adaptery podróżne;-;https://www.mediaexpert.pl/dom/inteligentny-dom/adaptery-podrozne/adapter-podrozny-skross-1-302961-globalny;164.99;195.99;169.98;ME0709-300926
2026-09-19 17:27:52;Media Expert;Rower miejski INDIANA X3 29 cali damski Złoty;INDIANA;Rowery miejskie;-;https://www.mediaexpert.pl/rowery/rowery-miejskie/rower-miejski-indiana-x3-29-cali-damski-zloty;1699.99;2999.99;2999.99;WYPRZEDAZ-ROWERY
2026-09-19 17:27:52;Media Expert;Rower miejski INDIANA Moena S7B 28 cali damski Miętowy 2025;INDIANA;Rowery miejskie;-;https://www.mediaexpert.pl/rowery/rowery-miejskie/rower-miejski-indiana-moena-s7b-28-cali-damski-mietowy;899.99;1099.99;999.99;ME2808-300926
2026-09-19 17:27:53;Media Expert;Rower miejski INDIANA Moena S3B 26 cali damski Lazurowy 2025;INDIANA;Rowery miejskie;-;https://www.mediaexpert.pl/rowery/rowery-miejskie/rower-indiana-moena-s3b-lazur-d2326;899.99;1049.99;999.99;ME2808-300926
2026-09-19 17:27:53;Media Expert;Rower miejski INDIANA Moena S7B 28 cali damski Biało-lazurowy 2026;INDIANA;Rowery miejskie;-;https://www.mediaexpert.pl/rowery/rowery-miejskie/rower-miejski-indiana-moena-s7b-28-cali-damski-bialo-lazurowy;899.99;1099.99;999.99;ME2808-300926
2026-09-19 17:27:53;Media Expert;Rower miejski DAWSTAR Citybike S7B 28 cali damski Biały 2024;DAWSTAR;Rowery miejskie;-;https://www.mediaexpert.pl/rowery/rowery-miejskie/rower-miejski-dawstar-citybike-s7b-28-cali-damski-bialy-1;399.99;899.99;599.00;ME2808-300926
2026-09-19 17:27:53;Media Expert;Rower górski MTB INDIANA X-Pulser 1.6 M17 26 cali męski Czarno-czerwony;INDIANA;Rowery MTB górskie;-;https://www.mediaexpert.pl/rowery/rowery-mtb/rower-gorski-mtb-indiana-x-pulser-1-6-m17-26-cali-meski-czarno-czerwony-4;999.98;1299.99;999.99;ME2808-300926
2026-09-19 17:27:54;Media Expert;Rower górski MTB INDIANA X-Pulser 2.6 M15 26 cali męski Czarno-zielony;INDIANA;Rowery MTB górskie;-;https://www.mediaexpert.pl/rowery/rowery-mtb/rower-gorski-mtb-indiana-x-pulser-2-6-m15-26-cali-meski-czarno-zielony-3;1399.99;1599.99;1599.99;ME2808-300926
2026-09-19 17:27:54;Media Expert;Rower górski MTB INDIANA X-Pulser 2.7 M17 27.5 cala męski Czarno-żółty;INDIANA;Rowery MTB górskie;-;https://www.mediaexpert.pl/rowery/rowery-mtb/rower-gorski-mtb-indiana-x-pulser-2-7-m17-27-5-cala-meski-czarno-zolty-3;1199.99;1599.99;1399.99;ME2808-300926
2026-09-19 17:27:54;Media Expert;Rower górski MTB INDIANA X-Pulser 3.7 M21 27.5 cala męski Czarno-grafitowo-zielony;INDIANA;Rowery MTB górskie;-;https://www.mediaexpert.pl/rowery/rowery-mtb/rower-gorski-mtb-indiana-x-pulser-3-7-m21-27-5-cala-meski-czarno-grafitowo-zielony;1099.99;1699.99;1649.97;ME2808-300926
2026-09-19 17:27:54;Media Expert;Rower górski MTB INDIANA X-Pulser 2.6 D17 26 cali damski Czarno-fioletowy;INDIANA;Rowery MTB górskie;-;https://www.mediaexpert.pl/rowery/rowery-mtb/rower-gorski-mtb-indiana-x-pulser-2-6-d17-26-cali-damski-czarno-fioletowy;1399.99;1699.99;1699.99;ME2808-300926
2026-09-19 17:27:54;Media Expert;Rower górski MTB INDIANA X-Pulser 5.9 M19 29 cali Czarno-grafitowy;INDIANA;Rowery MTB górskie;-;https://www.mediaexpert.pl/rowery/rowery-mtb/rower-gorski-mtb-indiana-x-pulser-5-9-m19-29-cali-czarno-grafitowy;2199.99;3699.99;3699.99;ME2808-300926
2026-09-19 17:27:55;Media Expert;Rower górski MTB ROMET Rambler R7.4 U20 27.5 cala Biało-złoty;ROMET;Rowery MTB górskie;-;https://www.mediaexpert.pl/rowery/rowery-mtb/rower-gorski-mtb-romet-rambler-r7-4-u20-27-5-cala-bialo-zloty;1899.99;1999.99;1999.99;ME2808-300926
2026-09-19 17:27:55;Media Expert;Rower górski MTB INDIANA X-Pulser 1.9 M17 29 cali męski Czarno-niebieski;INDIANA;Rowery MTB górskie;-;https://www.mediaexpert.pl/rowery/rowery-mtb/rower-gorski-mtb-indiana-x-pulser-1-9-m17-29-cali-meski-czarno-niebieski-5;1299.99;1699.99;1499.99;ME2808-300926
2026-09-19 17:27:55;Media Expert;Rower górski MTB INDIANA X-Pulser 3.7 M17 27.5 cala męski Niebiesko-czarny;INDIANA;Rowery MTB górskie;-;https://www.mediaexpert.pl/rowery/rowery-mtb/rower-gorski-mtb-indiana-x-pulser-3-7-m17-27-5-cala-meski-niebiesko-czarny;1349.98;1899.99;1349.99;ME0809-300926
2026-09-19 17:27:55;Media Expert;Rower górski MTB INDIANA X-Pulser 2.9 M23 29 cali męski Srebrno-grafitowy;INDIANA;Rowery MTB górskie;-;https://www.mediaexpert.pl/rowery/rowery-mtb/rower-gorski-mtb-indiana-x-pulser-2-9-m23-29-cali-meski-srebrno-grafitowy;1499.98;2199.99;1499.99;ME2808-300926
2026-09-19 17:27:56;Media Expert;Rower górski MTB INDIANA X-Pulser 3.7 D19 27.5 cala damski Fioletowy;INDIANA;Rowery MTB górskie;-;https://www.mediaexpert.pl/rowery/rowery-mtb/rower-gorski-mtb-indiana-x-pulser-3-7-d19-27-5-cala-damski-fioletowy;1999.99;2399.99;2232.00;ME2808-300926
2026-09-19 17:27:56;Media Expert;Rower górski MTB ROMET Rambler R7.1 E U19 27.5 cala Granatowy;ROMET;Rowery MTB górskie;-;https://www.mediaexpert.pl/rowery/rowery-mtb/rower-gorski-mtb-romet-rambler-r7-1-e-u19-27-5-cala-granatowy;1399.99;2399.99;2399.99;ME2808-300926
2026-09-19 17:27:56;Media Expert;Rower górski MTB ROMET Rambler R7.3 U18 27.5 cala Czarno-złoty;ROMET;Rowery MTB górskie;-;https://www.mediaexpert.pl/rowery/rowery-mtb/rower-gorski-mtb-romet-rambler-r7-3-u18-27-5-cala-czarno-zloty;1799.99;3299.99;3299.99;ME2808-300926
2026-09-19 17:27:56;Media Expert;Rower górski MTB INDIANA X-Pulser 2.7 M21 27.5 cala męski Czarno-żółty;INDIANA;Rowery MTB górskie;-;https://www.mediaexpert.pl/rowery/rowery-mtb/rower-gorski-mtb-indiana-x-pulser-2-7-m21-27-5-cala-meski-czarno-zolty-4;1299.99;1899.99;1499.99;ME2808-300926
2026-09-19 17:27:57;Media Expert;Rower górski MTB INDIANA X-Pulser 2.6 D15 26 cali damski Miętowo-biały;INDIANA;Rowery MTB górskie;-;https://www.mediaexpert.pl/rowery/rowery-mtb/rower-gorski-mtb-indiana-x-pulser-2-6-d15-26-cali-damski-mietowo-bialy-3;1399.99;1899.99;1899.99;ME2808-300926
2026-09-19 17:27:57;Media Expert;Rower górski MTB ROMET Monsun 2.0 29211345-A U21 29 cali Turkusowy;ROMET;Rowery MTB górskie;-;https://www.mediaexpert.pl/rowery/rowery-mtb/rower-gorski-mtb-romet-monsun-2-0-29211345-a-u21-29-cali-turkusowy;3999.99;5999.99;5999.99;ME2808-300926
2026-09-19 17:27:57;Media Expert;Rower górski MTB ROMET Monsun 2.1 29172264-B U17 29 cali Czarny;ROMET;Rowery MTB górskie;-;https://www.mediaexpert.pl/rowery/rowery-mtb/rower-gorski-mtb-romet-monsun-2-1-29172264-b-u17-29-cali-czarny;4799.99;6999.99;6999.99;ME2808-300926
2026-09-19 17:27:57;Media Expert;Rower górski MTB ROMET Monsun 2.0 29191344-B U19 29 cali Turkusowy;ROMET;Rowery MTB górskie;-;https://www.mediaexpert.pl/rowery/rowery-mtb/rower-gorski-mtb-romet-monsun-2-0-29191344-b-u19-29-cali-turkusowy;3999.99;5999.99;5999.99;ME2808-300926
2026-09-19 17:27:57;Media Expert;Rower górski MTB ROMET Mustang 4.1 U20 29 cali Grafitowy;ROMET;Rowery MTB górskie;-;https://www.mediaexpert.pl/rowery/rowery-mtb/rower-gorski-mtb-romet-mustang-4-1-u20-29-cali-grafitowy;3999.99;5299.99;5299.99;ME2808-300926
2026-09-19 17:27:58;Media Expert;Rower górski MTB TORPADO Storm X9 M23 29 cali Męski Czarno-niebieski;TORPADO;Rowery MTB górskie;-;https://www.mediaexpert.pl/rowery/rowery-mtb/rower-gorski-mtb-torpado-storm-x9-m23-29-cali-meski-czarno-niebieski;3498.99;4699.99;3499.00;ME2808-300926
2026-09-19 17:27:58;Media Expert;Rower górski MTB INDIANA X-Pulser 5.9 M17 29 cali męski Grafitowy;INDIANA;Rowery MTB górskie;-;https://www.mediaexpert.pl/rowery/rowery-mtb/rower-gorski-mtb-indiana-x-pulser-5-9-m17-29-cali-meski-grafitowy;2799.99;3699.99;3699.99;ME1009-300926
2026-09-19 17:27:58;Media Expert;Rower elektryczny TORPADO Venere D18 28 cali Biały;TORPADO;Rowery elektryczne;-;https://www.mediaexpert.pl/rowery/rower-elektryczne/rowery-elektryczne/rower-elektryczny-torpado-venere-d18-28-cali-damski-bialy;4249.00;5499.99;4499.99;ME2808-300926
2026-09-19 17:27:58;Media Expert;Rower elektryczny ROMET PROECO FS U17 29 cali Niebieski;PROECO;Rowery elektryczne;-;https://www.mediaexpert.pl/rowery/rower-elektryczne/rowery-elektryczne/rower-elektryczny-proeco-fs-u17-29-cali-niebieski;5499.99;6999.00;5999.99;ME2808-300926
2026-09-19 17:27:59;Media Expert;Rower elektryczny ROMET E-Modeco SUV 1.0 AN U19 28 cali Szary;ROMET;Rowery elektryczne;-;https://www.mediaexpert.pl/rowery/rower-elektryczne/rowery-elektryczne/rower-elektryczny-romet-e-modeco-suv-1-0-an-u19-28-cali-szary;5998.00;8999.99;5999.99;ME2808-300926
2026-09-19 17:27:59;Media Expert;Rower elektryczny ROMET E-Modeco SUV 1.0 AN C U17 28 cali Limonkowy;ROMET;Rowery elektryczne;-;https://www.mediaexpert.pl/rowery/rower-elektryczne/rowery-elektryczne/rower-elektryczny-romet-e-modeco-suv-1-0-an-c-u17-28-cali-limonkowy;5999.99;9999.99;6899.98;ME2808-300926
2026-09-19 17:27:59;Media Expert;Rower elektryczny ARGENTO Piuma-S 210003 U16 20 cali Biały;ARGENTO;Rowery elektryczne;-;https://www.mediaexpert.pl/rowery/rower-elektryczne/rowery-elektryczne/rower-elektryczny-argento-piuma-s-210003-u16-20-cali-bialy;3299.99;3699.99;3699.99;ME2808-300926
2026-09-19 17:27:59;Media Expert;Rower elektryczny FISCHER Viator 5.0I U22 28 cali Szary;FISCHER;Rowery elektryczne;-;https://www.mediaexpert.pl/rowery/rower-elektryczne/rowery-elektryczne/rower-elektryczny-trekking-fischer-viator-5-0i-m55-szary;5999.99;9399.99;6999.99;ME2808-300926
2026-09-19 17:28:00;Media Expert;Rower elektryczny ROMET PROECO Easy Mid Step 2819OEM190-A U19 28 cali Biały;PROECO;Rowery elektryczne;-;https://www.mediaexpert.pl/rowery/rower-elektryczne/rowery-elektryczne/rower-elektryczny-romet-proeco-easy-mid-step-2819oem190-a-u19-28-cali-bialy;3999.99;4999.99;4999.99;ME2808-300926
2026-09-19 17:28:00;Media Expert;Rower elektryczny FISCHER Terra 8.0I U18 29 cala Czarny;FISCHER;Rowery elektryczne;-;https://www.mediaexpert.pl/rowery/rower-elektryczne/rowery-elektryczne/rower-elektryczny-fischer-terra-8-0i-d18-29-cala-damski-czarny;7999.99;14049.99;14049.99;ME0809-300926
2026-09-19 17:28:00;Media Expert;Rower dziecięcy INDIANA Rock Kid 16 cali Czarny Wzrost: 100-120 cm Wiek: 4-6 lat;INDIANA;Rowery dla dzieci;-;https://www.mediaexpert.pl/rowery/rowery-dzieciece/rowery-dzieciece/rower-dzieciecy-indiana-rock-kid-16-cali-dla-chlopca-czarno-czerwony;499.98;549.99;499.99;ME2808-300926
2026-09-19 17:28:00;Media Expert;Rower dziecięcy INDIANA Pretty 16 cali Różowy Wzrost: 100-120 cm Wiek: 4-5 lat;INDIANA;Rowery dla dzieci;-;https://www.mediaexpert.pl/rowery/rowery-dzieciece/rowery-dzieciece/rower-dzieciecy-indiana-pretty-16-cali-dla-dziewczynki-rozowy;589.99;699.99;699.99;ME2808-300926
2026-09-19 17:28:00;Media Expert;Rower dziecięcy SUN BABY Heart Bike 14 cali Różowy 2023 Wzrost: 95-110 cm Wiek: 4-5 lat;SUN BABY;Rowery dla dzieci;-;https://www.mediaexpert.pl/rowery/rowery-dzieciece/rowery-dzieciece/rower-dzieciecy-sun-baby-heart-bike-14-cali-dla-dziewczynki-rozowy-1;589.99;699.99;699.99;ME2808-300926
2026-09-19 17:28:01;Media Expert;Rower dziecięcy SUN BABY Heart Bike 14 cali Błękitny Wzrost: 95-110 cm Wiek: 3-5 lat;SUN BABY;Rowery dla dzieci;-;https://www.mediaexpert.pl/rowery/rowery-dzieciece/rowery-dzieciece/rower-dzieciecy-sun-baby-heart-bike-14-cali-dla-dziewczynki-blekitny;549.99;699.99;589.99;ME2808-300926
2026-09-19 17:28:01;Media Expert;Rower dziecięcy SUN BABY Verdant Rowan 16 cali Zielony Wzrost: 100-120 cm Wiek: 4-6 lat;SUN BABY;Rowery dla dzieci;-;https://www.mediaexpert.pl/rowery/rowery-dzieciece/rowery-dzieciece/rower-dzieciecy-sun-baby-verdant-16-cali-dla-chlopca-zielony;549.99;699.99;599.98;ME2808-300926
2026-09-19 17:28:01;Media Expert;Rower dziecięcy SUN BABY Verdant Rowan 16 cali Cappuccino Wzrost: 100-120 cm Wiek: 4-6 lat;SUN BABY;Rowery dla dzieci;-;https://www.mediaexpert.pl/rowery/rowery-dzieciece/rowery-dzieciece/rower-dzieciecy-sun-baby-verdant-rowan-16-cali-dla-chlopca-cappuccino;599.99;699.99;699.99;ME2808-300926
2026-09-19 17:28:01;Media Expert;Rower dziecięcy KARBON Star 14 cali Biało-różowy Wzrost: 95-110 cm Wiek: 3-5 lat;KARBON;Rowery dla dzieci;-;https://www.mediaexpert.pl/rowery/rowery-dzieciece/rowery-dzieciece/rower-dzieciecy-karbon-star-14-cali-dla-dziewczynki-bialy;499.99;599.99;599.99;ME0809-300926
2026-09-19 17:28:02;Media Expert;Rowerek biegowy QPLAY Sweetie Pomarańczowy;QPLAY;Rowerki biegowe;-;https://www.mediaexpert.pl/rowery/rowery-dzieciece/rowerki-biegowe/rowerek-biegowy-qplay-sweetie-pomaranczowy;89.99;99.99;99.99;ME0209-300926
2026-09-19 17:28:02;Media Expert;Rower dziecięcy TOIMSA My Little Pony 14 cali Błękitny Wzrost: 95-110 cm Wiek: 4-6 lat;TOIMSA;Rowery dla dzieci;-;https://www.mediaexpert.pl/rowery/rowery-dzieciece/rowery-dzieciece/rower-dzieciecy-toimsa-my-little-pony-14-cali-dla-dziewczynki;529.99;549.99;549.99;ME2808-300926
2026-09-19 17:28:02;Media Expert;Rower dziecięcy KARBON Jazz 18 cali Miętowy Wzrost: 115-130 cm Wiek: 4-6 lat;KARBON;Rowery dla dzieci;-;https://www.mediaexpert.pl/rowery/rowery-dzieciece/rowery-dzieciece/rower-dzieciecy-karbon-jazz-18-cali-dla-dziewczynki-mietowy;768.99;999.99;769.00;ME2808-300926
2026-09-19 17:28:02;Media Expert;Rower dziecięcy KARBON Superlight 16 cali Fioletowy Wzrost: 100-120 cm Wiek: 4-6 lat;KARBON;Rowery dla dzieci;-;https://www.mediaexpert.pl/rowery/rowery-dzieciece/rowery-dzieciece/rower-dzieciecy-karbon-superlight-16-cali-dla-chlopca-fioletowy;1249.99;1299.99;1299.99;ME2808-300926
2026-09-19 17:28:03;Media Expert;Rower dziecięcy SUN BABY Tiger Bike 12 cali Czarno-żołto-szary Wzrost: 85-100 cm Wiek: 2-3 lata;SUN BABY;Rowery dla dzieci;-;https://www.mediaexpert.pl/rowery/rowery-dzieciece/rowery-dzieciece/rower-dzieciecy-sun-baby-tiger-bike-12-cali-dla-chlopca-czarno-zolto-szary;549.99;599.99;599.99;ME2808-300926
2026-09-19 17:28:03;Media Expert;Rower dziecięcy KARBON Jazz 14 cali Różowy Wzrost: 95-110 cm Wiek: 3-5 lat;KARBON;Rowery dla dzieci;-;https://www.mediaexpert.pl/rowery/rowery-dzieciece/rowery-dzieciece/rower-dzieciecy-karbon-jazz-14-rozowy;728.99;949.99;729.00;ME2808-300926
2026-09-19 17:28:03;Media Expert;Rower dziecięcy HUFFY Literide Kids 14 cali Zielony Wzrost: 95- 110 cm Wiek: 4-6 lat;HUFFY;Rowery dla dzieci;-;https://www.mediaexpert.pl/rowery/rowery-dzieciece/rowery-dzieciece/rower-dzieciecy-huffy-literide-kids-14-cali-dla-chlopca-zielony;999.99;1399.99;1399.99;ME2808-300926
2026-09-19 17:28:03;Media Expert;Rower dziecięcy INDIANA Air 20 cali Czerwony Wzrost: 120-135 cm Wiek: 6-8 lat;INDIANA;Rowery dla dzieci;-;https://www.mediaexpert.pl/rowery/rowery-dzieciece/rowery-dzieciece/rower-dzieciecy-indiana-air-20-cali-czerwony;999.99;1799.99;1399.99;ME2808-300926
2026-09-19 17:28:04;Media Expert;Rower dziecięcy BATCH Kids 20 cali Czerwony Neon Wzrost: 120-135 cm Wiek: 6-9 lat;BATCH;Rowery dla dzieci;-;https://www.mediaexpert.pl/rowery/rowery-dzieciece/rowery-dzieciece/rower-dzieciecy-batch-kids-20-cali-dla-chlopca-czerwony-neon;1499.98;1949.99;1499.99;ME2808-300926
2026-09-19 17:28:04;Media Expert;Rower dziecięcy HUFFY BMX Symbol Freestyle 20 cali Stalowo-niebieski Wzrost: 120-135 cm Wiek: 8-10 lat;HUFFY;Rowery dla dzieci;-;https://www.mediaexpert.pl/rowery/rowery-dzieciece/rowery-dzieciece/rower-dzieciecy-huffy-bmx-symbol-freestyle-20-cali-dla-chlopca-stalowo-niebieski;1099.99;1349.99;1349.99;ME2808-300926
2026-09-19 17:28:04;Media Expert;Rower dziecięcy DISNEY Minnie 12 cali Różowy Wzrost: 85-100 cm Wiek: 2-4 lat;DISNEY;Rowery dla dzieci;-;https://www.mediaexpert.pl/rowery/rowery-dzieciece/rowery-dzieciece/rower-denver-minnie-12-rozowy;299.99;389.99;389.99;ME2808-300926
2026-09-19 17:28:04;Media Expert;Rower dziecięcy KARBON Jazz 14 cali Miętowy Wzrost: 95-110 cm Wiek: 3-5 lat;KARBON;Rowery dla dzieci;-;https://www.mediaexpert.pl/rowery/rowery-dzieciece/rowery-dzieciece/rower-dzieciecy-karbon-jazz-14-mietowy;728.99;949.99;729.00;ME2808-300926
2026-09-19 17:28:04;Media Expert;Rower dziecięcy ROMET Tom 12 cali Żółto-niebieski Wzrost: 85-100 cm Wiek: 2-3 lata;ROMET;Rowery dla dzieci;-;https://www.mediaexpert.pl/rowery/rowery-dzieciece/rowery-dzieciece/rower-dzieciecy-romet-tom-12-cali-zolto-niebieski-wzrost-85-100-cm-wiek-2-3-lata;599.99;999.99;999.99;ME2808-300926
2026-09-19 17:28:05;Media Expert;Rower dziecięcy INDIANA Rock Girl 20 cali Biały 2021 Wzrost: 120-135 cm Wiek: 5-8 lat;INDIANA;Rowery dla dzieci;-;https://www.mediaexpert.pl/rowery/rowery-dzieciece/rowery-dzieciece/rower-indiana-rock-girl-20-bialo-rozowy-1;249.99;489.99;299.99;ME0809-300926
2026-09-19 17:28:05;Media Expert;Rower młodzieżowy KROSS Level Jr 3.0 24 cale dla chłopca Czarno-niebiesko-srebrny;KROSS;Rowery młodzieżowe;-;https://www.mediaexpert.pl/rowery/rowery-dzieciece/rowery-junior/rower-mlodziezowy-kross-level-jr-3-0-24-cale-dla-chlopca-czarno-niebiesko-srebrny;1499.99;2199.99;2199.99;ME0809-300926
2026-09-19 17:28:05;Media Expert;Rower młodzieżowy INDIANA Moena 24 cale dla dziewczynki Śliwkowy;INDIANA;Rowery młodzieżowe;-;https://www.mediaexpert.pl/rowery/rowery-dzieciece/rowery-junior/rower-mlodziezowy-indiana-moena-24-cale-dla-dziewczynki-sliwkowy;499.99;849.99;599.99;ME2808-300926
2026-09-19 17:28:05;Media Expert;Rower młodzieżowy ROMET Panda 1 D 24 cale dla dziewczynki Biało-niebieski;ROMET;Rowery młodzieżowe;-;https://www.mediaexpert.pl/rowery/rowery-dzieciece/rowery-junior/rower-mlodziezowy-romet-panda-1-d-24-cale-dla-dziewczynki-bialo-niebieski;1699.99;2199.99;2199.99;ME2808-300926
2026-09-19 17:28:06;Media Expert;Rower młodzieżowy ROMET Rambler Jr 24130731-B 24 cale dla chłopca Zielono-grafitowy;ROMET;Rowery młodzieżowe;-;https://www.mediaexpert.pl/rowery/rowery-dzieciece/rowery-junior/rower-mlodziezowy-romet-rambler-jr-24130731-b-24-cale-dla-chlopca-zielono-grafitowy;1198.99;1849.99;1199.00;ME2808-300926
2026-09-19 17:28:06;Media Expert;Rower trekkingowy INDIANA X-Road 1.0 M19 28 cali Czarny;INDIANA;Rowery trekkingowe;-;https://www.mediaexpert.pl/rowery/rowery-trekkingowe/rower-trekkingowy-indiana-x-road-1-0-m19-28-cali-czarny;899.99;1699.99;1699.99;ME2808-300926
2026-09-19 17:28:06;Media Expert;Rower trekkingowy INDIANA X-Road 1.0 D21 28 cali damski Srebrno-czarny;INDIANA;Rowery trekkingowe;-;https://www.mediaexpert.pl/rowery/rowery-trekkingowe/rower-trekkingowy-indiana-x-road-1-0-d21-28-cali-damski-srebrno-czarny;1249.97;1299.99;1249.98;ME2808-300926
2026-09-19 17:28:06;Media Expert;Rower trekkingowy INDIANA X-Road 5.0 M19 28 cali męski Czarny;INDIANA;Rowery trekkingowe;-;https://www.mediaexpert.pl/rowery/rowery-trekkingowe/rower-trekkingowy-indiana-x-road-5-0-m19-28-cali-meski-czarny;2299.99;2599.99;2398.99;ME2808-300926
2026-09-19 17:28:07;Media Expert;Rower trekkingowy KROSS Trans 1.0 M17 28 cali męski Czarno-szary;KROSS;Rowery trekkingowe;-;https://www.mediaexpert.pl/rowery/rowery-trekkingowe/rower-trekkingowy-kross-trans-1-0-m17-28-cali-meski-czarno-szary-1;799.99;1499.99;899.99;ME2808-300926
2026-09-19 17:28:07;Media Expert;Rower trekkingowy ROMET Wagant SUV L HT B U18 28 cali męski Czarny;ROMET;Rowery trekkingowe;-;https://www.mediaexpert.pl/rowery/rowery-trekkingowe/rower-trekkingowy-romet-wagant-suv-l-ht-b-u18-28-cali-meski-czarny;1199.00;2399.99;1599.99;ME2808-300926
2026-09-19 17:28:07;Media Expert;Rower trekkingowy INDIANA X-Road 3.0 M17 28 cali męski Niebieski;INDIANA;Rowery trekkingowe;-;https://www.mediaexpert.pl/rowery/rowery-trekkingowe/rower-trekkingowy-indiana-x-road-3-0-m17-28-cali-meski-niebieski-1;1149.98;1999.99;1149.99;ME2808-300926
2026-09-19 17:28:07;Media Expert;Rower trekkingowy ROMET Wagant Suv H PV B U20 28 cali Grafitowy;ROMET;Rowery trekkingowe;-;https://www.mediaexpert.pl/rowery/rowery-trekkingowe/rower-trekkingowy-romet-wagant-suv-h-pv-b-u20-28-cali-grafitowy;1199.00;2399.99;1599.99;ME2808-300926
2026-09-19 17:28:07;Media Expert;Rower trekkingowy ROMET Wagant SUV L PV U20 28 cali Biały;ROMET;Rowery trekkingowe;-;https://www.mediaexpert.pl/rowery/rowery-trekkingowe/rower-trekkingowy-romet-wagant-suv-l-pv-u20-28-cali-bialy;1199.00;2399.99;1599.99;ME2808-300926
2026-09-19 17:28:08;Media Expert;Rower miejski INDIANA Trekker 21B 26 cali męski Czarny;INDIANA;Rowery miejskie;-;https://www.mediaexpert.pl/rowery/rowery-miejskie/rower-miejski-indiana-trekker-21b-26-cali-meski-czarny;699.99;999.99;799.99;ME2808-300926
2026-09-19 17:28:08;Media Expert;Rower crossowy INDIANA X-Cross 5.0 D17 męski Granatowo-szary;INDIANA;Rowery crossowe;-;https://www.mediaexpert.pl/rowery/rowery-cross/rower-crossowy-indiana-x-cross-5-0-d17-meski-ciemnoszary;2089.99;2999.99;2099.99;R2808-300926
2026-09-19 17:28:08;Media Expert;Rower crossowy INDIANA X-Cross 5.0 D21 28 cali damski Srebrno-błękitny;INDIANA;Rowery crossowe;-;https://www.mediaexpert.pl/rowery/rowery-cross/rower-crossowy-indiana-x-cross-5-0-d21-28-cali-damski-ciemnoszary;1890.00;2999.99;1899.99;ME0309-300926
2026-09-19 17:28:08;Media Expert;Rower crossowy INDIANA X-Cross 3.0 D15 damski Czarno-turkusowy;INDIANA;Rowery crossowe;-;https://www.mediaexpert.pl/rowery/rowery-cross/rower-crossowy-indiana-x-cross-3-0-d15-damski-czarno-turkusowy-1;1699.99;1999.99;1899.99;ME2808-300926
2026-09-19 17:28:09;Media Expert;Rower szosowy FONDRIEST Eagle 1.0 U20 28 cali Czarno-różowo-seledynowy;FONDRIEST;Rowery szosowe;-;https://www.mediaexpert.pl/rowery/rowery-szosowe/rower-szosowy-fondriest-eagle-1-0-d20-28-cali-czarno-rozowo-seledynowy;1690.00;5299.99;1699.99;R2808-300926
2026-09-19 17:28:09;Media Expert;Rower szosowy BOTTECCHIA Duello M17 28 cali Antracytowy;BOTTECCHIA;Rowery szosowe;-;https://www.mediaexpert.pl/rowery/rowery-szosowe/rower-bottecchia-duello-campagnolo-veloce-mix-20s-h44-17-antracyt;1998.99;4169.99;1999.00;ME2808-300926
2026-09-19 17:28:09;Media Expert;Rower gravel RONDO Ruut Al Ltd U21 28 cali Żółto-czarny;RONDO;Rowery gravel;-;https://www.mediaexpert.pl/rowery/rowery-gravel/rower-gravel-rondo-ruut-al-ltd-u21-28-cali-zolto-czarny;3799.99;4999.99;3989.00;WYPRZEDAZ-ROWERY
2026-09-19 17:28:09;Media Expert;Rower gravel ROMET Aspre 2.1 2852M111-A U20 28 cali Niebieski;ROMET;Rowery gravel;-;https://www.mediaexpert.pl/rowery/rowery-gravel/rower-gravel-romet-aspre-2-1-2852m111-a-u20-28-cali-niebieski;3799.99;5299.99;4399.99;ME1109-190926
2026-09-19 17:28:10;Media Expert;Rower gravel FONDRIEST Panther 1.0 Carbon Apex Axs U21 28 cali Matowy czarny;FONDRIEST;Rowery gravel;-;https://www.mediaexpert.pl/rowery/rowery-gravel/rower-gravel-fondriest-panther-1-0-carbon-apex-axs-m21-28-cali-meski-matowy-czarny;9999.99;12999.99;12999.99;ME0809-300926
2026-09-19 17:28:10;Media Expert;Przyczepka rowerowa HAMAX Cocoon One 35kg Pasy Szaro-czarny;HAMAX;Przyczepki rowerowe;-;https://www.mediaexpert.pl/rowery/akcesoria-do-rowerow/przyczepki-rowerowe/przyczepka-rowerowa-hamax-cocoon-one-szaro-czarny;4039.99;4499.99;4199.98;R2608-300926
2026-09-19 17:28:10;Media Expert;Kask rowerowy ABUS Macator Midnight Granatowy MTB (rozmiar S, 51-55 cm);ABUS;Kaski rowerowe;-;https://www.mediaexpert.pl/rowery/odziez-rowerowa/kaski-sportowe/kask-rowerowy-abus-macator-midnight-granatowy-mtb-rozmiar-s;181.99;199.99;197.99;W0408-300926
2026-09-19 17:28:10;Media Expert;Kask rowerowy ABUS Macator Signal Żółty Szosowy (rozmiar L, 58-62 cm) MIPS;ABUS;Kaski rowerowe;-;https://www.mediaexpert.pl/rowery/odziez-rowerowa/kaski-sportowe/kask-rowerowy-abus-macator-mips-signal-yellow-l;329.99;418.95;349.99;ME0209-300926
2026-09-19 17:28:10;Media Expert;Kask rowerowy LAZER Cerro KinetiCore Czarny mat MTB z możliwością zamontowania lampki (rozmiar S, 52-56 cm);LAZER;Kaski rowerowe;-;https://www.mediaexpert.pl/rowery/odziez-rowerowa/kaski-sportowe/kask-rowerowy-lazer-cerro-kineticore-czarny-mat-mtb-rozmiar-s;229.99;249.99;249.99;ME0209-300926
2026-09-19 17:28:11;Media Expert;Kask rowerowy ABUS Smooty Zoom Butterfly Różowy dla Dzieci (rozmiar S, 45-50 cm);ABUS;Kaski rowerowe;-;https://www.mediaexpert.pl/rowery/odziez-rowerowa/kaski-sportowe/kask-rowerowy-abus-smooty-zoom-butterfly-rozowy-dla-dzieci-rozmiar-s;84.99;99.99;99.99;ME0209-300926
2026-09-19 17:28:11;Media Expert;Lampka rowerowa KRYPTONITE Avenue R-75;KRYPTONITE;Lampki rowerowe;-;https://www.mediaexpert.pl/rowery/akcesoria-do-rowerow/oswietlenie-rowerowe/lampka-rowerowa-kryptonite-avenue-r-75;199.99;279.99;279.99;ME0209-300926
2026-09-19 17:28:11;Media Expert;Lampka rowerowa CATEYE Sync Core HL-NW100RC;CATEYE;Lampki rowerowe;-;https://www.mediaexpert.pl/rowery/akcesoria-do-rowerow/oswietlenie-rowerowe/lampka-rowerowa-cateye-sync-core-hl-nw100rc;199.99;249.00;249.00;ME0209-300926
2026-09-19 17:28:11;Media Expert;Zestaw lampek rowerowych KRYPTONITE Avenue F-65 R-30 Set;KRYPTONITE;Lampki rowerowe;-;https://www.mediaexpert.pl/rowery/akcesoria-do-rowerow/oswietlenie-rowerowe/zestaw-lampek-rowerowych-kryptonite-avenue-f-65-r-30-set;139.99;149.99;149.99;ME0209-300926
2026-09-19 17:28:12;Media Expert;Lampka rowerowa KRYPTONITE Avenue F-100;KRYPTONITE;Lampki rowerowe;-;https://www.mediaexpert.pl/rowery/akcesoria-do-rowerow/oswietlenie-rowerowe/lampka-rowerowa-kryptonite-avenue-f-100;99.99;129.99;129.99;ME0209-300926
2026-09-19 17:28:12;Media Expert;Licznik rowerowy SIGMA BC 14.0 WL STS Podświetlany;SIGMA;Liczniki rowerowe;-;https://www.mediaexpert.pl/rowery/akcesoria-do-rowerow/liczniki-rowerowe/licznik-rowerowy-sigma-bc-14-0-wl-sts;229.99;285.18;285.18;ME0209-300926
2026-09-19 17:28:12;Media Expert;Czujnik prędkości i kadencji CATEYE Strada Smart Padrone Smart ISC-12;CATEYE;Czujniki rowerowe;-;https://www.mediaexpert.pl/rowery/akcesoria-do-rowerow/czujniki-rowerowe/czujnik-predkosci-i-kadencji-cateye-strada-smart-padrone-smart-isc-12;199.99;239.90;239.90;ME0209-300926
2026-09-19 17:28:12;Media Expert;Torba rowerowa podsiodłowa AUTHOR A-S381 TPN X7;AUTHOR;Torby rowerowe;-;https://www.mediaexpert.pl/rowery/akcesoria-do-rowerow/torby-rowerowe/torba-rowerowa-podsiodlowa-author-a-s381-tpn-x7;52.99;79.99;79.99;ME0209-300926
2026-09-19 17:28:13;Media Expert;Torba rowerowa na ramę ROCKBROS 30120122004 Czerwony;ROCKBROS;Torby rowerowe;-;https://www.mediaexpert.pl/rowery/akcesoria-do-rowerow/torby-rowerowe/torba-rowerowa-na-rame-rockbros-30120122004-czerwony;69.99;99.99;99.99;ME0209-300926
2026-09-19 17:28:13;Media Expert;Torba rowerowa podsiodłowa VAYOX VA0349;VAYOX;Torby rowerowe;-;https://www.mediaexpert.pl/rowery/akcesoria-do-rowerow/torby-rowerowe/torba-rowerowa-podsiodlowa-vayox-va0349;59.99;69.99;69.99;ME0209-300926
2026-09-19 17:28:13;Media Expert;Torba rowerowa na bagażnik ROCKBROS 30140022001;ROCKBROS;Torby rowerowe;-;https://www.mediaexpert.pl/rowery/akcesoria-do-rowerow/torby-rowerowe/torba-rowerowa-na-bagaznik-rockbros-30140022001;149.99;239.99;239.99;ME0209-300926
2026-09-19 17:28:13;Media Expert;Zapięcie rowerowe ABUS Bordo 6000K/90 + Saddlefix SH SF Folding lock Składane Czarny;ABUS;Zabezpieczenie roweru;-;https://www.mediaexpert.pl/rowery/akcesoria-do-rowerow/zamki-i-zapiecia/zapiecie-rowerowe-abus-bordo-6000k-90-saddlefix-sh-sf-folding-lock-skladane-czarny;309.99;454.43;368.88;ME0209-300926
2026-09-19 17:28:13;Media Expert;Zapięcie rowerowe TRELOCK KS 312 85-12 Szyfr Linka Czarny;TRELOCK;Zabezpieczenie roweru;-;https://www.mediaexpert.pl/rowery/akcesoria-do-rowerow/zamki-i-zapiecia/zapiecie-rowerowe-trelock-ks-312-85-12-szyfr-linka-czarny;69.99;159.99;99.90;ME0209-300926
2026-09-19 17:28:14;Media Expert;Zapięcie rowerowe TRELOCK BC 580 8005430 Łańcuch Czarny;TRELOCK;Zabezpieczenie roweru;-;https://www.mediaexpert.pl/rowery/akcesoria-do-rowerow/zamki-i-zapiecia/zapiecie-rowerowe-trelock-bc-580-8005430-lancuch-czarny;249.99;423.75;279.00;ME0209-300926
2026-09-19 17:28:14;Media Expert;Zapięcie rowerowe ABUS Star 4508K/150 Linka Niebieski;ABUS;Zabezpieczenie roweru;-;https://www.mediaexpert.pl/rowery/akcesoria-do-rowerow/zamki-i-zapiecia/zapiecie-rowerowe-abus-star-4508k-150-linka-niebieski;59.99;65.99;65.99;ME0209-300926
2026-09-19 17:28:14;Media Expert;Zapięcie rowerowe ABUS 410K/170HB230 + SH34 U-lock Zielony;ABUS;Zabezpieczenie roweru;-;https://www.mediaexpert.pl/rowery/akcesoria-do-rowerow/zamki-i-zapiecia/zapiecie-rowerowe-abus-410k-170hb230-sh34-u-lock-zielony;179.99;199.99;199.99;ME0209-300926
2026-09-19 17:28:14;Media Expert;Zapięcie rowerowe ABUS CC Lock 1103 Linka Zielony;ABUS;Zabezpieczenie roweru;-;https://www.mediaexpert.pl/rowery/akcesoria-do-rowerow/zamki-i-zapiecia/zapiecie-rowerowe-abus-cc-lock-1103-linka-zielony;29.99;46.99;46.99;ME0209-300926
2026-09-19 17:28:15;Media Expert;Zapięcie rowerowe ABUS Star 4508K/150 Linka Czerwony;ABUS;Zabezpieczenie roweru;-;https://www.mediaexpert.pl/rowery/akcesoria-do-rowerow/zamki-i-zapiecia/zapiecie-rowerowe-abus-star-4508k-150-linka-czerwony;59.99;79.99;79.99;ME0209-300926
2026-09-19 17:28:15;Media Expert;Zapięcie rowerowe ABUS 4408K/65 Linka Niebieski;ABUS;Zabezpieczenie roweru;-;https://www.mediaexpert.pl/rowery/akcesoria-do-rowerow/zamki-i-zapiecia/zapiecie-rowerowe-abus-4408k-65-linka-niebieski;49.99;62.49;62.49;ME0209-300926
2026-09-19 17:28:15;Media Expert;"Opona rowerowa CONTINENTAL Contact Speed CO0101389 26""";CONTINENTAL;Opony rowerowe;-;https://www.mediaexpert.pl/rowery/czesci-rowerowe/opony-do-rowerow/opona-rowerowa-continental-contact-speed-co0101389-26;84.99;159.99;159.99;ME0209-300926
2026-09-19 17:28:15;Media Expert;Bateria do roweru elektrycznego GREENCELL EBIKE50STD 24V;GREENCELL;Baterie do rowerów elektrycznych;-;https://www.mediaexpert.pl/rowery/akcesoria-do-rowerow/baterie-do-rowerow-elektrycznych/bateria-do-roweru-elektrycznego-green-cell-ebike50std-24v;799.99;949.99;949.99;ME0209-300926
2026-09-19 17:28:16;Media Expert;Buty rowerowe SHIMANO SH-GE700 Czarny (rozmiar 45);SHIMANO;Buty rowerowe;-;https://www.mediaexpert.pl/rowery/odziez-rowerowa/buty-rowerowe/buty-rowerowe-shimano-sh-ge700-czarny-rozmiar-45;449.99;579.99;579.99;ME0209-300926
2026-09-19 17:28:16;Media Expert;Koszyk na bidon GARMIN Tacx Ciro Jasnoniebieski;GARMIN;Uchwyty na bidon;-;https://www.mediaexpert.pl/rowery/akcesoria-do-rowerow/uchwyty-na-bidon/koszyk-na-bidon-garmin-tacx-ciro-jasnoniebieski;57.99;59.99;59.99;ME0209-300926
2026-09-19 17:28:16;Media Expert;Buty rowerowe SHIMANO SH-GE500 Niebieski (rozmiar 36);SHIMANO;Buty rowerowe;-;https://www.mediaexpert.pl/rowery/odziez-rowerowa/buty-rowerowe/buty-rowerowe-shimano-sh-ge500-niebieski-rozmiar-36;309.99;329.99;329.99;ME0209-300926
2026-09-19 17:28:16;Media Expert;Osłona przeciwdeszczowa na kask LAZER Strada Aeroshell (rozmiar S);LAZER;Inne;-;https://www.mediaexpert.pl/rowery/akcesoria-do-rowerow/inne-rowerowe/oslona-przeciwdeszczowa-na-kask-lazer-strada-aeroshell-rozmiar-s;59.99;69.99;69.99;ME0209-300926
2026-09-19 17:28:16;Media Expert;Rękawiczki rowerowe SHIMANO Airway (rozmiar M) Czerwony;SHIMANO;Rękawiczki rowerowe;-;https://www.mediaexpert.pl/rowery/odziez-rowerowa/rekawiczki-rowerowe/rekawiczki-rowerowe-shimano-airway-rozmiar-m-czerwony;59.99;79.99;79.99;ME0209-300926
2026-09-19 17:28:17;Media Expert;"Opona rowerowa CONTINENTAL Gatorskin CO0118537 28""";CONTINENTAL;Opony rowerowe;-;https://www.mediaexpert.pl/rowery/czesci-rowerowe/opony-do-rowerow/opona-rowerowa-continental-gatorskin-co0118537-28;119.99;149.99;149.99;ME0209-300926
2026-09-19 17:28:17;Media Expert;Uchwyt na licznik KROSS Spacy 2 T4CLI000002BK;KROSS;Liczniki rowerowe;-;https://www.mediaexpert.pl/rowery/akcesoria-do-rowerow/liczniki-rowerowe/uchwyt-na-licznik-kross-spacy-2-t4cli000002bk;49.99;69.99;69.99;ME0209-300926
2026-09-19 17:28:17;Media Expert;Wideorejestrator MUFU Moto Cam V20S;MUFU;Wideorejestratory;-;https://www.mediaexpert.pl/foto-i-kamery/kamery/wideorejestratory/wideorejestrator-mufu-moto-cam-v20s;499.99;629.99;629.99;ME0209-300926
2026-09-19 17:28:17;Media Expert;Pokrowiec na fotel CARPASSION Bus I Protect 30120;CARPASSION;Pokrowce samochodowe;-;https://www.mediaexpert.pl/motoryzacja/akcesoria-do-pojazdow/pokrowce-na-samochod/pokrowiec-na-fotel-carpassion-bus-i-protect-30120;64.99;79.99;79.99;ME0209-300926
2026-09-19 17:28:18;Media Expert;Adapter do ładowarki samochodu elektrycznego WEIRD WIRES WWKA-03 gniazdo Typ 2 - wtyk Typ 2;WEIRD WIRES;Ładowarki do samochodów elektrycznych;-;https://www.mediaexpert.pl/motoryzacja/akcesoria-do-pojazdow/ladowarki-do-samochodow-elektrycznych/kabel-adapter-przedluzka-typ-2-do-typ-2-2m;699.99;999.99;999.99;ME0209-300926
2026-09-19 17:28:18;Media Expert;Pokrowiec na akumulator CARPASSION 40206;CARPASSION;Pokrowce samochodowe;-;https://www.mediaexpert.pl/motoryzacja/akcesoria-do-pojazdow/pokrowce-na-samochod/pokrowiec-na-akumulator-carpassion-40210;44.99;59.99;59.99;ME0209-300926
2026-09-19 17:28:18;Media Expert;Rower magnetyczny SPOKEY Gradior+ BL;SPOKEY;Rowery stacjonarne;-;https://www.mediaexpert.pl/sport-i-rekreacja/fitness-i-silownia/rowerki/rower-magnetyczny-spokey-gradior-bl-1;999.00;1199.99;1116.00;BTU1009-2409
2026-09-19 17:28:18;Media Expert;Wioślarz wodno-magnetyczny KINGSMITH WM20;KINGSMITH;Wioślarze;-;https://www.mediaexpert.pl/sport-i-rekreacja/fitness-i-silownia/wioslarze/wioslarz-wodno-magnetyczny-kingsmith-wm20;2599.00;2799.00;2736.89;R1509-300926
2026-09-19 17:28:19;Media Expert;Prasa do nóg MARBO SPORT MS-A102 2.0;MARBO SPORT;Pozostałe do fitness i siłowni;-;https://www.mediaexpert.pl/sport-i-rekreacja/akcesoria-treningowe/pozostale-do-fitness-i-silowni/prasa-do-nog-marbo-sport-ms-a102-2-0;269.00;309.99;309.99;ME1109-201026
2026-09-19 17:28:19;Media Expert;Trenażer rowerowy ELITE Arion Mag;ELITE;Trenażery rowerowe;-;https://www.mediaexpert.pl/sport-i-rekreacja/trenazery-rowerowe-i-akcesoria/trenazery-rowerow/trenazer-rowerowy-elite-arion-mag;1049.99;1089.16;1089.16;ME0209-300926
2026-09-19 17:28:19;Media Expert;Czujnik tętna ELITE EL1027300 na klatkę piersiową;ELITE;Akcesoria do trenażerów;-;https://www.mediaexpert.pl/sport-i-rekreacja/trenazery-rowerowe-i-akcesoria/akcesoria-do-trenazerow/czujnik-tetna-elite-el1027300;199.99;249.99;249.99;ME0209-300926
2026-09-19 17:28:19;Media Expert;Shaker SCITEC NUTRITION Opaque Biały (700 ml);SCITEC NUTRITION;Bidony i shakery;-;https://www.mediaexpert.pl/sport-i-rekreacja/suplementy-na-silownie/bidony-i-shakery/shaker-scitec-nutrition-opaque-bialy-700-ml;19.90;24.99;24.99;ME1409-101026
2026-09-19 17:28:19;Media Expert;Hantla ENERO FIT Hex (6 kg);ENERO FIT;Hantle i ciężarki;-;https://www.mediaexpert.pl/sport-i-rekreacja/silownia/gryfy-hantle-i-obciazenia/hantla-gumowa-hex-6-kg-eb-fit;49.00;83.90;83.90;ME1409-101026
2026-09-19 17:28:20;Media Expert;Hantla GORILLA SPORTS 2821 (5 kg);GORILLA SPORTS;Hantle i ciężarki;-;https://www.mediaexpert.pl/sport-i-rekreacja/silownia/gryfy-hantle-i-obciazenia/hantla-gorilla-sports-2821-5-kg;69.00;79.99;75.00;ME1409-101026
2026-09-19 17:28:20;Media Expert;Hantla HMS HPC (30 kg);HMS;Hantle i ciężarki;-;https://www.mediaexpert.pl/sport-i-rekreacja/silownia/gryfy-hantle-i-obciazenia/hantla-hms-hpc-30-kg;499.00;679.99;602.00;ME1409-101026
2026-09-19 17:28:20;Media Expert;Hantla HMS Hex Pro (27.5 kg);HMS;Hantle i ciężarki;-;https://www.mediaexpert.pl/sport-i-rekreacja/silownia/gryfy-hantle-i-obciazenia/hantla-hms-hex-pro-27-5-kg;279.00;335.00;306.00;ME1409-101026
2026-09-19 17:28:20;Media Expert;Hantla HMS SGR40 Pro Set 2w1 (43.5 kg);HMS;Hantle i ciężarki;-;https://www.mediaexpert.pl/sport-i-rekreacja/silownia/gryfy-hantle-i-obciazenia/hantla-hms-sgr40-pro-set-2w1-43-5-kg;649.00;719.00;719.00;ME1409-101026
2026-09-19 17:28:21;Media Expert;Hantla GORILLA SPORTS 2686 (2.5 kg);GORILLA SPORTS;Hantle i ciężarki;-;https://www.mediaexpert.pl/sport-i-rekreacja/silownia/gryfy-hantle-i-obciazenia/hantla-gorilla-sports-2686-2-5-kg;35.99;49.99;47.00;ME1409-101026
2026-09-19 17:28:21;Media Expert;Lodówka turystyczna kompresorowa GÖTZE & JENSEN PF700;GÖTZE & JENSEN;Lodówki turystyczne;-;https://www.mediaexpert.pl/agd/lodowki-i-zamrazarki/lodowki-turystyczne/lodowka-turystyczna-kompresorowa-gotze-jensen-pf700;1299.84;1429.99;1299.85;RW0109-3009
2026-09-19 17:28:21;Media Expert;Saszetka NEO TOOLS Camo 84-324;NEO TOOLS;Pozostała odzież robocza;-;https://www.mediaexpert.pl/dom-i-ogrod/odziez-robocza/pozostala-odziez-robocza/saszetka-neo-tools-camo-84-324;39.00;55.00;39.77;ME0409-300926
2026-09-19 17:28:21;Media Expert;Samochód zdalnie sterowany S_LINE RCC202;S-LINE;Samochody zdalnie sterowane;-;https://www.mediaexpert.pl/zabawki/kolejki-i-samochody-zabawkowe/samochody-zdalnie-sterowane/samochod-zdalnie-sterowany-s-line-rcc202;129.98;149.99;129.99;RW2108-3009
2026-09-19 17:28:22;Media Expert;Samochód zdalnie sterowany RW Audi R8 GT 28714;RW;Samochody zdalnie sterowane;-;https://www.mediaexpert.pl/zabawki/kolejki-i-samochody-zabawkowe/samochody-zdalnie-sterowane/samochod-zdalnie-sterowany-rw-audi-r8-gt-28714;129.99;239.00;164.99;ME1509-240926
2026-09-19 17:28:22;Media Expert;Samochód zdalnie sterowany RW McLaren 675LT Coupe 29224M;RW;Samochody zdalnie sterowane;-;https://www.mediaexpert.pl/zabawki/kolejki-i-samochody-zabawkowe/samochody-zdalnie-sterowane/samochod-zdalnie-sterowany-rw-mclaren-675lt-coupe-29224m;65.99;99.00;68.99;ME1509-240926
2026-09-19 17:28:22;Media Expert;Samochód zdalnie sterowany RW Bugatti Chiron Super Sport 300+ 29616M;RW;Samochody zdalnie sterowane;-;https://www.mediaexpert.pl/zabawki/kolejki-i-samochody-zabawkowe/samochody-zdalnie-sterowane/samochod-zdalnie-sterowany-rw-bugatti-chiron-super-sport-300-29616m;117.79;179.00;123.99;ME1509-240926
2026-09-19 17:28:22;Media Expert;Ładowarka zdalnie sterowana HUINA 1552H;HUINA;Samochody zdalnie sterowane;-;https://www.mediaexpert.pl/zabawki/kolejki-i-samochody-zabawkowe/samochody-zdalnie-sterowane/ladowarka-zdalnie-sterowana-huina-1552h;170.99;279.99;179.99;ME1509-240926
2026-09-19 17:28:23;Media Expert;Figurka MATTEL Minecraft GTT53;MATTEL;Figurki kolekcjonerskie;-;https://www.mediaexpert.pl/gaming/akcesoria-do-gier/figurki/figurka-minecraft-figurki-podstawowe-2-pak-akcesoria-asortyment-gtt53;94.99;129.99;129.99;ME0109-300926
2026-09-19 17:28:23;Media Expert;Zestaw pojazdów Hot Wheels Premium Porsche 935 JHW51 (2 szt.);HOT WHEELS;Samochody i pojazdy zabawkowe;-;https://www.mediaexpert.pl/zabawki/kolejki-i-samochody-zabawkowe/samochody-i-pojazdy-zabawkowe/zestaw-pojazdow-hot-wheels-premium-porsche-935-jhw51-2-szt;52.99;72.08;62.00;ME0109-300926
2026-09-19 17:28:23;Media Expert;Traktor BRUDER Profi New Holland T7.315 z ładowaczem BR-03121;BRUDER;Samochody i pojazdy zabawkowe;-;https://www.mediaexpert.pl/zabawki/kolejki-i-samochody-zabawkowe/samochody-i-pojazdy-zabawkowe/traktor-bruder-profi-new-holland-t7-315-z-ladowaczem-br-03121;164.99;205.74;174.99;ME1509-240926
2026-09-19 17:28:23;Media Expert;Zestaw figurek MINECRAFT Man's Best Wolf JFR71;MINECRAFT;Figurki kolekcjonerskie;-;https://www.mediaexpert.pl/gaming/akcesoria-do-gier/figurki/zestaw-figurek-minecraft-man-s-best-wolf-jfr71;59.99;89.99;89.99;ME0109-300926
2026-09-19 17:28:23;Media Expert;Tor MATTEL Cars Auta Droga Ratunkowa wyścig z przeszkodami Zestaw JFL57;MATTEL;Samochody i pojazdy zabawkowe;-;https://www.mediaexpert.pl/zabawki/kolejki-i-samochody-zabawkowe/samochody-i-pojazdy-zabawkowe/tor-mattel-cars-auta-droga-ratunkowa-wyscig-z-przeszkodami-zestaw-jfl57;164.99;266.99;199.99;ME0109-300926
2026-09-19 17:28:24;Media Expert;Tor Hot Wheels City Głodny Goryl JHL92;HOT WHEELS;Samochody i pojazdy zabawkowe;-;https://www.mediaexpert.pl/zabawki/kolejki-i-samochody-zabawkowe/samochody-i-pojazdy-zabawkowe/tor-hot-wheels-city-glodny-goryl-jhl92;81.99;90.17;74.69;ME0109-300926
2026-09-19 17:28:24;Media Expert;Traktor zdalnie sterowany HAPPY PEOPLE RC Claas Axion 870;HAPPY PEOPLE;Samochody zdalnie sterowane;-;https://www.mediaexpert.pl/zabawki/kolejki-i-samochody-zabawkowe/samochody-zdalnie-sterowane/traktor-zdalnie-sterowany-happy-people-rc-claas-axion-870;169.99;233.06;194.99;ME1509-240926
2026-09-19 17:28:24;Media Expert;Lalka DISNEY PRINCESS Jewel Reveal Bella JHL51;DISNEY PRINCESS;Lalki i akcesoria;-;https://www.mediaexpert.pl/zabawki/lalki-i-figurki/lalki-i-akcesoria/lalka-disney-princess-jewel-reveal-bella-jhl51;109.99;120.99;115.30;ME0109-300926
2026-09-19 17:28:24;Media Expert;Figurka MATTEL WWE Ultimate Eddie Guerrero JHV87;MATTEL;Figurki z bajek;-;https://www.mediaexpert.pl/zabawki/lalki-i-figurki/figurki-z-bajek/figurka-mattel-wwe-ultimate-eddie-guerrero-jhv87;126.99;184.99;168.70;ME0109-300926
2026-09-19 17:28:25;Media Expert;Lalka Barbie Dream Besties Brooklyn JKP51;BARBIE;Lalki i akcesoria;-;https://www.mediaexpert.pl/zabawki/lalki-i-figurki/lalki-i-akcesoria/lalka-barbie-dream-besties-brooklyn-jkp51;81.99;99.99;89.03;ME0109-300926
2026-09-19 17:28:25;Media Expert;Zabawka aparat natychmiastowy LEXIBOOK Bluey DJ130BYZ;LEXIBOOK;Zabawki elektroniczne;-;https://www.mediaexpert.pl/zabawki/zabawki-kreatywne/zabawki-elektroniczne/zabawka-aparat-natychmiastowy-lexibook-bluey-dj130byz;249.99;299.99;299.99;ME1409-200926
2026-09-19 17:28:25;Media Expert;Zabawka zegarek z kalendarzem KIDS EUROSWAN Stitch LAS4091;KIDS EUROSWAN;Zabawki elektroniczne;-;https://www.mediaexpert.pl/zabawki/zabawki-kreatywne/zabawki-elektroniczne/zabawka-zegarek-kids-euroswan-stitch-z-kalendrzem-las4091;35.49;45.87;37.49;ME1509-240926
2026-09-19 17:28:25;Media Expert;Lalka Disney Vaiana 2 Śpiewająca JHH26;MATTEL;Lalki i akcesoria;-;https://www.mediaexpert.pl/zabawki/lalki-i-figurki/lalki-i-akcesoria/lalka-disney-vaiana-2-spiewajaca-jhh26;127.99;140.41;117.51;ME0109-300926
2026-09-19 17:28:26;Media Expert;Zabawka zegarek z kamerą LEXIBOOK Spider-Man DMW070SP;LEXIBOOK;Zabawki elektroniczne;-;https://www.mediaexpert.pl/zabawki/zabawki-kreatywne/zabawki-elektroniczne/zabawka-zegarek-z-kamera-lexibook-spider-man-dmw070sp;169.99;199.99;199.99;ME1409-200926
2026-09-19 17:28:26;Media Expert;Zabawka krótkofalówki LEXIBOOK Spider-Man TW18SP;LEXIBOOK;Zabawki elektroniczne;-;https://www.mediaexpert.pl/zabawki/zabawki-kreatywne/zabawki-elektroniczne/zabawka-krotkofalowki-lexibook-spider-man-tw18sp;104.49;136.76;109.99;ME1509-240926
2026-09-19 17:28:26;Media Expert;Tor FISHER PRICE Little People Wielka górska przygoda JJY77;FISHER PRICE;Samochody i pojazdy zabawkowe;-;https://www.mediaexpert.pl/zabawki/kolejki-i-samochody-zabawkowe/samochody-i-pojazdy-zabawkowe/tor-fisher-price-little-people-wielka-gorska-przygoda-jjy77;189.99;249.90;240.00;ME0109-300926
2026-09-19 17:28:26;Media Expert;Zabawka budzik z lampką nocną LEXIBOOK Super Mario RL800NI;LEXIBOOK;Zabawki elektroniczne;-;https://www.mediaexpert.pl/zabawki/zabawki-kreatywne/zabawki-elektroniczne/zabawka-budzik-z-lampka-nocna-lexibook-super-mario-rl800ni;119.99;129.99;122.00;ME1409-200926
2026-09-19 17:28:26;Media Expert;Zabawka zestaw kosmetyków KLEIN Princess Coralie KL 5549;KLEIN;Zabawki odgrywanie ról;-;https://www.mediaexpert.pl/zabawki/zabawki-odgrywanie-rol/zestaw-kosmetykow-prostokat;14.99;24.35;20.99;ME1509-240926
2026-09-19 17:28:27;Media Expert;Odkurzacz KLEIN Bosch 6828;KLEIN;Zabawki odgrywanie ról;-;https://www.mediaexpert.pl/zabawki/zabawki-odgrywanie-rol/odkurzacz-klein-bosch-6828;99.99;125.93;104.99;ME1509-240926
2026-09-19 17:28:27;Media Expert;Zabawka JUST PLAY Bańki mydlane Disney Stitch + Płyn DCS24;JUST PLAY;Bańki mydlane;-;https://www.mediaexpert.pl/zabawki/zabawki-zrecznosciowe-i-plenerowe/banki-mydlane/zabawka-just-play-banki-mydlane-disney-stitch-plyn-dcs24;85.49;119.99;89.99;ME1509-240926
2026-09-19 17:28:27;Media Expert;Zestaw kreatywny CRA-Z-ART My Look Studio przyjaźni Bead Mania CRSS44;CRA-Z-ART;Zabawki kreatywne;-;https://www.mediaexpert.pl/zabawki/zabawki-kreatywne/zabawki-kreatywne/zestaw-kreatywny-cra-z-art-my-look-studio-przyjazni-bead-mania-crss44;114.99;169.99;120.99;ME1509-240926
2026-09-19 17:28:27;Media Expert;Zestaw figurek BLUEY Bal przebierańców BLU17655;BLUEY;Figurki z bajek;-;https://www.mediaexpert.pl/zabawki/lalki-i-figurki/figurki-z-bajek/zestaw-figurek-bluey-bal-przebierancow-blu17655;49.99;69.99;66.36;ME0409-300926
2026-09-19 17:28:28;Media Expert;Zabawka słuchawki nauszne LEXIBOOK Smerfy HPBT010SF;LEXIBOOK;Zabawki elektroniczne;-;https://www.mediaexpert.pl/zabawki/zabawki-kreatywne/zabawki-elektroniczne/zabawka-sluchawki-nauszne-lexibook-smerfy-hpbt010sf;99.99;119.99;102.99;ME1409-200926
2026-09-19 17:28:28;Media Expert;Zabawka budzik z lampką nocną LEXIBOOK Disney Vaiana RL800VN;LEXIBOOK;Zabawki elektroniczne;-;https://www.mediaexpert.pl/zabawki/zabawki-kreatywne/zabawki-elektroniczne/zabawka-budzik-z-lampka-nocna-lexibook-disney-vaiana-rl800vn;129.99;144.99;135.00;ME1409-200926
2026-09-19 17:28:28;Media Expert;Piłka do skakania LEXIBOOK Disney Stitch BG040D;LEXIBOOK;Skoczki dla dzieci;-;https://www.mediaexpert.pl/zabawki/zabawki-dla-najmlodszych/skoczki-dla-dzieci/pilka-do-skakania-lexibook-disney-stitch-bg040d;59.99;69.99;69.99;ME1409-200926
2026-09-19 17:28:28;Media Expert;Zabawka SMILY PLAY Straż Pożarna Na ratunek SPW84940;SMILY PLAY;Pozostałe zabawki;-;https://www.mediaexpert.pl/zabawki/pozostale-zabawki/zabawka-smily-play-straz-pozarna-na-ratunek-spw84940;22.99;36.35;24.49;ME1509-240926
2026-09-19 17:28:29;Media Expert;Ciastolina SCENTOS Burgerowy Grill ST 45907;SCENTOS;Zabawki kreatywne;-;https://www.mediaexpert.pl/zabawki/zabawki-kreatywne/zabawki-kreatywne/ciastolina-scentos-burgerowy-grill-st-45907;43.99;65.00;46.49;ME1509-240926
2026-09-19 17:28:29;Media Expert;Zabawka interaktywna DUMEL Językowa dla najmłodszych Piesek Husky DD30820;DUMEL;Zabawki edukacyjne;-;https://www.mediaexpert.pl/zabawki/zabawki-edukacyjne/zabawki-edukacyjne/zabawka-interaktywna-dumel-jezykowa-dla-najmlodszych-piesek-husky-dd30820;99.99;125.49;104.99;ME1509-240926
2026-09-19 17:28:29;Media Expert;Nosidełko ASI Martina ASI3712002;ASI;Lalki i akcesoria;-;https://www.mediaexpert.pl/zabawki/lalki-i-figurki/lalki-i-akcesoria/nosidelko-asi-martina-asi3712002;125.39;158.99;131.99;ME1509-240926
2026-09-19 17:28:29;Media Expert;Łóżeczko ASI Martina 3712010;ASI;Lalki i akcesoria;-;https://www.mediaexpert.pl/zabawki/lalki-i-figurki/lalki-i-akcesoria/lozeczko-asi-martina-3712010;164.99;208.87;174.99;ME1509-240926
2026-09-19 17:28:29;Media Expert;Pamiętnik LEXIBOOK Smerfy SD50SF;LEXIBOOK;Zabawki elektroniczne;-;https://www.mediaexpert.pl/zabawki/zabawki-kreatywne/zabawki-elektroniczne/pamietnik-lexibook-smerfy-sd50sf;109.99;159.99;120.99;ME1509-240926
2026-09-19 17:28:30;Media Expert;Huśtawka ASI Martina 3712014;ASI;Lalki i akcesoria;-;https://www.mediaexpert.pl/zabawki/lalki-i-figurki/lalki-i-akcesoria/hustawka-asi-martina-3712014;142.49;212.55;149.99;ME1509-240926
2026-09-19 17:28:30;Media Expert;Zestaw pojazdów HOT WHEELS Formuła 1 Bolidy F1 JMM24 (10 szt.);HOT WHEELS;Samochody i pojazdy zabawkowe;-;https://www.mediaexpert.pl/zabawki/kolejki-i-samochody-zabawkowe/samochody-i-pojazdy-zabawkowe/zestaw-pojazdow-hot-wheels-formula-1-bolidy-f1-jmm24-10-szt;81.99;89.99;89.99;ME0109-300926
2026-09-19 17:28:30;Media Expert;Wyrzutnia MATCHBOX The Movie Zgniatarka JMG56;MATCHBOX;Samochody i pojazdy zabawkowe;-;https://www.mediaexpert.pl/zabawki/kolejki-i-samochody-zabawkowe/samochody-i-pojazdy-zabawkowe/wyrzutnia-matchbox-the-movie-zgniatarka-jmg56;64.99;84.90;84.90;ME0109-300926
2026-09-19 17:28:30;Media Expert;Tor Hot Wheels Monster Trucks Owy Mutant Chaosu JMK90;HOT WHEELS;Samochody i pojazdy zabawkowe;-;https://www.mediaexpert.pl/zabawki/kolejki-i-samochody-zabawkowe/samochody-i-pojazdy-zabawkowe/tor-hot-wheels-monster-trucks-owy-mutant-chaosu-jmk90;219.99;259.90;254.38;ME0109-300926
2026-09-19 17:28:31;Media Expert;Zabawka interaktywna PUPPY LUV Piesek Junior Bella DKO0106;PUPPY LUV;Zabawki edukacyjne;-;https://www.mediaexpert.pl/zabawki/zabawki-edukacyjne/zabawki-edukacyjne/zabawka-interaktywna-puppy-luv-piesek-junior-bella-dko0106;59.90;79.99;78.74;ME0409-300926
2026-09-19 17:28:31;Media Expert;Maskotka COBI Thready Bear Miś Guziczek MO-23001;COBI;Pluszaki;-;https://www.mediaexpert.pl/zabawki/zabawki-dla-najmlodszych/pluszaki/maskotka-cobi-thready-bear-mis-guziczek-mo-23001;89.99;237.70;139.00;ME1009-300926
2026-09-19 17:28:31;Media Expert;Zabawka lampka nocna LEXIBOOK Spider-Man NLJ01SP;LEXIBOOK;Zabawki elektroniczne;-;https://www.mediaexpert.pl/zabawki/zabawki-kreatywne/zabawki-elektroniczne/zabawka-lampka-nocna-lexibook-spider-man-nlj01sp;64.99;74.99;74.99;ME1409-200926
2026-09-19 17:28:31;Media Expert;Zabawka budzik z projektorem LEXIBOOK Despicable Me Minionki RL977DES;LEXIBOOK;Zabawki elektroniczne;-;https://www.mediaexpert.pl/zabawki/zabawki-kreatywne/zabawki-elektroniczne/zabawka-budzik-z-projektorem-lexibook-despicable-me-minionki-rl977des;84.99;109.99;109.99;ME1409-200926
2026-09-19 17:28:32;Media Expert;Zabawka konsola LEXIBOOK My Best-E 2 Cats JLMBCAT;LEXIBOOK;Zabawki elektroniczne;-;https://www.mediaexpert.pl/zabawki/zabawki-kreatywne/zabawki-elektroniczne/zabawka-konsola-lexibook-my-best-e-2-cats-jlmbcat;89.99;134.00;104.99;ME1409-200926
2026-09-19 17:28:32;Media Expert;Pamiętnik LEXIBOOK Harry Potter Hedwig SD50HP1;LEXIBOOK;Zabawki elektroniczne;-;https://www.mediaexpert.pl/zabawki/zabawki-kreatywne/zabawki-elektroniczne/pamietnik-lexibook-harry-potter-hedwig-sd50hp1;149.99;164.99;164.99;ME1409-200926
2026-09-19 17:28:32;Media Expert;Zabawka zegarek z aparatem LEXIBOOK Disney Toy Story DMW070TS;LEXIBOOK;Zabawki elektroniczne;-;https://www.mediaexpert.pl/zabawki/zabawki-kreatywne/zabawki-elektroniczne/zabawka-zegarek-z-aparatem-lexibook-disney-toy-story-dmw070ts;179.99;209.53;209.53;ME1409-200926
2026-09-19 17:28:32;Media Expert;Zabawka lampka nocna z głośnikiem LEXIBOOK Disney Toy Story Buzz NS02TS;LEXIBOOK;Zabawki elektroniczne;-;https://www.mediaexpert.pl/zabawki/zabawki-kreatywne/zabawki-elektroniczne/zabawka-lampka-nocna-z-glosnikiem-lexibook-disney-toy-story-buzz-ns02ts;99.99;129.99;129.99;ME1409-200926
2026-09-19 17:28:33;Media Expert;Zabawka budzik z lampką nocną LEXIBOOK Toy Story Lotso RL800TS1;LEXIBOOK;Zabawki elektroniczne;-;https://www.mediaexpert.pl/zabawki/zabawki-kreatywne/zabawki-elektroniczne/zabawka-budzik-z-lampka-nocna-lexibook-toy-story-lotso-rl800ts1;119.99;144.99;144.99;ME1409-200926
2026-09-19 17:28:33;Media Expert;Zabawka słuchawki nauszne LEXIBOOK Toy Story HPBT010TS;LEXIBOOK S.A.;Zabawki elektroniczne;-;https://www.mediaexpert.pl/zabawki/zabawki-kreatywne/zabawki-elektroniczne/zabawka-sluchawki-nauszne-lexibook-toy-story-hpbt010ts;99.99;124.99;124.99;ME1409-200926
2026-09-19 17:28:33;Media Expert;Zabawka CHICCO My Wood Friends Rodziny z farmy Owieczki 00012668800000;CHICCO;Pozostałe zabawki;-;https://www.mediaexpert.pl/zabawki/pozostale-zabawki/zabawka-chicco-my-wood-friends-rodziny-z-farmy-owieczki-00012668800000;19.99;27.66;20.99;ME1509-240926
2026-09-19 17:28:33;Media Expert;Zawieszka do smoczka CHICCO Króliczek 00012543000000;CHICCO;Akcesoria do smoczków dla dzieci;-;https://www.mediaexpert.pl/agd-male/dla-dziecka/akcesoria-do-smoczkow-dla-dzieci/zawieszka-do-smoczka-chicco-kroliczek-00012543000000;19.99;29.99;20.99;ME1509-240926
2026-09-19 17:28:33;Media Expert;Zestaw kreatywny MAPED CREATIV Kolorowe stempelki Świat Księżniczek 907072;MAPED CREATIV;Zabawki kreatywne;-;https://www.mediaexpert.pl/zabawki/zabawki-kreatywne/zabawki-kreatywne/zestaw-kreatywny-maped-creativ-kolorowe-stempelki-swiat-ksiezniczek-907072;58.89;70.28;61.99;ME1509-240926
2026-09-19 17:28:34;Media Expert;Zabawka kalkulator LEXIBOOK Barbie C45BB;LEXIBOOK;Zabawki elektroniczne;-;https://www.mediaexpert.pl/zabawki/zabawki-kreatywne/zabawki-elektroniczne/zabawka-kalkulator-lexibook-barbie-c45bb;19.99;32.99;24.49;ME1509-240926
2026-09-19 17:28:34;Media Expert;Figurka CRA-Z-ART Disney Crystal Surprise - Kule niespodzianki CRS1D (1 figurka);CRA-Z-ART;Figurki dla dzieci;-;https://www.mediaexpert.pl/zabawki/lalki-i-figurki/figurki-dla-dzieci/figurka-cra-z-art-disney-crystal-surprise-kule-niespodzianki-crs1d-1-figurka;29.99;44.58;38.99;ME1509-240926
2026-09-19 17:28:34;Media Expert;Pistolet na wodę DUMEL Kurczak Bitwa Wodna DD30813;DUMEL;Pistolety na wodę;-;https://www.mediaexpert.pl/zabawki/zabawki-zrecznosciowe-i-plenerowe/pistolety-na-wode/pistolet-na-wode-dumel-kurczak-bitwa-wodna-dd30813;39.49;55.07;41.49;ME1509-240926
2026-09-19 17:28:34;Media Expert;Zabawka zmieniacz głosu LEXIBOOK Spy Mission RPSPY03;LEXIBOOK;Zabawki elektroniczne;-;https://www.mediaexpert.pl/zabawki/zabawki-kreatywne/zabawki-elektroniczne/zabawka-zmieniacz-glosu-lexibook-spy-mission-rpspy03;36.99;54.99;38.99;ME1509-240926
2026-09-19 17:28:35;Media Expert;Zabawka grabie długie GARDENA Ogrodnicze dla dzieci;GARDENA;Zabawki odgrywanie ról;-;https://www.mediaexpert.pl/zabawki/zabawki-odgrywanie-rol/zabawka-grabie-dlugie-gardena-ogrodnicze-dla-dzieci;39.49;59.99;41.49;ME1509-240926
2026-09-19 17:28:35;Media Expert;Zabawka COLOR BABY Psi Patrol Pistolet do baniek 39137;COLOR BABY;Bańki mydlane;-;https://www.mediaexpert.pl/zabawki/zabawki-zrecznosciowe-i-plenerowe/banki-mydlane/zabawka-color-baby-psi-patrol-pistolet-do-baniek-39137;33.49;54.99;34.99;ME1509-240926
2026-09-19 17:28:35;Media Expert;Zabawka zegarek KIDS EUROSWAN LTS00016-TY4022 Lotso Toy Story;KIDS EUROSWAN;Zabawki elektroniczne;-;https://www.mediaexpert.pl/zabawki/zabawki-kreatywne/zabawki-elektroniczne/zabawka-zegarek-kids-euroswan-lts00016-ty4022-lotso-toy-story;22.79;45.00;23.99;ME1509-240926
2026-09-19 17:28:35;Media Expert;Maskotka TY Beanie Boos Tabor Tygrys 90247;TY;Pluszaki;-;https://www.mediaexpert.pl/zabawki/zabawki-dla-najmlodszych/pluszaki/maskotka-ty-beanie-boos-tabor-tygrys-90247;41.79;64.99;43.99;ME1509-240926
2026-09-19 17:28:36;Media Expert;Zabawka budzik z projektorem LEXIBOOK Harry Potter RL977HP;LEXIBOOK;Zabawki elektroniczne;-;https://www.mediaexpert.pl/zabawki/zabawki-kreatywne/zabawki-elektroniczne/zabawka-budzik-z-projektorem-lexibook-harry-potter-rl977hp;65.99;89.99;68.99;ME1509-240926
2026-09-19 17:28:36;Media Expert;Zestaw do piasku COLOR BABY Disney Kraina Lodu 48204;COLOR BABY;Zabawki do piaskownicy;-;https://www.mediaexpert.pl/zabawki/zabawki-zrecznosciowe-i-plenerowe/zabawki-do-piaskownicy/zestaw-do-piasku-color-baby-disney-kraina-lodu-48201;39.49;64.99;41.49;ME1509-240926
2026-09-19 17:28:36;Media Expert;Samochód zdalnie sterowany TAIYO Mini Truck 400001DT;TAIYO;Samochody zdalnie sterowane;-;https://www.mediaexpert.pl/zabawki/kolejki-i-samochody-zabawkowe/samochody-zdalnie-sterowane/samochod-zdalnie-sterowany-taiyo-mini-truck-400001dt;42.99;69.99;44.99;ME1509-240926
2026-09-19 17:28:36;Media Expert;Samochód zdalnie sterowany SILVERLIT Exost Fusion Bolt TE20673;SILVERLIT;Samochody zdalnie sterowane;-;https://www.mediaexpert.pl/zabawki/kolejki-i-samochody-zabawkowe/samochody-zdalnie-sterowane/samochod-zdalnie-sterowany-silverlit-exost-fusion-bolt-te20673;104.49;132.73;109.99;ME1509-240926
2026-09-19 17:28:36;Media Expert;Samochód zdalnie sterowany SILVERLIT Exost Aqua Cyclone XS TE 20203;SILVERLIT;Samochody zdalnie sterowane;-;https://www.mediaexpert.pl/zabawki/kolejki-i-samochody-zabawkowe/samochody-zdalnie-sterowane/samochod-zdalnie-sterowany-silverlit-exost-aqua-cyclone-xs-te-20203;49.99;79.99;61.99;ME1509-240926
2026-09-19 17:28:37;Media Expert;Zabawka krótkofalówka LEXIBOOK Stitch TW18D;LEXIBOOK;Zabawki elektroniczne;-;https://www.mediaexpert.pl/zabawki/zabawki-kreatywne/zabawki-elektroniczne/zabawka-krotkofalowka-lexibook-stitch-tw18d;99.99;131.04;109.99;ME1509-240926
2026-09-19 17:28:37;Media Expert;Maskotka TY Beanie Boos Dangler Leniwiec 36759;TY;Pluszaki;-;https://www.mediaexpert.pl/zabawki/zabawki-dla-najmlodszych/pluszaki/maskotka-ty-beanie-boos-dangler-leniwiec-36759;104.49;137.13;109.99;ME1509-240926
2026-09-19 17:28:37;Media Expert;Zabawka słuchawki nauszne LEXIBOOK Star Wars Mandalorian Grogu HP010SW;LEXIBOOK;Zabawki elektroniczne;-;https://www.mediaexpert.pl/zabawki/zabawki-kreatywne/zabawki-elektroniczne/zabawka-sluchawki-nauszne-lexibook-star-wars-mandalorian-grogu-hp010sw;70.99;104.99;74.99;ME1509-240926
2026-09-19 17:28:37;Media Expert;Zabawka głośnik mobilny LEXIBOOK Sonic The Hedgehog BT018SN;LEXIBOOK;Zabawki elektroniczne;-;https://www.mediaexpert.pl/zabawki/zabawki-kreatywne/zabawki-elektroniczne/zabawka-glosnik-mobilny-lexibook-sonic-the-hedgehog-bt018sn;73.99;109.99;77.49;ME1509-240926
2026-09-19 17:28:38;Media Expert;Tablet do rysowania LEXIBOOK Disney Star Wars CRT10SW;LEXIBOOK;Tablety do rysowania dla dzieci;-;https://www.mediaexpert.pl/zabawki/zabawki-kreatywne/tablety-do-rysowania-dla-dzieci/tablet-do-rysowania-lexibook-disney-star-wars-crt10sw;89.99;128.77;94.99;ME1509-240926
2026-09-19 17:28:38;Media Expert;Wózek ASI Cloe Spacerowy ASI3712100;ASI;Lalki i akcesoria;-;https://www.mediaexpert.pl/zabawki/lalki-i-figurki/lalki-i-akcesoria/wozek-asi-cloe-spacerowy-asi3712100;99.99;139.99;109.99;ME1509-240926
2026-09-19 17:28:38;Media Expert;Zabawka lornetka KIDS EUROSWAN VK00004;KIDS EUROSWAN;Pozostałe zabawki;-;https://www.mediaexpert.pl/zabawki/pozostale-zabawki/zabawka-lornetka-kids-euroswan-vk00004;179.99;221.35;189.99;ME1509-240926
2026-09-19 17:28:38;Media Expert;Zabawka COLOR BABY Color Bubbles Pistolet do baniek Galaxy 47668;COLOR BABY;Bańki mydlane;-;https://www.mediaexpert.pl/zabawki/zabawki-zrecznosciowe-i-plenerowe/banki-mydlane/zabawka-color-baby-color-bubbles-pistolet-do-baniek-galaxy-47668;65.99;109.99;68.99;ME1509-240926
2026-09-19 17:28:39;Media Expert;Maskotka KIDROBOT Yummy World Stacks Pancake średni KR12817;KIDROBOT;Pluszaki;-;https://www.mediaexpert.pl/zabawki/zabawki-dla-najmlodszych/pluszaki/maskotka-kidrobot-yummy-world-stacks-pancake-sredni-kr12817;43.99;89.99;46.49;ME1509-240926
2026-09-19 17:28:39;Media Expert;Zabawka interaktywna DUMEL Tech Cudowny Rysownik DT38842;DUMEL;Zabawki edukacyjne;-;https://www.mediaexpert.pl/zabawki/zabawki-edukacyjne/zabawki-edukacyjne/zabawka-interaktywna-dumel-tech-cudowny-rysownik-dt38842;99.99;149.99;114.99;ME1509-240926
2026-09-19 17:28:39;Media Expert;Maskotka TY Beanie Boos Owczarek niemiecki Spirit 36766;TY;Pluszaki;-;https://www.mediaexpert.pl/zabawki/zabawki-dla-najmlodszych/pluszaki/maskotka-ty-beanie-boos-owczarek-niemiecki-spirit-36766;104.49;154.99;109.99;ME1509-240926
2026-09-19 17:28:39;Media Expert;Samochód zdalnie sterowany LEXIBOOK Programowalny RC20;LEXIBOOK S.A.;Samochody zdalnie sterowane;-;https://www.mediaexpert.pl/zabawki/kolejki-i-samochody-zabawkowe/samochody-zdalnie-sterowane/samochod-zdalnie-sterowany-lexibook-programowalny-rc20;87.99;139.99;92.99;ME1509-240926
2026-09-19 17:28:39;Media Expert;Zabawka budzik z lampką nocną KIDS EUROSWAN Sonic The Hedgehog 3D SNC3023M;KIDS EUROSWAN;Zabawki elektroniczne;-;https://www.mediaexpert.pl/zabawki/zabawki-kreatywne/zabawki-elektroniczne/zabawka-budzik-z-lampka-nocna-kids-euroswan-sonic-the-hedgehog-3d-snc3023m;109.99;164.99;116.99;ME1509-240926
2026-09-19 17:28:40;Media Expert;Zabawka zestaw do stylizacji CRA-Z-ART My Look Beauty i moda 9w1 CRSS83;CRA-Z-ART;Zabawki odgrywanie ról;-;https://www.mediaexpert.pl/zabawki/zabawki-odgrywanie-rol/zabawka-zestaw-do-stylizacji-cra-z-art-my-look-beauty-i-moda-9w1-crss83;99.99;159.99;104.99;ME1509-240926
2026-09-19 17:28:40;Media Expert;Samochód zdalnie sterowany LEXIBOOK Wóz strażacki Crosslander Pro RCP20;LEXIBOOK;Samochody zdalnie sterowane;-;https://www.mediaexpert.pl/zabawki/kolejki-i-samochody-zabawkowe/samochody-zdalnie-sterowane/samochod-zdalnie-sterowany-lexibook-woz-strazacki-crosslander-pro-rcp20;142.49;209.99;149.99;ME1509-240926
2026-09-19 17:28:40;Media Expert;Zabawka zegarek z kamerą LEXIBOOK Naruto DMW070NA;LEXIBOOK;Zabawki elektroniczne;-;https://www.mediaexpert.pl/zabawki/zabawki-kreatywne/zabawki-elektroniczne/zabawka-zegarek-z-kamera-lexibook-naruto-dmw070na;129.99;201.96;149.99;ME1509-240926
2026-09-19 17:28:40;Media Expert;Zabawka keyboard REIG MUSICALES mata muzyczna Psi Patrol 2594;REIG MUSICALES;Instrumenty dla dzieci;-;https://www.mediaexpert.pl/zabawki/instrumenty-dla-dzieci/zabawka-keyboard-reig-musicales-mata-muzyczna-psi-patrol-2594;129.99;209.99;139.49;ME1509-240926
2026-09-19 17:28:41;Media Expert;Zabawka smartwatch KIDS EUROSWAN Disney Stitch LAS4210;KIDS EUROSWAN;Zabawki elektroniczne;-;https://www.mediaexpert.pl/zabawki/zabawki-kreatywne/zabawki-elektroniczne/zabawka-smartwatch-kids-euroswan-disney-stitch-las4210;174.99;269.99;184.99;ME1509-240926
2026-09-19 17:28:41;Media Expert;Maskotka TY Beanie Babies Peppa Malac Peppa 96281;TY;Pluszaki;-;https://www.mediaexpert.pl/zabawki/zabawki-dla-najmlodszych/pluszaki/maskotka-ty-beanie-babies-peppa-malac-peppa-96281;339.99;499.99;354.99;ME1509-240926
2026-09-19 17:28:41;Media Expert;Zestaw figurek COBI Terror Fried Paskudne kąski CHA-08091;COBI;Figurki dla dzieci;-;https://www.mediaexpert.pl/zabawki/lalki-i-figurki/figurki-dla-dzieci/zestaw-figurek-cobi-terror-fried-paskudne-kaski-cha-08091;14.99;24.99;22.52;ME1709-101026
2026-09-19 17:28:41;Media Expert;Laktator KINDERKRAFT Hands Free MamaFlow Biało-złoty;KINDERKRAFT;Laktatory;-;https://www.mediaexpert.pl/agd-male/dla-dziecka/laktatory/pojedynczy-laktator-kinderkraft-hands-free-mamaflow-gold;244.99;254.99;249.99;ME1109-220926
2026-09-19 17:28:42;Media Expert;Łóżeczko turystyczne KINDERKRAFT Joy 2 Ciemnoszary;KINDERKRAFT;Łóżeczka dziecięce;-;https://www.mediaexpert.pl/agd-male/dla-dziecka/lozeczka-dzieciece/lozeczko-turystyczne-kinderkraft-joy-2-ciemnoszary;188.99;219.99;219.99;ME1109-220926
