2026-09-19 17:27:04;Media Expert;"Telewizor LG 43QNED7EB3C 43"" MINILED 4K WebOS TV";LG;Telewizory;-;https://www.mediaexpert.pl/telewizory-i-rtv/telewizory/telewizor-lg-43qned7eb3c-43-miniled-4k-webos-tv;1799.00;2199.99;1899.00;WRZESIEN1809
2026-09-19 17:27:04;Media Expert;Wzmacniacz sieci FRITZ Repeater 2700 2.4 / 5 GHz, Wi-Fi 7 (802.11 a/g/n/ac/ax/be);FRITZ!;Wzmacniacze Wi-Fi;-;https://www.mediaexpert.pl/komputery-i-tablety/urzadzenia-sieciowe/wzmacniacze-wi-fi/wzmacniacz-sieci-fritz-repeater-2700-2-4-5-ghz-wi-fi-7-802-11-a-g-n-ac-ax-be;649.00;819.99;819.99;WRZESIEN1809
2026-09-19 17:27:05;Media Expert;Apple Watch 11 GPS + Cellular 42mm koperta z tytanu (naturalny) + pasek sportowy rozmiar S/M (górska szarość);APPLE;Smartwatche;-;https://www.mediaexpert.pl/smartfony-i-zegarki/smartwatche-i-zegarki/smartwatche/smartwatch-apple-watch-11-42-nt-ti-sg-sb-sm-cel-mgp;2299.00;3299.00;2599.00;WRZESIEN1809
2026-09-19 17:27:05;Media Expert;Pralka BEKO b300 BM3WFU37215WAR 7kg Slim 46.8cm 1200obr;BEKO;Pralki;-;https://www.mediaexpert.pl/agd/pralki-i-suszarki/pralki/pralka-beko-bm3wfu37215war-7kg-1200-obr;1299.00;1799.99;1349.99;WRZESIEN1809
2026-09-19 17:27:05;Media Expert;Zmywarka SAMSUNG DW50R4071BB;SAMSUNG;Zmywarki do zabudowy;-;https://www.mediaexpert.pl/agd-do-zabudowy/zmywarki-do-zabudowy/zmywarka-samusng-dw50r4071bb-10kpl-6pr-44db-a-3kosz-45cm;1399.00;1599.99;1599.99;WRZESIEN1809
2026-09-19 17:27:05;Media Expert;Robot kuchenny planetarny BOSCH MUM9B34S27 Optimum 1400W z maszynką do mięsa i blenderem kielichowym;BOSCH;Roboty kuchenne;-;https://www.mediaexpert.pl/agd-male/do-kuchni/roboty-kuchenne/robot-planetarny-bosch-mum9b34s27-optimum-metal-1400w;2119.00;2439.99;2123.70;WRZESIEN1809
2026-09-19 17:27:05;Media Expert;Zapięcie rowerowe TRELOCK LC 680 1100-95 Łańcuch Czarny;TRELOCK;Zabezpieczenie roweru;-;https://www.mediaexpert.pl/rowery/akcesoria-do-rowerow/zamki-i-zapiecia/zapiecie-rowerowe-trelock-lc-680-1100-95-lancuch-czarny;299.99;599.99;499.99;WRZESIEN1809
2026-09-19 17:27:06;Media Expert;Kabel USB - USB-C XLINE 60W 1.5 m;XLINE;Kable do telefonów;-;https://www.mediaexpert.pl/smartfony-i-zegarki/akcesoria-do-telefonow/kable-i-przewody/kabel-usb-usb-typ-c-xline-60w-1-5-m;89.99;89.99;0.00;
2026-09-19 17:27:06;Media Expert;Yerba Mate MATE GREEN Mango Tropicales 500 g;MATE GREEN;Yerba Mate;-;https://www.mediaexpert.pl/supermarket/herbaty-i-dodatki/yerba-mate/yerba-mate-green-mango-tropicales-500-g;29.99;29.99;0.00;
2026-09-19 17:27:06;Media Expert;"Telewizor HISENSE 65U78Q Pro 65"" MINILED 4K 165Hz VRR VIDAA Dolby Vision Dolby Atmos HDMI 2.1";HISENSE;Telewizory;-;https://www.mediaexpert.pl/telewizory-i-rtv/telewizory/telewizor-hisense-65u78q-pro-65-miniled-4k-165hz-vrr-vidaa-dolby-vision-dolby-atmos-hdmi-2-1;4497.96;4999.99;4497.97;RW0109-3009
2026-09-19 17:27:06;Media Expert;"Telewizor TCL 43S59K 43"" QLED Android TV";TCL;Telewizory;-;https://www.mediaexpert.pl/telewizory-i-rtv/telewizory/telewizor-tcl-43s59k-fhd-qled-google-tv-2025;1199.00;1199.00;0.00;
2026-09-19 17:27:07;Media Expert;Soundbar SONY HT-S60/Bravia Theatre System 6 Czarny 5.1-kanałowy, 1000W, HDMI eARC, Bluetooth, Dolby Atmos, Dolby True HD, DTS:X;SONY;Soundbary;-;https://www.mediaexpert.pl/telewizory-i-rtv/kina-domowe/soundbary/soundbar-sony-ht-s60-czarny;2498.96;2999.99;2498.97;RW0109-3009
2026-09-19 17:27:07;Media Expert;Wieża KENWOOD M-9000S-S Srebrna, Odtw.CD/-R/-RW/MP3, Wi-Fi, BT, Radio internetowe, Spotify Connect, Tuner FM z RDS/DAB+;KENWOOD;Wieże;-;https://www.mediaexpert.pl/telewizory-i-rtv/hi-fi-audio/wieze-male/wieza-kenwood-m-9000s-s-srebrna;1254.99;1399.00;1259.98;ME1109-031026
2026-09-19 17:27:07;Media Expert;Kolumna głośnikowa MAGNAT Signature 607 Czarny (1szt.);MAGNAT;Kolumny głośnikowe;-;https://www.mediaexpert.pl/telewizory-i-rtv/kina-domowe/kolumny-audio/kolumna-glosnikowa-magnat-signature-607-czarny-1szt;2564.99;2849.00;2849.00;ME0709-300926
2026-09-19 17:27:07;Media Expert;Słuchawki dokanałowe CREATIVE Zen Air Plus ANC  Niebieski;CREATIVE;Słuchawki;-;https://www.mediaexpert.pl/telewizory-i-rtv/sluchawki/wszystkie-sluchawki/sluchawki-dokanalowe-creative-zen-air-plus-niebieski;144.00;149.99;146.63;ME0609-300926
2026-09-19 17:27:08;Media Expert;Słuchawki nauszne BEYERDYNAMIC DT 770 Pro 250 Ohm LE Czarny;BEYERDYNAMIC;Słuchawki;-;https://www.mediaexpert.pl/telewizory-i-rtv/sluchawki/wszystkie-sluchawki/sluchawki-nauszne-beyerdynamic-dt-770-pro-250-ohm-le-czarny;559.00;599.00;599.00;ME0609-300926
2026-09-19 17:27:08;Media Expert;Słuchawki nauszne JLAB Epic Work Czarny;JLAB;Słuchawki;-;https://www.mediaexpert.pl/telewizory-i-rtv/sluchawki/wszystkie-sluchawki/sluchawki-nauszne-jlab-epic-work-czarny;554.99;554.99;0.00;
2026-09-19 17:27:08;Media Expert;Głośnik mobilny BOSE SoundLink Home Drewno;BOSE;Głośniki Bluetooth;-;https://www.mediaexpert.pl/telewizory-i-rtv/hi-fi-audio/glosniki-mobilne/glosnik-mobilny-bose-soundlink-home-drewno;789.00;1299.99;789.93;WRZESIEN1809
2026-09-19 17:27:08;Media Expert;Radio HAWK Expedition R30 Analogowe Przenośne Zielono-czarny;HAWK;Radia awaryjne;-;https://www.mediaexpert.pl/telewizory-i-rtv/drobny-sprzet-rtv/radia-awaryjne/radio-hawk-expedition-r30-analogowe-przenosne-zielono-czarny;184.99;199.00;199.00;ME0709-300926
2026-09-19 17:27:09;Media Expert;Radio IMPERIAL Dabman i460 Cyfrowe Stacjonarne Czarny;IMPERIAL;Radia;-;https://www.mediaexpert.pl/telewizory-i-rtv/drobny-sprzet-rtv/radia/radio-imperial-dabman-i460-cyfrowe-stacjonarne-czarny;534.99;599.00;539.99;ME0709-300926
2026-09-19 17:27:09;Media Expert;Radioodtwarzacz / Bombox ELTRA CD 70 Inga Czarny, Odtwarzacz CD, CD-R, CD-RW, Wejście USB/AUX, Tuner FM, Zasilanie Bateryjne;ELTRA;Radioodtwarzacze;-;https://www.mediaexpert.pl/telewizory-i-rtv/drobny-sprzet-rtv/radioodtwarzacze/cd70-usb-inga-czarny;159.00;199.00;199.00;ME1409-071026
2026-09-19 17:27:09;Media Expert;Gramofon TEAC TN 180BT A3 Czarny;TEAC;Gramofony;-;https://www.mediaexpert.pl/telewizory-i-rtv/hi-fi-audio/gramofony/gramofon-teac-tn-180bt-a3-czarny-z-bt;764.99;849.00;849.00;ME0709-300926
2026-09-19 17:27:09;Media Expert;Gramofon LENCO LBTA-166SI Bluetooth Jasne drewno;LENCO;Gramofony;-;https://www.mediaexpert.pl/telewizory-i-rtv/hi-fi-audio/gramofony/gramofon-lenco-lbta-166si-bluetooth-jasne-drewno;804.99;899.00;809.98;ME0709-300926
2026-09-19 17:27:10;Media Expert;Głośniki samochodowe PIONEER TS-A1301C;PIONEER;Głośniki samochodowe;-;https://www.mediaexpert.pl/telewizory-i-rtv/car-audio/glosniki/glosniki-samochodowe-pioneer-ts-a1301c;319.99;369.00;369.00;ME0709-300926
2026-09-19 17:27:10;Media Expert;Kabel HDMI - HDMI 4K GOLDENLINE 2 m;GOLDENLINE;Kable audio-video;-;https://www.mediaexpert.pl/telewizory-i-rtv/kable-telewizyjne-i-audio/przewody-audio-video/przewod-hdmi-hdmi-gotze-jensen-goldenline-2-0m-2-0-hcg202k-a-a;19.99;44.99;44.99;RW0409-3009
2026-09-19 17:27:10;Media Expert;Głośnik mobilny XMUSIC BTS850K  Bluetooth 5.0, 30W, IPX6, Przenośny z TWS, Powerbank & Radio FM , Czarny;XMUSIC;Głośniki Bluetooth;-;https://www.mediaexpert.pl/telewizory-i-rtv/hi-fi-audio/glosniki-mobilne/glosnik-mobilny-xmusic-bts850k-czarny;159.98;199.99;199.99;RW0109-3009
2026-09-19 17:27:10;Media Expert;"Laptop ACER Nitro V 17 AI ANV17-41 NH.QYVEP.00B 17.3"" IPS 165Hz R7-260 16GB RAM 1TB SSD GeForce RTX5060 DLSS 4, Funkcje AI";ACER;Laptopy;-;https://www.mediaexpert.pl/komputery-i-tablety/laptopy-i-ultrabooki/laptopy/laptop-acer-nitro-v-17-ai-anv17-41-nh-qyvep-00b-17-3-ips-165hz-r7-260-16gb-ram-1tb-ssd-geforce-rtx5060-dlss-4-funkcje-ai;4939.00;6999.99;6099.00;WRZESIEN1809
2026-09-19 17:27:10;Media Expert;"Tablet XIAOMI Pad 8 Pro 11.2"" 12/512 GB Wi-Fi Niebieski";XIAOMI;Tablety;-;https://www.mediaexpert.pl/komputery-i-tablety/tablety-i-e-booki/tablety/tablet-xiaomi-pad-8-pro-11-2-12-512-gb-wi-fi-niebieski;2499.00;2899.00;2599.00;ME1709-220926
2026-09-19 17:27:11;Media Expert;Tablet graficzny WACOM Intuos M;WACOM;Tablety graficzne;-;https://www.mediaexpert.pl/komputery-i-tablety/akcesoria-komputerowe/tablety-graficzne/tablet-graficzny-wacom-intuos-m;298.99;369.00;299.00;ME1509-270926
2026-09-19 17:27:11;Media Expert;Tablet graficzny HUION Frego S L310 Czarny;HUION;Tablety graficzne;-;https://www.mediaexpert.pl/komputery-i-tablety/akcesoria-komputerowe/tablety-graficzne/tablet-graficzny-huion-frego-s-l310-czarny;299.00;329.00;299.99;ME1509-270926
2026-09-19 17:27:11;Media Expert;Tablet graficzny WACOM Intuos Pro S;WACOM;Tablety graficzne;-;https://www.mediaexpert.pl/komputery-i-tablety/akcesoria-komputerowe/tablety-graficzne/tablet-graficzny-wacom-intuos-pro-s-1;1029.00;1029.00;0.00;
2026-09-19 17:27:11;Media Expert;"Komputer All in One LENOVO IdeaCentre 27ILL11 27"" IPS Ultra 5-226V 16GB RAM 1TB SSD Windows 11 Home";LENOVO;Komputery All in One;-;https://www.mediaexpert.pl/komputery-i-tablety/komputery-pc/komputery-all-in-one/komputer-all-in-one-lenovo-ideacentre-27ill11-27-ips-ultra-5-226v-16gb-ram-1tb-ssd-windows-11-home;4264.99;4599.00;4364.99;ME0709-300926
2026-09-19 17:27:12;Media Expert;"Monitor ACER Nitro ED340CURW0BMIIPX 34"" 3440x1440px 240Hz 1 ms [VRB] Curved";ACER;Monitory;-;https://www.mediaexpert.pl/komputery-i-tablety/monitory-led/monitor-acer-nitro-ed340curw0bmiipx-34-3440x1440px-240hz-1-ms-vrb-curved;1299.94;1439.99;1299.95;RW0109-3009
2026-09-19 17:27:12;Media Expert;Urządzenie wielofunkcyjne CANON i-SENSYS MF664Cdw Druk w kolorze, Automatyczny druk dwustronny, Wi-Fi;CANON;Urządzenia wielofunkcyjne;-;https://www.mediaexpert.pl/komputery-i-tablety/drukarki-i-urzadzenia-biurowe/urzadzenia-wielofunkcyjne/urzadzenie-wielofunkcyjne-canon-i-sensys-mf664cdw-druk-w-kolorze-automatyczny-druk-dwustronny-wi-fi;1259.00;1649.99;1449.00;BTU1009-2409
2026-09-19 17:27:12;Media Expert;Klawiatura KEYCHRON C3HE-G75;KEYCHRON;Klawiatury;-;https://www.mediaexpert.pl/komputery-i-tablety/klawiatury-komputerowe/klawiatury/klawiatura-keychron-c3he-g75;329.97;369.99;329.98;RW0109-3009
2026-09-19 17:27:12;Media Expert;Klawiatura KEYSONIC KSK-8030IN;KEYSONIC;Klawiatury;-;https://www.mediaexpert.pl/komputery-i-tablety/klawiatury-komputerowe/klawiatury/klawiatura-keysonic-ksk-8030in;199.99;239.99;239.99;ME1109-300926
2026-09-19 17:27:13;Media Expert;Mysz TRUST Ferro Hyperwheel Biały;TRUST;Myszki;-;https://www.mediaexpert.pl/komputery-i-tablety/myszy-komputerowe/myszki-uniwersalne/mysz-trust-ferro-hyperwheel-bialy;54.99;79.00;59.99;ME1509-300926
2026-09-19 17:27:13;Media Expert;Mysz PORT CONNECT Ergo Auditor;PORT CONNECT;Myszki;-;https://www.mediaexpert.pl/komputery-i-tablety/myszy-komputerowe/myszki-uniwersalne/mysz-port-connect-ergo-auditor;199.99;229.99;229.99;ME1109-300926
2026-09-19 17:27:13;Media Expert;Projektor HAWK PJ10 HD (1280 x 720), 250 ANSI lumen, Wi-Fi, Bluetooth;HAWK;Projektory;-;https://www.mediaexpert.pl/telewizory-i-rtv/projektory/projektory-tradycyjne/projektor-hawk-pj10-hd-1280-x-720-250-ansi-lumen-wi-fi-bluetooth;248.99;499.00;249.00;ME1208-260926
2026-09-19 17:27:13;Media Expert;Głośniki SVEN MC-30 2.0, Komunikacja bezprzewodowa;SVEN;Głośniki komputerowe;-;https://www.mediaexpert.pl/komputery-i-tablety/sluchawki-i-glosniki-komputerowe/glosniki-komputerowe/glosniki-sven-mc-30-2-0-komunikacja-bezprzewodowa;939.00;1199.00;1199.00;ME1009-300926
2026-09-19 17:27:14;Media Expert;Procesor INTEL Core i7-14700F;INTEL;Procesory;-;https://www.mediaexpert.pl/komputery-i-tablety/podzespoly-komputerowe/procesory/procesor-intel-core-i7-14700f;1319.00;1349.00;1349.00;ME1509-270926
2026-09-19 17:27:14;Media Expert;Płyta główna GIGABYTE B860M Eagle;GIGABYTE;Płyty główne;-;https://www.mediaexpert.pl/komputery-i-tablety/podzespoly-komputerowe/plyty-glowne/plyta-glowna-gigabyte-b860m-eagle;835.69;835.69;0.00;ML2508-300926
2026-09-19 17:27:14;Media Expert;Płyta główna ASUS ROG Strix Z890-I Gaming WiFi;ASUS;Płyty główne;-;https://www.mediaexpert.pl/komputery-i-tablety/podzespoly-komputerowe/plyty-glowne/plyta-glowna-asus-rog-strix-z890-i-gaming-wifi;2049.99;2189.00;2189.00;ME0609-300926
2026-09-19 17:27:14;Media Expert;Płyta główna ASUS ROG Strix B850-I Gaming WiFi;ASUS;Płyty główne;-;https://www.mediaexpert.pl/komputery-i-tablety/podzespoly-komputerowe/plyty-glowne/plyta-glowna-asus-rog-strix-b850-i-gaming-wifi;1449.00;1449.00;0.00;
2026-09-19 17:27:14;Media Expert;Obudowa THERMALRIGHT A70 ARGB Biały;THERMALRIGHT;Obudowy do komputera;-;https://www.mediaexpert.pl/komputery-i-tablety/podzespoly-komputerowe/obudowy/obudowa-thermalright-a70-argb-bialy;399.00;479.00;479.00;ME1409-270926
2026-09-19 17:27:15;Media Expert;Podkładka STEELSERIES QcK Performance XL Balance;STEELSERIES;Podkładki pod myszkę;-;https://www.mediaexpert.pl/komputery-i-tablety/myszy-komputerowe/podkladki/podkladka-steelseries-qck-performance-xl-balance;179.99;209.99;209.00;ME0609-230926
2026-09-19 17:27:15;Media Expert;"Smartfon OPPO Reno 15 Pro 5G 12/512GB 6.32"" 120Hz Brązowy";OPPO;Smartfony;-;https://www.mediaexpert.pl/smartfony-i-zegarki/smartfony/smartfon-oppo-reno-15-pro-5g-12-512gb-6-32-120hz-brazowy;3199.00;3299.00;3299.00;ME1709-220926
2026-09-19 17:27:15;Media Expert;"Smartfon GARETT OneKid Phone 48MB/16GB 2.8"" 60Hz Różowy";GARETT;Smartfony;-;https://www.mediaexpert.pl/smartfony-i-zegarki/smartfony/smartfon-garett-onekid-phone-48mb-16gb-2-8-60hz-rozowy;269.99;349.00;299.00;ME1709-220926
2026-09-19 17:27:15;Media Expert;"Smartfon NOTHING Phone 4a 5G 12/256GB 6.78"" 120Hz Biały";NOTHING;Smartfony;-;https://www.mediaexpert.pl/smartfony-i-zegarki/smartfony/smartfon-nothing-phone-4a-5g-12-256gb-6-78-120hz-bialy;1999.00;2149.00;2149.00;ME1709-220926
2026-09-19 17:27:16;Media Expert;"Smartfon ULEFONE RugKing 4 Pro 8/128GB 6.56"" 120Hz Pomarańczowy";ULEFONE;Smartfony;-;https://www.mediaexpert.pl/smartfony-i-zegarki/smartfony/smartfon-ulefone-rugking-4-pro-8-128gb-6-56-120hz-pomaranczowy;829.00;929.00;929.00;ME1709-220926
2026-09-19 17:27:16;Media Expert;"Smartfon ULEFONE Armor 25T 6/256GB 6.78"" 120 Hz Czarny";ULEFONE;Smartfony;-;https://www.mediaexpert.pl/smartfony-i-zegarki/smartfony/smartfon-ulefone-armor-25t-6-256gb-6-78-120-hz-czarny-1;1289.00;1289.00;0.00;
2026-09-19 17:27:16;Media Expert;Smartwatch MOTOROLA Moto Watch Czarny;MOTOROLA;Smartwatche;-;https://www.mediaexpert.pl/smartfony-i-zegarki/smartwatche-i-zegarki/smartwatche/smartwatch-motorola-moto-watch-czarny;259.99;299.00;299.00;ME1709-220926
2026-09-19 17:27:16;Media Expert;Apple Watch 11 GPS + Cellular 46mm koperta z tytanu (naturalny) + pasek sportowy rozmiar M/L (górska szarość);APPLE;Smartwatche;-;https://www.mediaexpert.pl/smartfony-i-zegarki/smartwatche-i-zegarki/smartwatche/smartwatch-apple-watch-11-46-nt-ti-sg-sb-ml-cel-mgp;3349.00;3349.00;0.00;
2026-09-19 17:27:17;Media Expert;Smartring MAXCOM mRing MR200 57mm Czarny;MAXCOM;Smart Ringi;-;https://www.mediaexpert.pl/smartfony-i-zegarki/smartwatche-i-zegarki/smart-ringi/smartring-maxcom-mring-mr200-57mm-czarny;249.00;249.99;249.99;ME1908-300926
2026-09-19 17:27:17;Media Expert;Obiektyw ULANZI Super Macro 75mm;ULANZI;Pozostałe akcesoria do telefonów;-;https://www.mediaexpert.pl/smartfony-i-zegarki/akcesoria-do-telefonow/pozostale-akcesoria-do-telefonow/tele-obiektyw-75-mm-super-macro-ulanzi-do-telefonu;199.99;219.00;204.93;ME1609-031026
2026-09-19 17:27:17;Media Expert;Klawiatura KEYCHRON K12-G3 Wireless Gateron G Pro Brown Czarny;KEYCHRON;Klawiatury;-;https://www.mediaexpert.pl/komputery-i-tablety/klawiatury-komputerowe/klawiatury/klawiatura-keychron-k12-g3-wireless-gateron-g-pro-brown-czarny;137.00;229.99;138.00;PNU1809-2409
2026-09-19 17:27:17;Media Expert;Klawiatura GENESIS Thor 230 TKL Outemu Red Anchor Gray Positive;GENESIS;Klawiatury;-;https://www.mediaexpert.pl/komputery-i-tablety/klawiatury-komputerowe/klawiatury/klawiatura-genesis-thor-230-tkl-outemu-red-anchor-gray-positive;159.99;159.99;0.00;
2026-09-19 17:27:18;Media Expert;Mysz RAZER DeathAdder V2 X HyperSpeed;RAZER;Myszki;-;https://www.mediaexpert.pl/komputery-i-tablety/myszy-komputerowe/myszki-uniwersalne/mysz-razer-deathadder-v2-x-hyperspeed;218.99;218.99;0.00;
2026-09-19 17:27:18;Media Expert;Słuchawki HYPERX Cloud Stinger 2 Core PS Nauszne Czarny;HYPERX;Słuchawki z mikrofonem;-;https://www.mediaexpert.pl/komputery-i-tablety/sluchawki-i-glosniki-komputerowe/sluchawki-z-mikrofonem/sluchawki-hyperx-cloud-stinger-2-core-ps;169.00;189.00;169.31;ML1909-041026
2026-09-19 17:27:18;Media Expert;Fotel gamingowy RAZER Iskur V2 X Newgen Czarno-zielony;RAZER;Fotele gamingowe;-;https://www.mediaexpert.pl/gaming/pokoj-gracza/fotele-gamingowe/fotel-gamingowy-razer-iskur-v2-x-newgen-czarno-zielony;1169.99;1299.00;1299.00;ME0709-300926
2026-09-19 17:27:18;Media Expert;Kontroler SNAKEBYTE SB922565 Transparentny RGB;SNAKEBYTE;Pady;-;https://www.mediaexpert.pl/gaming/kontrolery-pady/kontroler-snakebyte-sb922565-transparentny-rgb;109.99;129.99;120.90;ME1909-031026
2026-09-19 17:27:19;Media Expert;Yoshi and the Mysterious Book Gra NINTENDO SWITCH 2;NINTENDO;Gry;-;https://www.mediaexpert.pl/gaming/gry/gry/yoshi-and-the-mysterious-book-gra-nintendo-switch-2;239.00;249.99;239.42;ME1509-270926
2026-09-19 17:27:19;Media Expert;Aparat FUJIFILM Instax Mini 13 Różowy;FUJIFILM;Aparaty natychmiastowe;-;https://www.mediaexpert.pl/foto-i-kamery/aparaty-fotograficzne/aparaty-natychmiastowe/aparat-fujifilm-instax-mini-13-rozowy;374.99;379.99;375.00;AK1809-1909
2026-09-19 17:27:19;Media Expert;Kamera sportowa INSTA360 ACE PRO 2, Podwójne wsparcie AI, filmy 8K 30FPS, Wi-Fi, Bluetooth;INSTA360;Kamery sportowe;-;https://www.mediaexpert.pl/foto-i-kamery/kamery/kamery-sportowe/kamera-sportowa-insta360-ace-pro-2-czarny;1519.00;1649.00;1569.00;ME1509-270926
2026-09-19 17:27:19;Media Expert;Kamera termowizyjna BOSCH Professional GTC400C 0601083108;BOSCH;Kamery termowizyjne;-;https://www.mediaexpert.pl/foto-i-kamery/kamery/kamery-termowizyjne/kamera-termowizyjna-bosch-professional-gtc400c-0601083108;3899.00;4149.00;3906.00;ME1109-300926
2026-09-19 17:27:19;Media Expert;Dron DJI Avata 360 z aparaturą RC 2, FPV, filmy 360° w jakości 8K/60FPS HDR, wbudowana osłona śmigieł;DJI;Drony;-;https://www.mediaexpert.pl/foto-i-kamery/drony-i-akcesoria/drony/dron-dji-avata-360-dji-rc-2;2759.00;2759.00;0.00;
2026-09-19 17:27:20;Media Expert;Lodówka AMICA FK2515.4UT(E) 170cm Biała;AMICA;Lodówki;-;https://www.mediaexpert.pl/agd/lodowki-i-zamrazarki/lodowki/lodowka-amica-fk2515-4ut-e-170cm-biala;1199.00;1299.00;1299.00;ME1109-031026
2026-09-19 17:27:20;Media Expert;Lodówka AMICA FK2695.4FT(E) No frost 170cm Biała;AMICA;Lodówki;-;https://www.mediaexpert.pl/agd/lodowki-i-zamrazarki/lodowki/lodowka-amica-fk2695-4ft-e-no-frost-170cm-biala;1699.00;1899.99;1799.00;WRZESIEN1809
2026-09-19 17:27:20;Media Expert;Lodówka SHARP SJ-FBB02DTXWE-EU 152cm Biała;SHARP;Lodówki;-;https://www.mediaexpert.pl/agd/lodowki-i-zamrazarki/lodowki/lodowka-sharp-sj-fbb02dtxwe-eu-152cm-biala;1197.00;1349.99;1198.99;WRZESIEN1809
2026-09-19 17:27:20;Media Expert;Lodówka MPM 286-KB-34/E 180cm Biała;MPM;Lodówki;-;https://www.mediaexpert.pl/agd/lodowki-i-zamrazarki/lodowki/lodowka-mpm-286-kb-34-e-180cm-biala;1274.99;1349.00;1279.97;ME0709-300926
2026-09-19 17:27:21;Media Expert;Lodówka TCL RP382BBD0EU No frost 203cm Czarna stalowa;TCL;Lodówki;-;https://www.mediaexpert.pl/agd/lodowki-i-zamrazarki/lodowki/lodowka-tcl-rp382bbd0eu-no-frost-203cm-czarna-stalowa;1998.97;2299.00;1998.98;ME1509-071026
2026-09-19 17:27:21;Media Expert;Lodówka SAMSUNG RB53DG706BS9EO No frost AI Energy Mode 203cm Szczotkowana stal nierdzewna;SAMSUNG;Lodówki;-;https://www.mediaexpert.pl/agd/lodowki-i-zamrazarki/lodowki/lodowka-samsung-rb53dg706bs9eo-no-frost-203cm-szczotkowana-stal-nierdzewna;4490.00;4990.00;4499.00;ME0709-300926
2026-09-19 17:27:21;Media Expert;Lodówka DREAME Combi MegaPro 1.85M-C DRB400WMBCEU No frost 185cm Inox;DREAME;Lodówki;-;https://www.mediaexpert.pl/agd/lodowki-i-zamrazarki/lodowki/lodowka-dreame-combi-megapro-1-85m-c-drb400wmbceu-no-frost-185cm-inox;2069.99;2299.00;2184.97;ME0809-300926
2026-09-19 17:27:21;Media Expert;Lodówka MPM 125-CZ-08/E 115cm Biała;MPM;Lodówki;-;https://www.mediaexpert.pl/agd/lodowki-i-zamrazarki/lodowki/lodowka-mpm-125-cz-08-e-115cm-biala;849.00;999.99;898.99;ME1109-031026
2026-09-19 17:27:22;Media Expert;Lodówka SBS 90 Series 5 HAIER HSW59F18EIPT No frost  Side by side 177.5cm Czarna;HAIER;Lodówki;-;https://www.mediaexpert.pl/agd/lodowki-i-zamrazarki/lodowki/lodowka-haier-hsw59f18eipt-no-frost-177-5cm-czarny;4299.00;4699.00;4498.96;ME0809-300926
2026-09-19 17:27:22;Media Expert;Lodówka ELECTROLUX Seria 900 ELT9VE52U0 No frost Side by side 190cm Srebrna;ELECTROLUX;Lodówki;-;https://www.mediaexpert.pl/agd/lodowki-i-zamrazarki/lodowki/lodowka-electrolux-elt9ve52u0;5509.99;5799.00;5548.99;ME0709-300926
2026-09-19 17:27:22;Media Expert;Lodówka MPM 112-CJ-16/AA 84cm Srebrna;MPM;Lodówki;-;https://www.mediaexpert.pl/agd/lodowki-i-zamrazarki/lodowki/lodowka-mpm-112-cj-16-aa-84cm-srebrna;599.00;689.99;683.37;ME1609-031026
2026-09-19 17:27:22;Media Expert;Witryna chłodnicza przemysłowa BEKO PROFESSIONAL ADN 140B BP;BEKO PROFESSIONAL;Chłodziarki przemysłowe;-;https://www.mediaexpert.pl/agd/agd-przemyslowe/chlodziarki-przemyslowe/witryna-chlodnicza-przemyslowa-beko-professional-adn-140b-bp;1889.99;1999.00;1894.98;ME0909-300926
2026-09-19 17:27:23;Media Expert;Pralka HISENSE Seria 3S WF3S8045BW3PL 8kg Slim 48cm 1400obr Sterowanie smartfonem;HISENSE;Pralki;-;https://www.mediaexpert.pl/agd/pralki-i-suszarki/pralki/pralka-hisense-wf3s8045bw3pl-8kg-1400-obr-autodozowanie;2398.96;2599.99;2398.97;RW0109-3009
2026-09-19 17:27:23;Media Expert;Pralka HAIER X7 HW80-BD14MEPTU1 8kg Slim 45.2cm 1400obr AI Smart Sterowanie smartfonem;HAIER;Pralki;-;https://www.mediaexpert.pl/agd/pralki-i-suszarki/pralki/pralka-haier-ai-x7-hw80-bd14meptu1-8kg-1400-obr;2669.99;2799.00;2799.00;ME0109-300926
2026-09-19 17:27:23;Media Expert;Pralka TCL Seria F2 FF0610WB0PL 6kg Slim 38cm 1000obr;TCL;Pralki;-;https://www.mediaexpert.pl/agd/pralki-i-suszarki/pralki/pralka-tcl-seria-f2-ff0610wb0pl-6kg-1000-obr;888.99;1099.00;889.00;ME0809-300926
2026-09-19 17:27:23;Media Expert;Pralka HAIER Seria X 11 HW100-BD14397U1S 10kg 57.2cm 1400obr AI Smart Cycle Sterowanie smartfonem;HAIER;Pralki;-;https://www.mediaexpert.pl/agd/pralki-i-suszarki/pralki/pralka-haier-hw100-bd14397u1s-10kg-1400-obr;3697.00;4099.99;3697.00;ME0509-300926
2026-09-19 17:27:23;Media Expert;Pralka MPM 5914-PT-51 9kg 56cm 1400obr;MPM;Pralki;-;https://www.mediaexpert.pl/agd/pralki-i-suszarki/pralki/pralka-mpm-5914-pt-51-9kg-56cm-1400obr;1499.00;1699.99;1699.99;ME0909-300926
2026-09-19 17:27:24;Media Expert;Pralka HAIER X7 HW90-BD14MEPGU1 9kg 54.4cm 1400obr AI Dynamic Balance, Smart Sterowanie smartfonem;HAIER;Pralki;-;https://www.mediaexpert.pl/agd/pralki-i-suszarki/pralki/pralka-haier-x7-hw90-bd14mepgu1-9kg-1400-obr-min-smart-dual-spray-hon-smart-dosing-polar-gray;2654.99;2654.99;0.00;
2026-09-19 17:27:24;Media Expert;Pralka ELECTROLUX 700 SteamCare EW7T4272P 7kg 60cm 1200obr;ELECTROLUX;Pralki;-;https://www.mediaexpert.pl/agd/pralki-i-suszarki/pralki/pralka-electrolux-ew7t4272p-7kg-1200-obr;2097.00;2469.00;2097.99;ME0809-300926
2026-09-19 17:27:24;Media Expert;Pralka HAIER Seria 9 HW90-BPD13386U-S 9kg 63.5cm 1300obr Smart AI Sterowanie smartfonem;HAIER;Pralki;-;https://www.mediaexpert.pl/agd/pralki-i-suszarki/pralki/pralka-haier-ai-seria-9-hw90-bpd13386u1-9kg-1300-obr-autodos;3314.99;3499.00;3319.98;ME0709-300926
2026-09-19 17:27:24;Media Expert;Suszarka ELECTROLUX 700 DelicateCare MEWD4E9C7CP 63.6 cm  Sterowanie smartfonem;ELECTROLUX;Suszarki;-;https://www.mediaexpert.pl/agd/pralki-i-suszarki/suszarki/suszarka-electrolux-mewd4e9c7cp-absolute-care-700-delicatecare-9-kg;3298.96;3699.99;3298.97;RW0109-3009
2026-09-19 17:27:25;Media Expert;Suszarka LG RHX7010TBB 61.5 cm Funkcje AI Sterowanie smartfonem;LG;Suszarki;-;https://www.mediaexpert.pl/agd/pralki-i-suszarki/suszarki/suszarka-lg-rhx7010tbb;4749.99;4999.00;4999.00;ME0109-300926
2026-09-19 17:27:25;Media Expert;Suszarka CANDY ProDry 300 GD 8N3B-S 54.8 cm Funkcje AI;CANDY;Suszarki;-;https://www.mediaexpert.pl/agd/pralki-i-suszarki/suszarki/suszarka-candy-ai-prodry-300-gd-8n3b-s-z-pompa-ciepla;1949.99;2299.00;1954.98;ME0709-300926
2026-09-19 17:27:25;Media Expert;Suszarka ELECTROLUX Absolute Care 600 MEWD2E8C6P 63 cm;ELECTROLUX;Suszarki;-;https://www.mediaexpert.pl/agd/pralki-i-suszarki/suszarki/suszarka-electrolux-mewd2e8c6p;2397.00;2397.00;0.00;
2026-09-19 17:27:25;Media Expert;Pralko-suszarka BOSCH Serie 4 WNA13401PL 59 cm;BOSCH;Pralko-suszarki;-;https://www.mediaexpert.pl/agd/pralki-i-suszarki/pralko-suszarki/pralko-suszarka-bosch-wna13401pl;2347.97;2749.00;2347.98;ME1509-300926
2026-09-19 17:27:26;Media Expert;Zmywarka HISENSE HS583B10XAD Autodozowanie;HISENSE;Zmywarki;-;https://www.mediaexpert.pl/agd/zmywarki-i-akcesoria/zmywarki/zmywarka-hisense-hs583b10xad-autodozowanie;2298.96;2749.99;2298.97;RW0109-3009
2026-09-19 17:27:26;Media Expert;Zmywarka AMICA DFM66C8EOIBD SilentDrive 3.0 ;AMICA;Zmywarki;-;https://www.mediaexpert.pl/agd/zmywarki-i-akcesoria/zmywarki/zmywarka-amica-dfm66c8eoibd;1788.99;1838.19;1789.00;ME1609-031026
2026-09-19 17:27:26;Media Expert;Zmywarka CANDY Rapido CP 6E51LS Połowa załadunku, Funkcja Express, Wash&dry 35';CANDY;Zmywarki;-;https://www.mediaexpert.pl/agd/zmywarki-i-akcesoria/zmywarki/zmywarka-candy-cp-6e51ls;1099.00;1499.00;1132.99;ME0609-300926
2026-09-19 17:27:26;Media Expert;Zmywarka BOSCH SPS2IKW10E;BOSCH;Zmywarki;-;https://www.mediaexpert.pl/agd/zmywarki-i-akcesoria/zmywarki/zmywarka-bosch-sps2ikw10e;1839.00;1999.00;1847.99;ME0609-300926
2026-09-19 17:27:27;Media Expert;Zmywarka AMICA DFM42C7TOQSD OpenDry;AMICA;Zmywarki;-;https://www.mediaexpert.pl/agd/zmywarki-i-akcesoria/zmywarki/zmywarka-amica-dfm42c7toqsd;1579.00;1579.00;0.00;
2026-09-19 17:27:27;Media Expert;Kuchnia AMICA 58EE1.20(W);AMICA;Kuchnie;-;https://www.mediaexpert.pl/agd/kuchnie/kuchnie-wolnostojace/kuchnia-amica-58ee1-20-w;1047.00;1149.00;1048.00;ME1409-031026
2026-09-19 17:27:27;Media Expert;Kuchnia MPM MPM-55-KEC-41;MPM;Kuchnie;-;https://www.mediaexpert.pl/agd/kuchnie/kuchnie-wolnostojace/kuchnia-mpm-mpm-55-kec-41;1169.00;1299.00;1169.99;ME1609-031026
2026-09-19 17:27:27;Media Expert;Kuchnia RAVANSON KWGE-K90A CHEFF Modern Black;RAVANSON;Kuchnie;-;https://www.mediaexpert.pl/agd/kuchnie/kuchnie-wolnostojace/kuchnia-ravanson-kwge-k90a-cheff-modern-black;2989.00;3148.99;2999.00;ME1409-031026
2026-09-19 17:27:28;Media Expert;Kuchnia ELECTROLUX LKR540266W;ELECTROLUX;Kuchnie;-;https://www.mediaexpert.pl/agd/kuchnie/kuchnie-wolnostojace/kuchnia-electrolux-lkr540266w;1849.00;1849.00;0.00;
2026-09-19 17:27:28;Media Expert;Kuchenka mikrofalowa GÖTZE & JENSEN MO801K 900W średnica 28.6 cm pojemność 23L QuickStart System Opti-Wave Czarny;GÖTZE & JENSEN;Mikrofalówki;-;https://www.mediaexpert.pl/agd-male/do-kuchni/kuchnie-mikrofalowe/kuchenka-mikrofalowa-gotze-jensen-mo801k;449.94;489.99;449.95;RW0109-3009
2026-09-19 17:27:28;Media Expert;Zamrażarka szufladowa MPM 182-ZS-13 168l Szybkie zamrażanie;MPM;Zamrażarki;-;https://www.mediaexpert.pl/agd/lodowki-i-zamrazarki/zamrazarki/zamrazarka-mpm-182-zs-13;1298.99;1399.99;1299.00;ME1609-031026
2026-09-19 17:27:28;Media Expert;Zamrażarka szufladowa GORENJE FN619EAW6 280l No frost Szybkie zamrażanie;GORENJE;Zamrażarki;-;https://www.mediaexpert.pl/agd/lodowki-i-zamrazarki/zamrazarki/zamrazarka-gorenje-fn619eaw6;2298.97;2799.00;2298.98;ME1509-071026
2026-09-19 17:27:29;Media Expert;Zamrażarka skrzyniowa BEKO CF200EWN 198l Szybkie zamrażanie;BEKO;Zamrażarki;-;https://www.mediaexpert.pl/agd/lodowki-i-zamrazarki/zamrazarki/zamrazarka-beko-cf200ewn;899.00;999.00;999.00;ME0709-300926
2026-09-19 17:27:29;Media Expert;Łącznik do pralek i suszarek MIELE WTV 601 do wszystkich pralek Miele Nova Edition oraz generacji W1;MIELE;Łączniki pralek i suszarek;-;https://www.mediaexpert.pl/agd/pralki-i-suszarki/laczniki-pralek-i-suszarek/lacznik-miele-wtv-601;304.99;329.99;309.99;ME1509-031026
2026-09-19 17:27:29;Media Expert;Piekarnik GORENJE BO6615E01B Elektryczny Czarny A;GORENJE;Piekarniki do zabudowy;-;https://www.mediaexpert.pl/agd-do-zabudowy/piekarniki-do-zabudowy/piekarnik-gorenje-bo6615e01b-elektryczny-czarny-a;689.98;899.99;689.99;ME1109-301126
2026-09-19 17:27:29;Media Expert;Piekarnik AMICA ED37216B X-TYPE Elektryczny Czarny A;AMICA;Piekarniki do zabudowy;-;https://www.mediaexpert.pl/agd-do-zabudowy/piekarniki-do-zabudowy/piekarnik-amica-ed37216b-x-type;1297.00;1449.00;1298.00;ME1209-031026
2026-09-19 17:27:29;Media Expert;Piekarnik BEKO BBCM13300B AeroPerfect Pieczenie 3D Grill Czyszczenie parą;BEKO;Piekarniki do zabudowy;-;https://www.mediaexpert.pl/agd-do-zabudowy/piekarniki-do-zabudowy/piekarnik-beko-b300-bbcm13300b-elektryczny-czarny-a;1149.00;1199.00;1195.99;ME1409-031026
2026-09-19 17:27:30;Media Expert;Piekarnik BEKO BBCM18300W AeroPerfect Pieczenie 3D Grill Czyszczenie parą;BEKO;Piekarniki do zabudowy;-;https://www.mediaexpert.pl/agd-do-zabudowy/piekarniki-do-zabudowy/piekarnik-beko-bbcm18300w-elektryczny-bialy-a;1148.00;1199.00;1148.99;ME1409-031026
2026-09-19 17:27:30;Media Expert;Piekarnik AMICA AMMB44E2GCI X-TYPE Elektryczny z mikrofalą Inox;AMICA;Piekarniki do zabudowy;-;https://www.mediaexpert.pl/agd-do-zabudowy/piekarniki-do-zabudowy/piekarnik-amica-ammb44e2gci-x-type;2349.00;2449.00;2449.00;ME1409-031026
2026-09-19 17:27:30;Media Expert;Piekarnik SMEG SO6302TX Elektryczny Stal nierdzewna A+;SMEG;Piekarniki do zabudowy;-;https://www.mediaexpert.pl/agd-do-zabudowy/piekarniki-do-zabudowy/piekarnik-smeg-so6302tx-elektryczny-stal-nierdzewna-a;5299.00;5664.00;5664.00;ME1409-031026
2026-09-19 17:27:30;Media Expert;Piekarnik MPM-63-BO-28 Elektryczny Czarny A+;MPM;Piekarniki do zabudowy;-;https://www.mediaexpert.pl/agd-do-zabudowy/piekarniki-do-zabudowy/piekarnik-mpm-63-bo-28-elektryczny-czarny-a;714.00;714.00;0.00;
2026-09-19 17:27:31;Media Expert;Płyta gazowa AMICA PGCD6121ApFB;AMICA;Płyty do zabudowy;-;https://www.mediaexpert.pl/agd-do-zabudowy/plyty-do-zabudowy/plyta-gazowa-amica-pgcd6121apfb;1199.58;1319.99;1199.59;RW0109-3009
2026-09-19 17:27:31;Media Expert;Płyta indukcyjna BOSCH PUE61RBB5E;BOSCH;Płyty do zabudowy;-;https://www.mediaexpert.pl/agd-do-zabudowy/plyty-do-zabudowy/plyta-indukcyjna-bosch-pue61rbb5e;1399.00;1499.00;1499.00;ME1409-031026
2026-09-19 17:27:31;Media Expert;Płyta indukcyjna ELECTROLUX LIT30230C;ELECTROLUX;Płyty do zabudowy;-;https://www.mediaexpert.pl/agd-do-zabudowy/plyty-do-zabudowy/plyta-indukcyjna-electrolux-lit30230c-1;1248.00;1348.98;1248.99;ME1409-031026
2026-09-19 17:27:31;Media Expert;Płyta ceramiczna CANDY CH64CCW;CANDY;Płyty do zabudowy;-;https://www.mediaexpert.pl/agd-do-zabudowy/plyty-do-zabudowy/plyta-ceramiczna-candy-ch64ccw;1098.00;1148.99;1098.99;ME1409-031026
2026-09-19 17:27:32;Media Expert;Płyta indukcyjna Haier ID Seria 4 HAMTB56IRB1S Minimalistyczny znikający wyświetlacz Tylko 47mm grubości Pole łączone Varycook;HAIER;Płyty do zabudowy;-;https://www.mediaexpert.pl/agd-do-zabudowy/plyty-do-zabudowy/plyta-indukcyjna-haier-hamtb56irb1s;1898.00;1959.00;1899.00;ME1909-031026
2026-09-19 17:27:32;Media Expert;Płyta indukcyjna HISENSE HI8432BSCWF SlimFit Gentle Heat HoodSync;HISENSE;Płyty do zabudowy;-;https://www.mediaexpert.pl/agd-do-zabudowy/plyty-do-zabudowy/plyta-indukcyjna-hisense-hi6432bscwf;1649.00;2099.99;2099.99;ME1209-031026
2026-09-19 17:27:32;Media Expert;Płyta gazowa BOSCH PBP6B5K80;BOSCH;Płyty do zabudowy;-;https://www.mediaexpert.pl/agd-do-zabudowy/plyty-do-zabudowy/plyta-gazowa-bosch-pbp6b5k80;549.00;599.00;599.00;ME1409-031026
2026-09-19 17:27:32;Media Expert;Płyta gazowa BOSCH Serie 4 PGQ7B5K90;BOSCH;Płyty do zabudowy;-;https://www.mediaexpert.pl/agd-do-zabudowy/plyty-do-zabudowy/plyta-gazowa-bosch-serie-4-pgq7b5k90;1284.00;1349.00;1284.99;ME1609-031026
2026-09-19 17:27:33;Media Expert;Płyta gazowa TEKA GSC 64320 RBC Kremowy;TEKA;Płyty do zabudowy;-;https://www.mediaexpert.pl/agd-do-zabudowy/plyty-do-zabudowy/plyta-gazowa-teka-gsc-64320-rbc-kremowy;1118.98;1299.00;1118.99;ME1409-031026
2026-09-19 17:27:33;Media Expert;Zmywarka ELECTROLUX MAL8SC00S ComfortLift 40 DB StelliteClean Pro LightOnFloor QuickSelect 2.0;ELECTROLUX;Zmywarki do zabudowy;-;https://www.mediaexpert.pl/agd-do-zabudowy/zmywarki-do-zabudowy/zmywarka-electrolux-mal8sc00s;3699.96;3999.99;3699.97;RW0109-3009
2026-09-19 17:27:33;Media Expert;Zmywarka BOSCH SPV6ZMX17E PerfectDry;BOSCH;Zmywarki do zabudowy;-;https://www.mediaexpert.pl/agd-do-zabudowy/zmywarki-do-zabudowy/zmywarka-bosch-spv6zmx17e;2895.00;3449.00;2896.00;ME0609-300926
2026-09-19 17:27:33;Media Expert;Zmywarka BOSCH SMI2ITS09E;BOSCH;Zmywarki do zabudowy;-;https://www.mediaexpert.pl/agd-do-zabudowy/zmywarki-do-zabudowy/zmywarka-bosch-smi2its09e;1798.99;1844.00;1799.00;ME0809-300926
2026-09-19 17:27:33;Media Expert;Zmywarka SAMSUNG DW60M6050BB/EO Aqua Stop;SAMSUNG;Zmywarki do zabudowy;-;https://www.mediaexpert.pl/agd-do-zabudowy/zmywarki-do-zabudowy/zmywarka-samsung-dw60m6050bb-eo;1597.00;1679.00;1618.99;ME1109-031026
2026-09-19 17:27:34;Media Expert;Zmywarka SIEMENS SN61HX01TE;SIEMENS;Zmywarki do zabudowy;-;https://www.mediaexpert.pl/agd-do-zabudowy/zmywarki-do-zabudowy/zmywarka-siemens-sn61hx01te;1738.00;2399.00;1748.00;ME0709-190926
2026-09-19 17:27:34;Media Expert;Zmywarka BOSCH Serie 6 SBD6ECX21E;BOSCH;Zmywarki do zabudowy;-;https://www.mediaexpert.pl/agd-do-zabudowy/zmywarki-do-zabudowy/zmywarka-bosch-serie-6-sbd6ecx21e;4999.00;5169.00;5169.00;ME0609-300926
2026-09-19 17:27:34;Media Expert;Zmywarka WHIRLPOOL WH7IPA15BM6L0 MaxiSpace PowerClean Pro Modułowy 3. kosz 60cm;WHIRLPOOL;Zmywarki do zabudowy;-;https://www.mediaexpert.pl/agd-do-zabudowy/zmywarki-do-zabudowy/zmywarka-whirlpool-wh7ipa15bm6l0;2996.00;3799.99;2996.99;ME0609-300926
2026-09-19 17:27:34;Media Expert;Zmywarka DREAME DZ60Pro;DREAME;Zmywarki do zabudowy;-;https://www.mediaexpert.pl/agd-do-zabudowy/zmywarki-do-zabudowy/zmywarka-dreame-dz60pro;2949.00;2949.00;0.00;
2026-09-19 17:27:35;Media Expert;Lodówka SAMSUNG BRB70F26CES0EO No frost AI Energy Mode 177.5cm;SAMSUNG;Lodówki do zabudowy;-;https://www.mediaexpert.pl/agd-do-zabudowy/lodowki-i-zamrazarki-do-zabudowy/lodowki-do-zabudowy/lodowka-samsung-brb70f26ces0eo-ai;2998.92;3199.99;2998.93;ME1509-071026
2026-09-19 17:27:35;Media Expert;Lodówka ELECTROLUX ENC8MC19S No frost 188.4cm;ELECTROLUX;Lodówki do zabudowy;-;https://www.mediaexpert.pl/agd-do-zabudowy/lodowki-i-zamrazarki-do-zabudowy/lodowki-do-zabudowy/lodowka-electrolux-enc8mc19s;4034.98;5199.00;4034.99;ME1709-031026
2026-09-19 17:27:35;Media Expert;Lodówka LIEBHERR ICNSd 5603 193.8cm;LIEBHERR;Lodówki do zabudowy;-;https://www.mediaexpert.pl/agd-do-zabudowy/lodowki-i-zamrazarki-do-zabudowy/lodowki-do-zabudowy/lodowka-liebherr-icnsd-5603;6174.99;6174.99;0.00;
2026-09-19 17:27:35;Media Expert;Lodówka ELECTROLUX LFB2AE88S1 87.3cm;ELECTROLUX;Lodówki do zabudowy;-;https://www.mediaexpert.pl/agd-do-zabudowy/lodowki-i-zamrazarki-do-zabudowy/lodowki-do-zabudowy/lodowka-electrolux-lfb2ae88s1;1379.98;1379.98;0.00;
2026-09-19 17:27:36;Media Expert;Okap GÖTZE & JENSEN BH905KG Czarny 601m3/h 64dB klasa B Sterowanie gestem;GÖTZE & JENSEN;Okapy;-;https://www.mediaexpert.pl/agd-do-zabudowy/okapy-do-zabudowy/okap-gotze-jensen-bh905kg-czarny-601-4m3-h-64db-klasa-b;997.57;1199.99;997.58;RW0109-3009
2026-09-19 17:27:36;Media Expert;Okap BOSCH DWK65DK20 Biały 550m3/h 60dB klasa A;BOSCH;Okapy;-;https://www.mediaexpert.pl/agd-do-zabudowy/okapy-do-zabudowy/okap-bosch-dwk65dk20-bialy-430m3-h-60db-klasa-a;1149.00;1269.98;1204.98;ME1809-031026
2026-09-19 17:27:36;Media Expert;Okap WHIRLPOOL AKR559/3IX Inox 428m3/h 65dB klasa D;WHIRLPOOL;Okapy;-;https://www.mediaexpert.pl/agd-do-zabudowy/okapy-do-zabudowy/okap-whirlpool-akr-559-3-ix;699.00;778.99;739.98;ME1809-031026
2026-09-19 17:27:36;Media Expert;Okap FRANKE FSMD 508 WH 335.0528.005 Biały matowy 650m3/h 68dB klasa A;FRANKE;Okapy;-;https://www.mediaexpert.pl/agd-do-zabudowy/okapy-do-zabudowy/okap-franke-fsmd-508-wh-335-0528-005-bialy-matowy-650m3-h-68db-klasa-a;2059.00;2119.00;2119.00;ME1809-031026
2026-09-19 17:27:37;Media Expert;Okap AKPO WK-9 Kastos 60 Czarny 455.8m3/h 70dB klasa C;AKPO;Okapy;-;https://www.mediaexpert.pl/agd-do-zabudowy/okapy-do-zabudowy/okap-akpo-wk-9-kastos-60-czarny;749.00;799.00;799.00;ME1509-031026
2026-09-19 17:27:37;Media Expert;Okap AMICA OTP6641BG Czarny 389m3/h 65dB klasa C Funkcja czasowego wyłączenia;AMICA;Okapy;-;https://www.mediaexpert.pl/agd-do-zabudowy/okapy-do-zabudowy/okap-amica-otp6641bg-czarny-389m3-h-65db-klasa-c-funkcja-czasowego-wylaczenia;524.00;579.00;528.00;ME1809-031026
2026-09-19 17:27:37;Media Expert;Okap ELECTROLUX LFP539X Stal szlachetna 600m3/h 68dB klasa C;ELECTROLUX;Okapy;-;https://www.mediaexpert.pl/agd-do-zabudowy/okapy-do-zabudowy/okap-electrolux-lfp539x-stal-szlachetna-600m3-h-68db-klasa-c;1198.70;1299.00;1198.72;ME1809-031026
2026-09-19 17:27:37;Media Expert;Okap BEKO CFB5310X Inox 125m3/h 62dB klasa D;BEKO;Okapy;-;https://www.mediaexpert.pl/agd-do-zabudowy/okapy-do-zabudowy/okap-beko-cfb-5310-x-inox-125m3-h-62db-klasa-d;199.00;229.75;229.75;ME1809-031026
2026-09-19 17:27:37;Media Expert;Okap MPM 61-OW-01 Inox 275m3/h 62dB klasa C;MPM;Okapy;-;https://www.mediaexpert.pl/agd-do-zabudowy/okapy-do-zabudowy/okap-mpm-61-ow-01;344.00;369.00;369.00;ME1809-031026
2026-09-19 17:27:38;Media Expert;Okap AMICA OMC6751B Czarny 420m3/h 62dB klasa A;AMICA;Okapy;-;https://www.mediaexpert.pl/agd-do-zabudowy/okapy-do-zabudowy/okap-amica-omc6751b-czarny-420m3-h-62db-klasa-a;964.00;989.00;988.89;ME1809-031026
2026-09-19 17:27:38;Media Expert;Okap GLOBALO Agendero 60.2 Czarny 575m3/h 61dB klasa B;GLOBALO;Okapy;-;https://www.mediaexpert.pl/agd-do-zabudowy/okapy-do-zabudowy/okap-kuchenny-agendero-60-2-black;944.00;1059.99;1059.99;ME1809-031026
2026-09-19 17:27:38;Media Expert;Okap ELICA Lane WH/A/72 Biały;ELICA;Okapy;-;https://www.mediaexpert.pl/agd-do-zabudowy/okapy-do-zabudowy/okap-elica-lane-wh-a-72;1149.00;1349.99;1299.00;ME1809-031026
2026-09-19 17:27:38;Media Expert;Okap BEKO HNU61425B Czarny 415m3/h 69dB klasa C;BEKO;Okapy;-;https://www.mediaexpert.pl/agd-do-zabudowy/okapy-do-zabudowy/okap-beko-hnu61425b-czarny-415m3-h-69db-klasa-c;529.00;529.00;0.00;
2026-09-19 17:27:39;Media Expert;Kuchenka mikrofalowa HISENSE BIM334G64DBG8 900W średnica 34.5 cm pojemność 34L Czarny;HISENSE;Kuchenki mikrofalowe do zabudowy;-;https://www.mediaexpert.pl/agd-do-zabudowy/kuchnie-mikrofalowe-do-zabudowy/kuchnia-mikrofalowa-hisense-bim334g64dbg8-pojemnosc-34l-grill-czarna;2098.96;2309.99;2098.97;RW0109-3009
2026-09-19 17:27:39;Media Expert;Kuchenka mikrofalowa BOSCH BEL554MS0 SERIA 6 900W średnica 31.5 cm pojemność 25L Autopilot 8 Czarny + inox;BOSCH;Kuchenki mikrofalowe do zabudowy;-;https://www.mediaexpert.pl/agd-do-zabudowy/kuchnie-mikrofalowe-do-zabudowy/kuchenka-mikrofalowa-bosch-bel554ms0;1488.00;1598.99;1489.00;ME1409-031026
2026-09-19 17:27:39;Media Expert;Kuchenka mikrofalowa BEKO BMGB31443B 900W 31L Grill 15 programów automatycznych;BEKO;Kuchenki mikrofalowe do zabudowy;-;https://www.mediaexpert.pl/agd-do-zabudowy/kuchnie-mikrofalowe-do-zabudowy/kuchenka-mikrofalowa-beko-bmgb31443b-pojemnosc-31l-grill-czarny;1398.00;1849.00;1398.99;ME1109-031026
2026-09-19 17:27:39;Media Expert;Pralka do zabudowy HAIER Seria 4 HWQ90B416FWBR-S 9kg 1600obr;HAIER;Pralki do zabudowy;-;https://www.mediaexpert.pl/agd-do-zabudowy/pralki-i-suszarki-do-zabudowy/pralki-do-zabudowy/pralka-haier-hwq90b416fwbr-s-9kg-1600-obr-s;2564.99;2699.00;2699.00;ME0109-300926
2026-09-19 17:27:40;Media Expert;Ekspres ELECTROLUX EBC95T Czarny;ELECTROLUX;Ekspresy do zabudowy;-;https://www.mediaexpert.pl/agd-do-zabudowy/ekspresy-do-zabudowy/ekspres-electrolux-ebc95t-seria-800-czarny;9699.00;10069.00;10069.00;ME1409-031026
2026-09-19 17:27:40;Media Expert;Odkurzacz pionowy HISENSE Wet&Dry Expert HFC743169BKA 3w1 Bezprzewodowy (Mopujący);HISENSE;Odkurzacze pionowe;-;https://www.mediaexpert.pl/agd-male/sprzatanie/odkurzacze-pionowe/odkurzacz-hisense-wet-dry-expert-hfc743169bka-3w1-mopujacy;1499.85;1699.99;1499.86;RW0109-3009
2026-09-19 17:27:40;Media Expert;Mop płaski KARCHER TTS Ray 9.212-033.0;KARCHER;Mopy;-;https://www.mediaexpert.pl/dom/utrzymanie-czystosci/szczotki-mopy-scierki-wiadra/mop-plaski-karcher-tts-ray-9-212-033-0;219.99;249.00;249.00;ME0109-300926
2026-09-19 17:27:40;Media Expert;Żelazko RUSSELL HOBBS 20630-56 Power Steam;RUSSELL HOBBS;Żelazka;-;https://www.mediaexpert.pl/agd-male/prasowanie-i-pielegnacja-ubran/zelazka/zelazko-russell-hobbs-20630-56-power-steam;159.99;229.99;169.97;WRZESIEN1809
2026-09-19 17:27:41;Media Expert;Deska do prasowania LEIFHEIT AirBoard Compact M Plus NF 120 x 38 cm;LEIFHEIT;Deski do prasowania;-;https://www.mediaexpert.pl/agd-male/prasowanie-i-pielegnacja-ubran/deski-do-prasowania/deska-do-prasowania-leifheit-airboard-compact-m-plus-nf-120-x-38-cm;238.00;249.99;249.99;ME1709-290926
2026-09-19 17:27:41;Media Expert;Oczyszczacz powietrza STADLER FORM Roger Little 2;STADLER FORM;Oczyszczacze powietrza;-;https://www.mediaexpert.pl/agd-male/do-domu/oczyszczacze-powietrza/oczyszczacz-powietrza-stadler-form-roger-little-2;999.73;1099.99;999.74;RW0109-3009
2026-09-19 17:27:41;Media Expert;Unifon CYFRAL Baltic 5P Czarny;CYFRAL;Domofony;-;https://www.mediaexpert.pl/dom/inteligentny-dom/zestawy-domofonowe/unifon-cyfral-baltic-5p-czarny;71.51;99.99;88.89;ME1009-300926
2026-09-19 17:27:41;Media Expert;Czujnik dymu TESLA TSL-SEN-SMOKE;TESLA;Czujniki;-;https://www.mediaexpert.pl/dom/inteligentny-dom/detektory/czujnik-dymu-tesla-tsl-sen-smoke;59.00;139.00;129.99;ME0409-300926
2026-09-19 17:27:41;Media Expert;Czujnik ruchu NEDIS ZBSM20WT ZigBee;NEDIS;Czujniki;-;https://www.mediaexpert.pl/dom/inteligentny-dom/detektory/czujnik-ruchu-nedis-zbsm20wt-zigbee;69.00;106.34;106.34;ME0409-300926
2026-09-19 17:27:42;Media Expert;System do żaluzji SWITCHBOT Blind Tilt;SWITCHBOT;Sterowniki i regulatory;-;https://www.mediaexpert.pl/dom/inteligentny-dom/inteligentne-sterowniki/system-do-zaluzji-switchbot-blind-tilt;219.00;279.00;254.99;ME1009-300926
2026-09-19 17:27:42;Media Expert;Pilot NEDIS ZBRC10WT;NEDIS;Sterowniki i regulatory;-;https://www.mediaexpert.pl/dom/inteligentny-dom/inteligentne-sterowniki/pilot-nedis-zbrc10wt;49.00;62.83;62.83;ME1009-300926
2026-09-19 17:27:42;Media Expert;Termostat przewodowy NETATMO ETP;NETATMO;Termostaty elektroniczne;-;https://www.mediaexpert.pl/dom/inteligentny-dom/termostaty-elektroniczne/termostat-przewodowy-netatmo-etp;499.00;609.00;609.00;ME1009-300926
2026-09-19 17:27:42;Media Expert;Suszarka na pranie VILEDA Infinity Flex Biało-czarny;VILEDA;Suszarki na pranie;-;https://www.mediaexpert.pl/agd-male/prasowanie-i-pielegnacja-ubran/suszarki-do-bielizny/suszarka-infinity-flex-vileda;220.99;249.00;248.90;R1009-290926
2026-09-19 17:27:43;Media Expert;Ekspres WMF Perfection 660 CP813D10 Kawa mrożona;WMF;Ekspresy ciśnieniowe;-;https://www.mediaexpert.pl/agd-male/ekspresy-i-kawa/ekspresy-cisnieniowe/ekspres-wmf-perfection-660-cp813d10;5224.98;5499.00;5224.99;ME0809-300926
2026-09-19 17:27:43;Media Expert;Ekspres JURA ENA 5 Night Inox (EA);JURA;Ekspresy ciśnieniowe;-;https://www.mediaexpert.pl/agd-male/ekspresy-i-kawa/ekspresy-cisnieniowe/ekspres-jura-ena-5-night-inox-ea;3819.99;4199.00;3820.00;ME1909-031026
2026-09-19 17:27:43;Media Expert;Ekspres  KRUPS Precision+ XP804T;KRUPS;Ekspresy ciśnieniowe;-;https://www.mediaexpert.pl/agd-male/ekspresy-i-kawa/ekspresy-cisnieniowe/ekspres-krups-precision-xp804t;1970.99;2232.00;1971.00;ME1009-300926
2026-09-19 17:27:43;Media Expert;Ekspres DELONGHI Dedica Duo EC890.M (Cold Brew);DELONGHI;Ekspresy ciśnieniowe;-;https://www.mediaexpert.pl/agd-male/ekspresy-i-kawa/ekspresy-cisnieniowe/ekspres-delonghi-dedica-duo-ec890-m;919.99;919.99;0.00;
2026-09-19 17:27:44;Media Expert;Blender GÖTZE & JENSEN HB950K Inox z krajarką w kostkę;GÖTZE & JENSEN;Blendery;-;https://www.mediaexpert.pl/agd-male/do-kuchni/blendery/blender-gotze-jensen-hb950k;499.00;499.00;0.00;
2026-09-19 17:27:44;Media Expert;Mikser z misą MPM MMR-26Z/B Biały;MPM;Miksery ręczne;-;https://www.mediaexpert.pl/agd-male/do-kuchni/miksery-reczne/mikser-z-misa-mpm-mmr-26z-b-bialy;199.95;229.99;199.96;RW0109-3009
2026-09-19 17:27:44;Media Expert;Opiekacz SENCOR SSM 4221RD;SENCOR;Opiekacze;-;https://www.mediaexpert.pl/agd-male/do-kuchni/opiekacze/opiekacz-sencor-ssm-4221rd;69.00;79.90;69.28;ME1709-071026
2026-09-19 17:27:44;Media Expert;Szczoteczka soniczna GÖTZE & JENSEN ST955 Etui UV dezynfekujące końcówki;GÖTZE & JENSEN;Szczoteczki elektryczne;-;https://www.mediaexpert.pl/agd-male/zdrowie/szczoteczki-elektryczne/szczoteczka-soniczna-gotze-jensen-st955;249.82;299.99;249.83;RW0109-3009
2026-09-19 17:27:45;Media Expert;Kosiarka akumulatorowa 4GARDEN AM3422S, 34 cm, 4 Ah, 20 V, kosz 35L, 2 akumulatory 4 Ah;4GARDEN;Kosiarki akumulatorowe;-;https://www.mediaexpert.pl/dom-i-ogrod/kosiarki-i-podkaszarki/kosiarki-akumulatorowe/kosiarka-akumulatorowa-2x20v-4garden-am3422s-w-zestawie;599.99;629.99;629.00;WYPRZEDAZ-OGROD26
2026-09-19 17:27:45;Media Expert;Podkaszarka akumulatorowa BOSCH EasyGrassCut 18-26 06008C1C03;BOSCH_elektronarzedzia;Podkaszarki akumulatorowe;-;https://www.mediaexpert.pl/dom-i-ogrod/narzedzia-akumulatorowe/podkaszarki-akumulatorowe/podkaszarka-akumulatorowa-bosch-easygrasscut-18-26-06008c1c03;519.00;639.00;639.00;ME1109-300926
2026-09-19 17:27:45;Media Expert;Myjka ciśnieniowa BOSCH UniversalAquatak 135 Car Cleaning Kit;BOSCH;Myjki ciśnieniowe;-;https://www.mediaexpert.pl/dom-i-ogrod/myjki-wysokocisnieniowe_i_akcesoria/myjki-wysokocisnieniowe/myjka-cisnieniowa-bosch-universalaquatak-135-car-cleaning-kit;619.98;749.00;619.99;ME0809-300926
2026-09-19 17:27:45;Media Expert;Nożyce do żywopłotu BOSCH AdvancedHedgeCut 65-28 060084A300 650mm 36V akumulatorowe;BOSCH;Nożyce do żywopłotów;-;https://www.mediaexpert.pl/dom-i-ogrod/narzedzia-ogrodnicze/nozyce-i-sekatory-do-zywoplotow/nozyce-do-zywoplotu-bosch-advancedhedgecut-65-28-060084a300-akumulatorowe;1199.00;1319.00;1249.99;ME1109-300926
2026-09-19 17:27:46;Media Expert;Ostrze wymienne BOSCH EasyShear F016800588;BOSCH_elektronarzedzia;Akcesoria do nożyc i sekatorów;-;https://www.mediaexpert.pl/dom-i-ogrod/narzedzia-ogrodnicze/akcesoria-do-nozyc-i-sekatorow/ostrze-wymienne-bosch-easyshear-f016800588;68.99;79.99;69.00;ME1109-300926
2026-09-19 17:27:46;Media Expert;Nóż do kosiarki BOSCH Durablade F016800372;BOSCH_elektronarzedzia;Noże do kosiarek;-;https://www.mediaexpert.pl/dom-i-ogrod/kosiarki-i-podkaszarki/noze-do-kosiarek/noz-do-kosiarki-bosch-durablade-f016800372;24.00;32.99;32.99;WYPRZEDAZ-OGROD26
2026-09-19 17:27:46;Media Expert;Wiertarko-wkrętarka BOSCH Professional GSB 183-LI 06019K9100 zestaw akumulatorów;BOSCH_elektronarzedzia;Wiertarko - wkrętarki;-;https://www.mediaexpert.pl/dom-i-ogrod/elektronarzedzia/wiertarko-wkretarki/wiertarko-wkretarka-bosch-professional-gsb-183-li-06019k9100;599.00;709.99;661.00;ME1109-300926
2026-09-19 17:27:46;Media Expert;Wiertarko-wkrętarka BOSCH Professional GSB 120-LI 06019G8102 zestaw akumulatorów;BOSCH_elektronarzedzia;Wiertarko - wkrętarki;-;https://www.mediaexpert.pl/dom-i-ogrod/elektronarzedzia/wiertarko-wkretarki/wiertarko-wkretarka-bosch-professional-gsb-120-li-06019g8102;488.00;580.00;498.46;ME1109-300926
2026-09-19 17:27:46;Media Expert;Wyrzynarka BOSCH PowerLight PST 900 PEL 06033A0220;BOSCH_elektronarzedzia;Wyrzynarki;-;https://www.mediaexpert.pl/dom-i-ogrod/elektronarzedzia/wyrzynarki/pst-900-pel-walizka;363.90;395.07;366.47;ME1109-300926
2026-09-19 17:27:47;Media Expert;Wiertarko-wkrętarka BOSCH Professional GSR 18V-90 C 06019K6000 Solo;BOSCH_elektronarzedzia;Wiertarko - wkrętarki;-;https://www.mediaexpert.pl/dom-i-ogrod/elektronarzedzia/wiertarko-wkretarki/wiertarko-wkretarka-bosch-professional-gsr-18v-90-c-06019k6000-solo;705.99;759.05;706.00;ME1109-300926
2026-09-19 17:27:47;Media Expert;Zestaw elektronarzędzi BOSCH Professional 0615990N1U GDX 180LI + GWS 180LI;BOSCH_elektronarzedzia;Zestawy elektronarzędzi;-;https://www.mediaexpert.pl/dom-i-ogrod/elektronarzedzia/zestawy-elektronarzedzi/zestaw-elektronarzedzi-bosch-professional-0615990n1u-gdx-180li-gws-180li;1499.00;1659.99;1601.00;ME1109-300926
2026-09-19 17:27:47;Media Expert;Młot udarowo-obrotowy BOSCH GBH 18V-22 X 0611924102;BOSCH_elektronarzedzia;Młoty udarowo-obrotowe;-;https://www.mediaexpert.pl/dom-i-ogrod/elektronarzedzia/mloty-udarowo-obrotowe/mlot-udarowo-obrotowy-bosch-gbh-18v-22-x-0611924102;979.00;1149.00;981.00;ME1109-300926
2026-09-19 17:27:47;Media Expert;Szlifierka kątowa sieciowa BOSCH Professional GWS 9-125 S + tarcza X-Lock;BOSCH_elektronarzedzia;Szlifierki kątowe;-;https://www.mediaexpert.pl/dom-i-ogrod/elektronarzedzia/szlifierki-katowe/szlifierka-katowa-bosch-professional-gws-9-125s-tarcza-x-lock;299.00;389.99;325.00;ME1109-300926
2026-09-19 17:27:48;Media Expert;Wiertarko-wkrętarka BOSCH Professional GSR 18V-90 FC 06019K6204 SOLO;BOSCH;Wiertarko - wkrętarki;-;https://www.mediaexpert.pl/dom-i-ogrod/elektronarzedzia/wiertarko-wkretarki/wiertarko-wkretarka-akumulatorowa-bosch-gsr-18v-90-fc-professional-0-601-9k6-204;1497.00;2139.99;1498.00;ME1109-300926
2026-09-19 17:27:48;Media Expert;Wiertarko-wkrętarka BOSCH Professional GSR 18V-50 06019H5003 zestaw akumulatorów;BOSCH_elektronarzedzia;Wiertarko - wkrętarki;-;https://www.mediaexpert.pl/dom-i-ogrod/elektronarzedzia/wiertarko-wkretarki/gsr-18v-50-2ah-5ah;1149.00;1399.99;1302.00;ME1109-300926
2026-09-19 17:27:48;Media Expert;Szlifierka kątowa sieciowa BOSCH GWS 2200 06018C0320;BOSCH_elektronarzedzia;Szlifierki kątowe;-;https://www.mediaexpert.pl/dom-i-ogrod/elektronarzedzia/szlifierki-katowe/szlifierka-katowa-bosch-gws-2200-06018c0320;549.00;676.00;565.00;ME1109-300926
2026-09-19 17:27:48;Media Expert;Wkrętarka akumulatorowa BOSCH Professional GTB 185-LI 06019K7020 zestaw akumulatorów;BOSCH;Wiertarko - wkrętarki;-;https://www.mediaexpert.pl/dom-i-ogrod/elektronarzedzia/wiertarko-wkretarki/wkretarka-akumulatorowa-bosch-gtb-185-li;1299.00;1419.00;1329.99;ME1109-300926
2026-09-19 17:27:49;Media Expert;Szlifierka oscylacyjna BOSCH Professional GSS 140 A;BOSCH;Szlifierki oscylacyjne;-;https://www.mediaexpert.pl/dom-i-ogrod/elektronarzedzia/szlifierki-oscylacyjne/szlifierka-oscylacyjna-bosch-professional-gss-140-a;345.00;411.00;348.00;ME1109-300926
2026-09-19 17:27:49;Media Expert;Zszywacz elektryczny BOSCH PTK 14 EDT 0603265520;BOSCH_elektronarzedzia;Zszywacze tapicerskie;-;https://www.mediaexpert.pl/dom-i-ogrod/elektronarzedzia/zszywacze-tapicerskie/zszywacz-elektryczny-bosch-ptk-14-edt-0603265520;384.40;460.10;384.41;ME1109-300926
2026-09-19 17:27:49;Media Expert;Wyrzynarka BOSCH Professional GST 12V-70 06015A1005;BOSCH_elektronarzedzia;Wyrzynarki;-;https://www.mediaexpert.pl/dom-i-ogrod/elektronarzedzia/wyrzynarki/wyrzynarka-akumulatorowa-bosch-gst-12v-70-professional;999.00;1066.39;1066.39;ME1109-300926
2026-09-19 17:27:49;Media Expert;Szlifierka do betonu BOSCH Professional GBR 15 CAG 0601776001;BOSCH_elektonarzedzia;Szlifierki kątowe;-;https://www.mediaexpert.pl/dom-i-ogrod/elektronarzedzia/szlifierki-katowe/szlifierka-do-betonu-bosch-professional-gbr-15-cag;2459.00;2791.00;2791.00;ME1109-300926
2026-09-19 17:27:50;Media Expert;Wyrzynarka BOSCH GST 183-LI Professional;BOSCH_elektronarzedzia;Wyrzynarki;-;https://www.mediaexpert.pl/dom-i-ogrod/elektronarzedzia/wyrzynarki/wyrzynarka-bosch-gst-183-li-professional-1;459.00;569.00;465.00;ME1109-300926
2026-09-19 17:27:50;Media Expert;Akumulator BOSCH F016800474 2Ah 36V;BOSCH_elektronarzedzia;Akumulatory do narzędzi;-;https://www.mediaexpert.pl/dom-i-ogrod/elektronarzedzia/akumulatory-do-elektronarzedzi/akumulator-36-v-li-2-0-ah;519.00;538.19;533.43;ME1109-300926
2026-09-19 17:27:50;Media Expert;Wiertło BOSCH 2608586806;BOSCH_elektronarzedzia;Wiertła;-;https://www.mediaexpert.pl/dom-i-ogrod/elektronarzedzia/wiertla/wiertlo-bosch-2608586806;829.99;979.99;836.00;ME1109-300926
2026-09-19 17:27:50;Media Expert;Zestaw wierteł BOSCH 2608833902 (10 szt.);BOSCH_elektronarzedzia;Wiertła;-;https://www.mediaexpert.pl/dom-i-ogrod/elektronarzedzia/wiertla/zestaw-wiertel-bosch-2608833902-10-szt;139.99;179.99;141.00;ME1109-300926
2026-09-19 17:27:50;Media Expert;Akumulator BOSCH 1600A0373M 4 Ah 18V + ładowarka;BOSCH;Akumulatory do narzędzi;-;https://www.mediaexpert.pl/dom-i-ogrod/elektronarzedzia/akumulatory-do-elektronarzedzi/akumulator-bosch-1600a0373m-4-ah-18v-ladowarka;587.34;613.00;613.00;ME1109-300926
2026-09-19 17:27:51;Media Expert;Zestaw brzeszczotów BOSCH T101D Clean for Wood (100 szt.);BOSCH_elektronarzedzia;Brzeszczoty;-;https://www.mediaexpert.pl/dom-i-ogrod/elektronarzedzia/brzeszczoty/zestaw-brzeszczotow-bosch-t101d-clean-for-wood-100-sztuk;399.99;594.39;470.46;ME1109-300926
2026-09-19 17:27:51;Media Expert;Laser liniowy BOSCH Professional GLL 3-80 C 0601063R02;BOSCH_elektronarzedzia;Poziomice i lasery;-;https://www.mediaexpert.pl/dom-i-ogrod/narzedzia-pomiarowe/poziomice-i-lasery/laser-liniowy-bosch-gll-3-80-c;2799.00;3199.99;2976.00;ME1109-300926
2026-09-19 17:27:51;Media Expert;Poziomica BOSCH Professional 1600A016BR;BOSCH;Poziomice i lasery;-;https://www.mediaexpert.pl/dom-i-ogrod/narzedzia-pomiarowe/poziomice-i-lasery/poziomica-bosch-professional-1600a016br;314.78;328.00;328.00;ME1109-300926
2026-09-19 17:27:51;Media Expert;Odkurzacz KARCHER WD 2 Plus V-12/6/18/C (YYY) 1.628-015.0;KARCHER;Odkurzacze warsztatowe;-;https://www.mediaexpert.pl/dom-i-ogrod/wyposazenie-warsztatu/odkurzacze-warsztatowe/odkurzacz-karcher-wd-2-plus-v-12-6-18-c-yyy-1-628-015-0;259.83;289.99;259.84;RW0109-3009
2026-09-19 17:27:52;Media Expert;Rolka listkowa BOSCH LR 60 K120;BOSCH_elektronarzedzia;Pozostałe akcesoria;-;https://www.mediaexpert.pl/dom-i-ogrod/elektronarzedzia/akcesoria-do-elektronarzedzia/akcesoria-do-szlifierki-rolkowej-bosch-lr-60-k120-rolka-listkowa-do-prr-250-es;34.99;44.99;42.00;ME1109-300926
2026-09-19 17:27:52;Media Expert;Zestaw wkrętaków BOSCH Professional 1600A02CV3 (6 szt.);BOSCH;Wkrętaki;-;https://www.mediaexpert.pl/dom-i-ogrod/narzedzia-reczne/wkretaki/zestaw-wkretakow-bosch-professional-1600a02cv3-6-szt;135.99;207.00;206.00;ME1109-300926
2026-09-19 17:27:52;Media Expert;Wózek transportowy BOSCH 1600A001S9;BOSCH_elektonarzedzia;Wózki transportowe;-;https://www.mediaexpert.pl/dom-i-ogrod/wyposazenie-warsztatu/wozki-transportowe/wozek-transportowy-bosch-1600a001s9;419.00;532.74;421.35;ME1109-300926
2026-09-19 17:27:52;Media Expert;Hamulec BOSCH FSN RS;BOSCH_elektonarzedzia;Pozostałe akcesoria;-;https://www.mediaexpert.pl/dom-i-ogrod/elektronarzedzia/akcesoria-do-elektronarzedzia/hamulec-bosch-fsn-rs;99.99;119.99;119.00;ME1109-300926
2026-09-19 17:27:53;Media Expert;Odkurzacz KARCHER Professional NT 30/1 Tact Te Adv L 1.148-281.0;KARCHER;Odkurzacze przemysłowe;-;https://www.mediaexpert.pl/dom-i-ogrod/wyposazenie-warsztatu/odkurzacze-wielofunkcyjne/odkurzacz-karcher-professional-nt-30-1-tact-te-adv-l-1-148-281-0;2529.00;2529.00;0.00;
2026-09-19 17:27:53;Media Expert;Budzik HAMA 222211 Czarny;HAMA;Budziki;-;https://www.mediaexpert.pl/agd-male/do-domu/zegarki-i-budziki/budzik-hama-222211-czarny;69.99;74.99;74.99;ME0709-300926
2026-09-19 17:27:53;Media Expert;Rower miejski INDIANA Moena A7B 28 cali damski Biały 2026;INDIANA;Rowery miejskie;-;https://www.mediaexpert.pl/rowery/rowery-miejskie/rower-miejski-indiana-moena-a7b-28-cali-damski-bialy-1;1389.99;1599.99;1499.99;WYPRZEDAZ-ROWERY
2026-09-19 17:27:53;Media Expert;Rower miejski INDIANA Moena S7B 26 cali damski Capuccino;INDIANA;Rowery miejskie;-;https://www.mediaexpert.pl/rowery/rowery-miejskie/rower-miejski-indiana-moena-s7b-26-cali-damski-capuccino;899.99;1099.99;999.99;ME2808-300926
2026-09-19 17:27:54;Media Expert;Rower miejski INDIANA Moena S1B 28 cali damski Cappuccino 2025;INDIANA;Rowery miejskie;-;https://www.mediaexpert.pl/rowery/rowery-miejskie/rower-miejski-indiana-moena-s1b-28-cali-damski-cappuccino;599.99;749.99;699.99;ME2808-300926
2026-09-19 17:27:54;Media Expert;Rower miejski INDIANA Storica 130 7B M19 28 cali męski Czarny;INDIANA;Rowery miejskie;-;https://www.mediaexpert.pl/rowery/rowery-miejskie/rower-miejski-indiana-storica-130-7b-28-cali-meski-czarny;799.99;2199.99;899.99;ME2808-300926
2026-09-19 17:27:54;Media Expert;Rower miejski INDIANA Storica 140 3B M21 28 cali męski Brązowy;INDIANA;Rowery miejskie;-;https://www.mediaexpert.pl/rowery/rowery-miejskie/rower-indiana-storica-m21-brazowy-r22-nexus-3b;799.99;1699.99;949.98;ME2808-300926
2026-09-19 17:27:54;Media Expert;Rower górski MTB INDIANA X-Pulser 2.7 M19 27.5 cala męski Czarno-żółty;INDIANA;Rowery MTB górskie;-;https://www.mediaexpert.pl/rowery/rowery-mtb/rower-gorski-mtb-indiana-x-pulser-2-7-m19-27-5-cala-meski-czarno-zolty-4;1149.97;1399.99;1149.98;ME2808-300926
2026-09-19 17:27:54;Media Expert;Rower górski MTB INDIANA X-Pulser 1.6 M15 26 cali męski Czarno-czerwony;INDIANA;Rowery MTB górskie;-;https://www.mediaexpert.pl/rowery/rowery-mtb/rower-gorski-mtb-indiana-x-pulser-1-6-m15-26-cali-meski-czarno-czerwony-4;999.99;1299.99;1099.99;ME2808-300926
2026-09-19 17:27:55;Media Expert;Rower górski MTB INDIANA X-Pulser 2.6 M19 26 cali Deli męski Czarno-zielony;INDIANA;Rowery MTB górskie;-;https://www.mediaexpert.pl/rowery/rowery-mtb/rower-gorski-mtb-indiana-x-pulser-2-6-m19-26-cali-meski-czarno-zielony-1;899.99;1299.99;999.99;ME2808-300926
2026-09-19 17:27:55;Media Expert;Rower górski MTB INDIANA X-Pulser 5.9 M21 29 cali Czarno-grafitowy;INDIANA;Rowery MTB górskie;-;https://www.mediaexpert.pl/rowery/rowery-mtb/rower-gorski-mtb-indiana-x-pulser-5-9-m21-29-cali-czarno-grafitowy;2199.99;3699.99;2499.99;ME2808-300926
2026-09-19 17:27:55;Media Expert;Rower górski MTB KROSS XPRT 9.2 D17 29 cali damski Niebiesko-szary;KROSS;Rowery MTB górskie;-;https://www.mediaexpert.pl/rowery/rowery-mtb/rower-gorski-mtb-kross-xprt-9-2-d17-29-cali-damski-niebiesko-szary;1999.99;2599.99;2099.99;ME2808-300926
2026-09-19 17:27:55;Media Expert;Rower górski MTB INDIANA X-Pulser 3.7 M21 27.5 cala Schwalbe męski Czarno-brązowy;INDIANA;Rowery MTB górskie;-;https://www.mediaexpert.pl/rowery/rowery-mtb/rower-gorski-mtb-indiana-x-pulser-3-7-m21-27-5-cala-meski-czarno-brazowy;1299.99;1699.99;1699.99;ME0809-300926
2026-09-19 17:27:56;Media Expert;Rower górski MTB INDIANA X-Pulser 6.9 M19 29 cali Shimano CUES męski Czarno-brązowy;INDIANA;Rowery MTB górskie;-;https://www.mediaexpert.pl/rowery/rowery-mtb/rower-gorski-mtb-indiana-x-pulser-6-9-m19-29-cali-meski-czarno-brazowy;2399.99;3249.99;2499.99;ME2808-300926
2026-09-19 17:27:56;Media Expert;Rower górski MTB INDIANA X-Pulser 2.6 M17 26 cali męski Niebiesko-żółty;INDIANA;Rowery MTB górskie;-;https://www.mediaexpert.pl/rowery/rowery-mtb/rower-gorski-mtb-indiana-x-pulser-2-6-m17-26-cali-meski-niebiesko-zolty;1199.99;1699.99;1399.99;ME2808-300926
2026-09-19 17:27:56;Media Expert;Rower górski MTB INDIANA X-Pulser 2.6 M15 26 cali Deli męski Czarno-zielony;INDIANA;Rowery MTB górskie;-;https://www.mediaexpert.pl/rowery/rowery-mtb/rower-gorski-mtb-indiana-x-pulser-2-6-m15-26-cali-meski-czarno-zielony-1;599.99;1499.99;699.99;ME2808-300926
2026-09-19 17:27:56;Media Expert;Rower górski MTB INDIANA X-Pulser 1.6 Steel U15 26 cali męski Czarno-czerwony;INDIANA;Rowery MTB górskie;-;https://www.mediaexpert.pl/rowery/rowery-mtb/rower-gorski-mtb-indiana-x-pulser-1-6-steel-u15-26-cali-meski-czarno-czerwony;699.99;799.99;799.99;ME0809-300926
2026-09-19 17:27:57;Media Expert;Rower górski MTB KROSS XPRT 9.1 M18 29 cali męski Beżowo-ciemnoszary;KROSS;Rowery MTB górskie;-;https://www.mediaexpert.pl/rowery/rowery-mtb/rower-gorski-mtb-kross-xprt-9-1-m18-29-cali-meski-bezowo-ciemnoszary;1699.99;2199.99;1799.99;ME2808-300926
2026-09-19 17:27:57;Media Expert;Rower górski MTB ROMET Rambler R7.1 U19 27.5 cala Srebrno-czerwono-grafitowy;ROMET;Rowery MTB górskie;-;https://www.mediaexpert.pl/rowery/rowery-mtb/rower-gorski-mtb-romet-rambler-r7-1-u19-27-5-cala-srebrno-czerwono-grafitowy-2;1399.99;2399.99;2399.99;ME2808-300926
2026-09-19 17:27:57;Media Expert;Rower górski MTB ROMET Rambler R9.3 A U18 29 cali Grafitowo-czarny;ROMET;Rowery MTB górskie;-;https://www.mediaexpert.pl/rowery/rowery-mtb/rower-gorski-mtb-romet-rambler-r9-3-a-u18-29-cali-grafitowo-czarny;1999.99;3299.99;3299.99;ME2808-300926
2026-09-19 17:27:57;Media Expert;Rower górski MTB INDIANA X-Pulser 2.7 M19 26 cali męski Czarno-żółty;INDIANA;Rowery MTB górskie;-;https://www.mediaexpert.pl/rowery/rowery-mtb/rower-gorski-mtb-indiana-x-pulser-2-7-m19-26-cali-meski-czarno-zolty;1199.99;1899.99;1299.99;ME2808-300926
2026-09-19 17:27:58;Media Expert;Rower górski MTB TORPADO Devon 1.9 M20 29 cali męski Czarno-żółty;TORPADO;Rowery MTB górskie;-;https://www.mediaexpert.pl/rowery/rowery-mtb/rower-gorski-mtb-torpado-devon-1-9-m20-29-cali-meski-czarno-zolty;2499.99;4999.99;2899.99;ME2808-300926
2026-09-19 17:27:58;Media Expert;Rower górski MTB ROMET Monsun 3.1 29152260-B U15 29 cali Szary;ROMET;Rowery MTB górskie;-;https://www.mediaexpert.pl/rowery/rowery-mtb/rower-gorski-mtb-romet-monsun-3-1-29152260-b-u15-29-cali-szary;4999.99;7299.99;7299.99;ME2808-300926
2026-09-19 17:27:58;Media Expert;Rower górski MTB ROMET Monsun 1.1 29172268-B U17 29 cali Czarny;ROMET;Rowery MTB górskie;-;https://www.mediaexpert.pl/rowery/rowery-mtb/rower-gorski-mtb-romet-monsun-1-1-29172268-b-u17-29-cali-czarny;4499.99;5999.99;5999.99;ME2808-300926
2026-09-19 17:27:58;Media Expert;Rower górski MTB ROMET Mustang 4.1 U18 29 cali Zielony;ROMET;Rowery MTB górskie;-;https://www.mediaexpert.pl/rowery/rowery-mtb/rower-gorski-mtb-romet-mustang-4-1-u18-29-cali-zielony;3999.99;5299.99;5299.99;ME2808-300926
2026-09-19 17:27:58;Media Expert;Rower górski MTB INDIANA X-Pulser 3.6 M19 26 cali męski Grafitowo-czerwony 2023;INDIANA;Rowery MTB górskie;-;https://www.mediaexpert.pl/rowery/rowery-mtb/rower-gorski-mtb-indiana-x-pulser-3-6-m19-26-cali-meski-grafitowo-czerwony-1;1099.00;1599.99;1339.99;ME2808-300926
2026-09-19 17:27:59;Media Expert;Rower górski MTB INDIANA X-Pulser 3.7 D19 27.5 cala damski Fioletowy;INDIANA;Rowery MTB górskie;-;https://www.mediaexpert.pl/rowery/rowery-mtb/rower-gorski-mtb-indiana-x-pulser-3-7-d19-27-5-cala-damski-fioletowy-1;1699.99;2599.99;2599.99;ME2808-300926
2026-09-19 17:27:59;Media Expert;Rower elektryczny INDIANA E-Trekking 3.0 D18 28 cali damski Czarny;INDIANA;Rowery elektryczne;-;https://www.mediaexpert.pl/rowery/rower-elektryczne/rowery-elektryczne/rower-elektryczny-indiana-e-trekking-3-0-d18-28-cali-czarny;4849.97;4999.99;4849.98;ME2808-300926
2026-09-19 17:27:59;Media Expert;Rower elektryczny INDIANA E-Moena 8 D18 28 cali Czarno-szary;INDIANA;Rowery elektryczne;-;https://www.mediaexpert.pl/rowery/rower-elektryczne/rowery-elektryczne/rower-elektryczny-indiana-e-moena-8-d18-28-cali-damski-czarno-szary;3498.99;3999.99;3499.00;ME2808-300926
2026-09-19 17:27:59;Media Expert;Rower elektryczny ROMET E-Modeco URB 1.0 U17 28 cali Turkusowy;ROMET;Rowery elektryczne;-;https://www.mediaexpert.pl/rowery/rower-elektryczne/rowery-elektryczne/rower-elektryczny-romet-e-modeco-urb-1-0-u17-28-cali-turkusowy;5998.00;7999.99;5999.99;ME2808-300926
2026-09-19 17:28:00;Media Expert;Rower elektryczny ROMET E-Modeco SUV 1.0 AN C U19 28 cali Złoty;ROMET;Rowery elektryczne;-;https://www.mediaexpert.pl/rowery/rower-elektryczne/rowery-elektryczne/rower-elektryczny-romet-e-modeco-suv-1-0-an-c-u19-28-cali-zloty;5999.99;9999.99;6899.99;ME2808-300926
2026-09-19 17:28:00;Media Expert;Rower elektryczny ROMET PROECO FS U16 29 cali Niebieski;PROECO;Rowery elektryczne;-;https://www.mediaexpert.pl/rowery/rower-elektryczne/rowery-elektryczne/rower-elektryczny-proeco-fs-u16-29-cali-niebieski;5499.99;6999.00;5999.99;ME2808-300926
2026-09-19 17:28:00;Media Expert;Rower elektryczny ROMET E-Modeco URB 2.0 U17 28 cali Brązowo-czarny;ROMET;Rowery elektryczne;-;https://www.mediaexpert.pl/rowery/rower-elektryczne/rowery-elektryczne/rower-elektryczny-romet-e-modeco-urb-2-0-u17-28-cali-brazowo-czarny;8498.99;11499.99;8499.99;ME2808-300926
2026-09-19 17:28:00;Media Expert;Rower elektryczny z koszykiem LANCIA YPSILON Incanto D17 26 cali Szary;LANCIA YPSILON;Rowery elektryczne;-;https://www.mediaexpert.pl/rowery/rower-elektryczne/rowery-elektryczne/rower-elektryczny-z-koszykiem-lancia-ypsilon-incanto-d17-26-cali-damski-szary;2199.99;9159.99;2999.99;ME2808-300926
2026-09-19 17:28:01;Media Expert;Rower elektryczny WHISTLE B-Race A7.2 U20 29 cali Czarno-szary;WHISTLE;Rowery elektryczne;-;https://www.mediaexpert.pl/rowery/rower-elektryczne/rowery-elektryczne/rower-elektryczny-mtb-whistle-b-race-a7-2-29-szary-czarny-h50-20;6499.99;9399.99;7298.99;ME2808-300926
2026-09-19 17:28:01;Media Expert;Rower elektryczny TORPADO Iride D17 28 cali Ciemnoszary;TORPADO;Rowery elektryczne;-;https://www.mediaexpert.pl/rowery/rower-elektryczne/rowery-elektryczne/rower-elektryczny-torpado-iride-d17-28-cali-ciemnoszary;3099.99;3499.99;3499.99;ME1009-300926
2026-09-19 17:28:01;Media Expert;Rower dziecięcy INDIANA Rock Kid 20 cali Czarny Wzrost: 120-135 cm Wiek: 6-8 lat;INDIANA;Rowery dla dzieci;-;https://www.mediaexpert.pl/rowery/rowery-dzieciece/rowery-dzieciece/rower-dzieciecy-indiana-rock-kid-20-cali-dla-chlopca-czarny;599.99;629.99;629.99;ME2808-300926
2026-09-19 17:28:01;Media Expert;Rower dziecięcy INDIANA Cool 16 cali Zielony  Wzrost: 100-120 cm Wiek: 4-5 lat;INDIANA;Rowery dla dzieci;-;https://www.mediaexpert.pl/rowery/rowery-dzieciece/rowery-dzieciece/rower-dzieciecy-indiana-cool-16-cali-dla-chlopca-zielony;599.99;699.99;699.99;ME2808-300926
2026-09-19 17:28:02;Media Expert;Rower dziecięcy SUN BABY Heart Bike 16 cali Różowy 2023 Wzrost: 100-120 cm Wiek: 4-6 lat;SUN BABY;Rowery dla dzieci;-;https://www.mediaexpert.pl/rowery/rowery-dzieciece/rowery-dzieciece/rower-dzieciecy-sun-baby-heart-bike-16-cali-dla-dziewczynki-rozowy-1;598.99;649.99;649.99;ME2808-300926
2026-09-19 17:28:02;Media Expert;Rower dziecięcy SUN BABY Tracker 16 cali Niebieski Wzrost: 100-120 cm Wiek: 4-6 lat;SUN BABY;Rowery dla dzieci;-;https://www.mediaexpert.pl/rowery/rowery-dzieciece/rowery-dzieciece/rower-dzieciecy-sun-baby-tracker-16-cali-dla-chlopca-niebieski;598.99;699.99;699.99;ME2808-300926
2026-09-19 17:28:02;Media Expert;Rower dziecięcy SUN BABY Heart Bike 16 cali Biało-złoty Wzrost: 100-120 cm Wiek: 4-6 lat;SUN BABY;Rowery dla dzieci;-;https://www.mediaexpert.pl/rowery/rowery-dzieciece/rowery-dzieciece/rower-dzieciecy-sun-baby-heart-bike-16-cali-dla-dziewczynki-bialo-zloty;589.99;699.99;699.99;ME2808-300926
2026-09-19 17:28:02;Media Expert;Rower dziecięcy SUN BABY Flower 14 cali Biało-beżowy Wzrost: 95-110 cm Wiek: 3-5 lat;SUN BABY;Rowery dla dzieci;-;https://www.mediaexpert.pl/rowery/rowery-dzieciece/rowery-dzieciece/rower-dzieciecy-sun-baby-flower-14-cali-dla-dziewczynki-bialo-bezowy;589.99;649.99;649.99;ME2808-300926
2026-09-19 17:28:02;Media Expert;Rower dziecięcy INDIANA Roxy Kid 12 cali Różowy Wzrost: 85-100 cm Wiek: 2-4 lata;INDIANA;Rowery dla dzieci;-;https://www.mediaexpert.pl/rowery/rowery-dzieciece/rowery-dzieciece/rower-dzieciecy-indiana-roxy-kid-12-cali-dla-dziewczynki-rozowy;399.99;439.99;439.99;ME2808-300926
2026-09-19 17:28:03;Media Expert;Rower dziecięcy TOIMSA Barbie 16 cali Różowy Wzrost: 100-120 cm Wiek: 5-7 lat;TOIMSA;Rowery dla dzieci;-;https://www.mediaexpert.pl/rowery/rowery-dzieciece/rowery-dzieciece/rower-dzieciecy-16-barbie-toimsa-1665;549.99;599.99;599.99;ME2808-300926
2026-09-19 17:28:03;Media Expert;Rower dziecięcy SUN BABY Flower Bike 16 cali Niebieski Wzrost: 100-120 cm Wiek: 4-6 lat;SUN BABY;Rowery dla dzieci;-;https://www.mediaexpert.pl/rowery/rowery-dzieciece/rowery-dzieciece/rower-dzieciecy-sun-baby-flower-16-cali-dla-dziewczynki-niebieski;549.99;699.99;598.99;ME2808-300926
2026-09-19 17:28:03;Media Expert;Rower dziecięcy SUN BABY Tiger Bike 16 cali Czarny Wzrost: 100-120 cm Wiek: 4-6 lat;SUN BABY;Rowery dla dzieci;-;https://www.mediaexpert.pl/rowery/rowery-dzieciece/rowery-dzieciece/rower-dzieciecy-sun-baby-tiger-bike-16-cali-dla-chlopca-pomaranczowo-turkusowy;549.99;649.99;649.99;ME0809-300926
2026-09-19 17:28:03;Media Expert;Rower dziecięcy HUFFY Glimmer 18 cali dla dziewczynki Czerwony;HUFFY;Rowery dla dzieci;-;https://www.mediaexpert.pl/rowery/rowery-dzieciece/rowery-dzieciece/rower-dzieciecy-huffy-glimmer-18-cali-dla-dziewczynki-czerwony;399.99;499.99;499.99;ME2808-300926
2026-09-19 17:28:04;Media Expert;Rower dziecięcy KARBON Superlight Automatic 18 cali Różowy Wzrost: 115-130 cm Wiek: 5-7 lat;KARBON;Rowery dla dzieci;-;https://www.mediaexpert.pl/rowery/rowery-dzieciece/rowery-dzieciece/rower-dzieciecy-karbon-superlight-automatic-18-cali-dla-dziewczynki-rozowy;1448.99;1549.99;1449.00;ME2808-300926
2026-09-19 17:28:04;Media Expert;Rower dziecięcy HUFFY Retro Vintage 16 cali Czarny mat Wzrost: 100-120 cm Wiek: 5-7 lat;HUFFY;Rowery dla dzieci;-;https://www.mediaexpert.pl/rowery/rowery-dzieciece/rowery-dzieciece/rower-dzieciecy-huffy-retro-vintage-16-cali-dla-chlopca-czarny-mat;599.99;999.99;699.99;ME2808-300926
2026-09-19 17:28:04;Media Expert;Rower dziecięcy HUFFY Literide Kids 20 cali Pomarańczowo-grafitowy Wzrost: 120-135 cm Wiek: 7-9 lat;HUFFY;Rowery dla dzieci;-;https://www.mediaexpert.pl/rowery/rowery-dzieciece/rowery-dzieciece/rower-dzieciecy-huffy-literide-kids-20-cali-dla-chlopca-pomaranczowo-grafitowy;1199.98;1749.99;1199.99;ME2808-300926
2026-09-19 17:28:04;Media Expert;Rower dziecięcy BATCH Kids 16 cali Pomarańczowy Wzrost: 100-120 cm Wiek: 4-6 lat;BATCH;Rowery dla dzieci;-;https://www.mediaexpert.pl/rowery/rowery-dzieciece/rowery-dzieciece/rower-dzieciecy-batch-kids-16-cali-dla-chlopca-pomaranczowy;1299.99;1699.99;1499.99;ME2808-300926
2026-09-19 17:28:05;Media Expert;Rower dziecięcy BATCH Kids 12 cali Niebieski Wzrost: 85-100 cm Wiek: 3-5 lat;BATCH;Rowery dla dzieci;-;https://www.mediaexpert.pl/rowery/rowery-dzieciece/rowery-dzieciece/rower-dzieciecy-batch-kids-12-cali-dla-chlopca-niebieski;999.99;1399.99;1399.99;ME2808-300926
2026-09-19 17:28:05;Media Expert;Rower dziecięcy MASZA I NIEDŹWIEDŹ 14 cali Biały Wzrost: 95-110 cm Wiek: 4-6 lat;MASZA I NIEDŹWIEDŹ;Rowery dla dzieci;-;https://www.mediaexpert.pl/rowery/rowery-dzieciece/rowery-dzieciece/rower-denver-masha-i-niedzwiedz-14-bialy;399.99;499.99;499.99;ME2808-300926
2026-09-19 17:28:05;Media Expert;Rower dziecięcy TOIMSA Barbie 12 cali Wzrost: 85-100 cm Wiek: 3-5 lat;TOIMSA;Rowery dla dzieci;-;https://www.mediaexpert.pl/rowery/rowery-dzieciece/rowery-dzieciece/rower-dzieciecy-toimsa-barbie-12-cali-dla-dziewczynki;459.99;499.99;499.99;ME2808-300926
2026-09-19 17:28:05;Media Expert;Rower dziecięcy KARBON Jazz 18 cali Limonkowy Wzrost: 115-130 cm Wiek: 4-6 lat;KARBON;Rowery dla dzieci;-;https://www.mediaexpert.pl/rowery/rowery-dzieciece/rowery-dzieciece/rower-dzieciecy-karbon-jazz-18-cali-dla-chlopca-limonkowy;768.99;999.99;769.00;ME2808-300926
2026-09-19 17:28:06;Media Expert;Rowerek biegowy MILLY MALLY Jake 2w1 Army;Milly Mally;Rowerki biegowe;-;https://www.mediaexpert.pl/rowery/rowery-dzieciece/rowerki-biegowe/rowerek-biegowy-milly-mally-jake-army-2w1-wielokolorowy;129.99;134.99;134.99;ME0209-300926
2026-09-19 17:28:06;Media Expert;Rower młodzieżowy INDIANA Roxy Jr 24 cale dla dziewczynki Różowo-miętowy;INDIANA;Rowery młodzieżowe;-;https://www.mediaexpert.pl/rowery/rowery-dzieciece/rowery-junior/rower-mlodziezowy-indiana-roxy-jr-24-cale-dla-dziewczynki-rozowo-mietowy-2;999.99;1499.99;1199.99;ME2808-300926
2026-09-19 17:28:06;Media Expert;Rower młodzieżowy INDIANA X-Pulser 2.4 24 cale dla chłopca Czarno-niebiesko-czerwony;INDIANA;Rowery młodzieżowe;-;https://www.mediaexpert.pl/rowery/rowery-dzieciece/rowery-junior/rower-mlodziezowy-indiana-x-pulser-2-4-24-cale-dla-chlopca-czarno-niebiesko-czerwony;999.99;1499.99;1049.99;ME2808-300926
2026-09-19 17:28:06;Media Expert;Rower młodzieżowy INDIANA X-Pulser 1.7 27.5 cala dla chłopca Zielony;INDIANA;Rowery młodzieżowe;-;https://www.mediaexpert.pl/rowery/rowery-dzieciece/rowery-junior/rower-mlodziezowy-indiana-x-pulser-1-7-27-5-cala-dla-chlopca-zielony;1099.99;1399.99;1199.99;ME2808-300926
2026-09-19 17:28:06;Media Expert;Rower młodzieżowy INDIANA X-Rock 1.6 26 cali dla chłopca Czarno-żółty 2022;INDIANA;Rowery młodzieżowe;-;https://www.mediaexpert.pl/rowery/rowery-dzieciece/rowery-junior/rower-mlodziezowy-indiana-x-rock-1-6-26-cali-dla-chlopca-czarno-zolty;399.99;729.99;449.99;ME2808-300926
2026-09-19 17:28:07;Media Expert;Rower trekkingowy INDIANA X-Road 1.0 D17 28 cali damski Srebrno-czarny;INDIANA;Rowery trekkingowe;-;https://www.mediaexpert.pl/rowery/rowery-trekkingowe/rower-trekkingowy-indiana-x-road-1-0-d17-28-cali-damski-srebrno-czarny;1169.99;1299.00;1189.00;ME0809-300926
2026-09-19 17:28:07;Media Expert;Rower trekkingowy INDIANA X-Road 3.0 D19 28 cali damski Czarno-fioletowy;INDIANA;Rowery trekkingowe;-;https://www.mediaexpert.pl/rowery/rowery-trekkingowe/rower-trekkingowy-indiana-x-road-3-0-d19-28-cali-damski-czarno-fioletowy-4;1699.99;2199.99;1899.99;ME2808-300926
2026-09-19 17:28:07;Media Expert;Rower trekkingowy INDIANA X-Road 1.0 M19 28 cali Kenda Amar męski Czarny;INDIANA;Rowery trekkingowe;-;https://www.mediaexpert.pl/rowery/rowery-trekkingowe/rower-trekkingowy-indiana-x-road-1-0-m19-28-cali-meski-czarny-3;699.99;1499.99;799.99;ME2808-300926
2026-09-19 17:28:07;Media Expert;Rower trekkingowy INDIANA X-Road 3.0 M19 28 cali męski Czarno-brązowy;INDIANA;Rowery trekkingowe;-;https://www.mediaexpert.pl/rowery/rowery-trekkingowe/rower-trekkingowy-indiana-x-road-3-0-m19-28-cali-meski-czarno-brazowy-3;1699.99;2199.99;1899.99;ME2808-300926
2026-09-19 17:28:08;Media Expert;Rower trekkingowy INDIANA X-Road 1.0 D21 28 cali damski Czarno-zielony;INDIANA;Rowery trekkingowe;-;https://www.mediaexpert.pl/rowery/rowery-trekkingowe/rower-trekkingowy-indiana-x-road-1-0-d21-28-cali-damski-czarno-zielony;1299.99;1499.99;1394.99;ME2808-300926
2026-09-19 17:28:08;Media Expert;Rower trekkingowy ROMET Wagant SUV L PV B U20 28 cali Biały;ROMET;Rowery trekkingowe;-;https://www.mediaexpert.pl/rowery/rowery-trekkingowe/rower-trekkingowy-romet-wagant-suv-l-pv-b-u20-28-cali-bialy;1199.00;2399.99;1399.00;ME2808-300926
2026-09-19 17:28:08;Media Expert;Rower trekkingowy ROMET Wagant Suv L PV B U18 28 cali Czarny;ROMET;Rowery trekkingowe;-;https://www.mediaexpert.pl/rowery/rowery-trekkingowe/rower-trekkingowy-romet-wagant-suv-l-pv-b-u18-28-cali-czarny;1199.00;2399.99;1599.99;ME2808-300926
2026-09-19 17:28:08;Media Expert;Rower trekkingowy ROMET Gazela 2.1 A D19 28 cali damski Bordowy;ROMET;Rowery trekkingowe;-;https://www.mediaexpert.pl/rowery/rowery-trekkingowe/rower-trekkingowy-romet-gazela-2-1-a-d19-28-cali-damski-bordowy;2299.98;3299.99;2299.99;ME2808-300926
2026-09-19 17:28:09;Media Expert;Rower trekkingowy ROMET Wagant 2.0 M21 28 cali męski Szary;ROMET;Rowery trekkingowe;-;https://www.mediaexpert.pl/rowery/rowery-trekkingowe/rower-romet-wagant-2-0-l21-szary-28210437-a;1998.99;2799.99;1999.00;ME2808-300926
2026-09-19 17:28:09;Media Expert;Rower trekkingowy INDIANA X-Road 3.0 D17 28 cali damski Lazurowo-srebrny;INDIANA;Rowery trekkingowe;-;https://www.mediaexpert.pl/rowery/rowery-trekkingowe/rower-trekkingowy-indiana-x-road-3-0-d17-28-cali-damski-lazurowo-srebrny;1699.99;2599.99;2599.99;ME0809-300926
2026-09-19 17:28:09;Media Expert;Rower crossowy INDIANA X-Cross 2.0 M19 męski Zielono-czarny;INDIANA;Rowery crossowe;-;https://www.mediaexpert.pl/rowery/rowery-cross/rower-crossowy-indiana-x-cross-2-0-m19-meski-zielono-czarny;1299.99;2199.99;1399.99;WYPRZEDAZ-ROWERY
2026-09-19 17:28:09;Media Expert;Rower crossowy INDIANA X-Cross 3.0 M19 męski Czarno-niebieski;INDIANA;Rowery crossowe;-;https://www.mediaexpert.pl/rowery/rowery-cross/rower-crossowy-indiana-x-cross-3-0-m19-meski-czarno-niebieski;1799.99;1999.99;1899.99;ME2808-300926
2026-09-19 17:28:10;Media Expert;Rower crossowy ROMET Orkan 1.0 M 28190349-A M19 Czarno-srebrny;ROMET;Rowery crossowe;-;https://www.mediaexpert.pl/rowery/rowery-cross/rower-crossowy-romet-orkan-1-0-m-28190349-a-m19-czarno-srebrny;1699.99;2199.99;2199.99;ME2808-300926
2026-09-19 17:28:10;Media Expert;Rower szosowy ROMET Jaguar 3.0 28510300-A U19 28 cali Srebrny;ROMET;Rowery szosowe;-;https://www.mediaexpert.pl/rowery/rowery-szosowe/rower-szosowy-romet-jaguar-3-0-28510300-a-u19-28-cali-srebrny;14999.98;15999.99;14999.99;R2808-300926
2026-09-19 17:28:10;Media Expert;Rower gravel ROCK MACHINE Lukk CR 10 U19 28 cali Niebieski;ROCK MACHINE;Rowery gravel;-;https://www.mediaexpert.pl/rowery/rowery-gravel/rower-gravel-rock-machine-lukk-cr-10-u19-28-cali-niebieski;5199.99;7499.00;5589.00;WYPRZEDAZ-ROWERY
2026-09-19 17:28:10;Media Expert;Rower gravel INDIANA Claris U20 28 cali Brązowo-pomarańczowy;INDIANA;Rowery gravel;-;https://www.mediaexpert.pl/rowery/rowery-gravel/rower-gravel-indiana-claris-m20-28-cali-meski-brazowo-pomaranczowy;1799.99;2699.99;2199.99;ME2808-300926
2026-09-19 17:28:10;Media Expert;Rower gravel WHISTLE Modoc U20 28 cali Szaro-niebiesko-czerwony;WHISTLE;Rowery gravel;-;https://www.mediaexpert.pl/rowery/rowery-gravel/rower-szosowy-whistle-modoc-flat-bar-16s-claris-szary-51-20-r22;1199.99;2799.99;1799.99;ME2808-300926
2026-09-19 17:28:11;Media Expert;Przyczepka rowerowa BELLELLI B-Travel 32kg Pasy Czerwony;BELLELLI;Przyczepki rowerowe;-;https://www.mediaexpert.pl/rowery/akcesoria-do-rowerow/przyczepki-rowerowe/przyczepka-rowerowa-bellelli-b-travel-czerwony;699.99;1399.99;999.99;R2608-300926
2026-09-19 17:28:11;Media Expert;Przyczepka rowerowa HAMAX Venture+ 400702;HAMAX;Przyczepki rowerowe;-;https://www.mediaexpert.pl/rowery/akcesoria-do-rowerow/przyczepki-rowerowe/przyczepka-rowerowa-hamax-venture-400702;1449.99;1899.99;1899.99;ME2608-300926
2026-09-19 17:28:11;Media Expert;Kask rowerowy UVEX Oyo Style Niebieski dla Dzieci (rozmiar 46-50);UVEX;Kaski rowerowe;-;https://www.mediaexpert.pl/rowery/odziez-rowerowa/kaski-sportowe/kask-rowerowy-uvex-oyo-style-niebieski-dla-dzieci-rozmiar-46-50;98.99;149.99;149.99;W0408-300926
2026-09-19 17:28:11;Media Expert;Kask rowerowy ABUS Motrip Shiny Czarny MTB (rozmiar L, 57-61 cm);ABUS;Kaski rowerowe;-;https://www.mediaexpert.pl/rowery/odziez-rowerowa/kaski-sportowe/kask-rowerowy-abus-motrip-shiny-czarny-mtb-rozmiar-l;199.99;229.99;209.99;ME0209-300926
2026-09-19 17:28:12;Media Expert;Kask rowerowy ABUS Smiley 3.0 LED Car Granatowy dla Dzieci z lampką (rozmiar M, 50-55 cm);ABUS;Kaski rowerowe;-;https://www.mediaexpert.pl/rowery/odziez-rowerowa/kaski-sportowe/kask-rowerowy-abus-smiley-3-0-led-car-granatowy-dla-dzieci-rozmiar-m;159.99;267.49;179.90;ME0209-300926
2026-09-19 17:28:12;Media Expert;Lampka rowerowa ROCKBROS M6 1000 LM;ROCKBROS;Lampki rowerowe;-;https://www.mediaexpert.pl/rowery/akcesoria-do-rowerow/oswietlenie-rowerowe/lampka-rowerowa-rockbros-m6-1000-lm;109.99;179.00;179.00;ME0209-300926
2026-09-19 17:28:12;Media Expert;Zestaw lampek rowerowych CATEYE Ampp 200 + Orb;CATEYE;Lampki rowerowe;-;https://www.mediaexpert.pl/rowery/akcesoria-do-rowerow/oswietlenie-rowerowe/zestaw-lampek-rowerowych-cateye-ampp-200-orb;99.99;119.99;119.99;ME0209-300926
2026-09-19 17:28:12;Media Expert;Lampka rowerowa TRELOCK LS 655 COB Line Dynamo 8006037;TRELOCK;Lampki rowerowe;-;https://www.mediaexpert.pl/rowery/akcesoria-do-rowerow/oswietlenie-rowerowe/lampka-rowerowa-trelock-ls-655-cob-line-dynamo-8006037;149.99;205.92;205.92;ME0209-300926
2026-09-19 17:28:13;Media Expert;Lampka rowerowa OXC Ultratorch ST300 OXFORDLD761;OXC;Lampki rowerowe;-;https://www.mediaexpert.pl/rowery/akcesoria-do-rowerow/oswietlenie-rowerowe/lampka-rowerowa-oxc-ultratorch-st300-oxfordld761;59.90;69.99;69.99;ME0209-300926
2026-09-19 17:28:13;Media Expert;Lampka rowerowa ANSMANN 1600-0553;ANSMANN;Lampki rowerowe;-;https://www.mediaexpert.pl/rowery/akcesoria-do-rowerow/oswietlenie-rowerowe/lampka-rowerowa-ansmann-1600-0553;69.99;99.99;99.99;ME0209-300926
2026-09-19 17:28:13;Media Expert;Uchwyt na licznik PRO PRAC0248;PRO;Liczniki rowerowe;-;https://www.mediaexpert.pl/rowery/akcesoria-do-rowerow/liczniki-rowerowe/uchwyt-na-licznik-pro-prac0248;179.99;199.99;199.99;ME0209-300926
2026-09-19 17:28:13;Media Expert;Nawigacja rowerowa SIGMA Rox 4.0 Endurance HR Set Czarny Podświetlany;SIGMA;Nawigacje rowerowe;-;https://www.mediaexpert.pl/rowery/akcesoria-do-rowerow/nawigacje-rowerowe/licznik-rowerowy-sigma-rox-4-0-endurance-hr-set-czarny-podswietlany;499.99;558.99;558.99;ME0209-300926
2026-09-19 17:28:14;Media Expert;Torba rowerowa na ramę ROCKBROS AS-052 Szary;ROCKBROS;Torby rowerowe;-;https://www.mediaexpert.pl/rowery/akcesoria-do-rowerow/torby-rowerowe/torba-rowerowa-na-rame-rockbros-as-052-szary;89.99;129.99;129.99;ME0209-300926
2026-09-19 17:28:14;Media Expert;Torba rowerowa pod siodełko SKS Traveller Click 800;SKS;Torby rowerowe;-;https://www.mediaexpert.pl/rowery/akcesoria-do-rowerow/torby-rowerowe/torba-rowerowa-pod-siodelko-sks-traveller-click-800;69.99;79.99;79.99;ME0209-300926
2026-09-19 17:28:14;Media Expert;Plecak ROCKBROS 8386824308808 Zielony;ROCKBROS;Plecaki;-;https://www.mediaexpert.pl/sport-i-rekreacja/turystyka/plecaki/plecak-rockbros-8386824308808-zielony;399.99;419.00;419.00;ME0209-300926
2026-09-19 17:28:14;Media Expert;Zapięcie rowerowe KRYPTONITE Kryptoflex 2080 004158 Linka Czarny;KRYPTONITE;Zapięcia do hulajnogi;-;https://www.mediaexpert.pl/rowery/hulajnogi/zapiecia-do-hulajnogi/zapiecie-rowerowe-kryptonite-kryptoflex-2080-004158-linka-czarny;119.99;159.99;159.99;ME0209-300926
2026-09-19 17:28:14;Media Expert;Zapięcie rowerowe ABUS Centuro 860/110 Linka Czarny + uchwyt QuickSnap RBU;ABUS;Zabezpieczenie roweru;-;https://www.mediaexpert.pl/rowery/akcesoria-do-rowerow/zamki-i-zapiecia/zapiecie-rowerowe-abus-centuro-860-110-linka-uchwyt-quicksnap-rbu;199.99;229.00;229.00;ME0209-300926
2026-09-19 17:28:15;Media Expert;Zapiecie rowerowe ABUS Numero 5510C/180 Linka Czarny;ABUS;Zabezpieczenie roweru;-;https://www.mediaexpert.pl/rowery/akcesoria-do-rowerow/zamki-i-zapiecia/zapiecie-rowerowe-abus-numero-5510c-180-linka-czarny;69.99;93.99;93.99;ME0209-300926
2026-09-19 17:28:15;Media Expert;Zapięcie rowerowe ABUS Granit Plus 640 135HB150 Czerwony;ABUS;Zabezpieczenie roweru;-;https://www.mediaexpert.pl/rowery/akcesoria-do-rowerow/zamki-i-zapiecia/zapiecie-rowerowe-abus-granit-plus-640-135hb150-czerwony;274.99;469.99;469.99;ME0209-300926
2026-09-19 17:28:15;Media Expert;Zapięcie rowerowe ABUS Numerino 5410C/85 Linka Czarny;ABUS;Zabezpieczenie roweru;-;https://www.mediaexpert.pl/rowery/akcesoria-do-rowerow/zamki-i-zapiecia/zapiecie-rowerowe-abus-numerino-5410c-85-linka-czarny;59.99;44.99;44.99;ME0209-300926
2026-09-19 17:28:15;Media Expert;Zapięcie rowerowe TRELOCK PK 560 8004870 Linka Czarny;TRELOCK;Zabezpieczenie roweru;-;https://www.mediaexpert.pl/rowery/akcesoria-do-rowerow/zamki-i-zapiecia/zapiecie-rowerowe-trelock-pk-560-8004870-linka-czarny;229.99;237.12;237.12;ME0209-300926
2026-09-19 17:28:16;Media Expert;Zapięcie rowerowe ABUS Ivera Cable 7220/85 Linka Czarny;ABUS;Zabezpieczenie roweru;-;https://www.mediaexpert.pl/rowery/akcesoria-do-rowerow/zamki-i-zapiecia/zapiecie-rowerowe-abus-ivera-cable-7220-85-linka-czarny;109.99;134.90;124.99;ME0209-300926
2026-09-19 17:28:16;Media Expert;Zapięcie rowerowe ABUS 4408K/65 Linka Czerwony;ABUS;Zabezpieczenie roweru;-;https://www.mediaexpert.pl/rowery/akcesoria-do-rowerow/zamki-i-zapiecia/zapiecie-rowerowe-abus-4408k-65-linka-czerwony;44.99;64.99;63.09;ME0209-300926
2026-09-19 17:28:16;Media Expert;Zapięcie rowerowe TRELOCK LC 680 1100-95 Łańcuch Czarny;TRELOCK;Zabezpieczenie roweru;-;https://www.mediaexpert.pl/rowery/akcesoria-do-rowerow/zamki-i-zapiecia/zapiecie-rowerowe-trelock-lc-680-1100-95-lancuch-czarny;299.99;599.99;499.99;WRZESIEN1809
2026-09-19 17:28:16;Media Expert;Bidon ELITE Vintage Squeeze 500 ml Żółty;ELITE;Bidony;-;https://www.mediaexpert.pl/rowery/akcesoria-do-rowerow/bidony-i-koszyki/bidon-elite-vintage-squeeze-500-ml-zolty;14.99;24.99;24.99;ME0209-300926
2026-09-19 17:28:17;Media Expert;Siodełko PROFEX Comfort 91710;PROFEX;Siodełka rowerowe;-;https://www.mediaexpert.pl/rowery/czesci-rowerowe/siodelka/siodelko-profex-comfort-91710;19.99;39.99;39.99;ME0209-300926
2026-09-19 17:28:17;Media Expert;Buty rowerowe SHIMANO SH-ET501 Czarny (rozmiar 36);SHIMANO;Buty rowerowe;-;https://www.mediaexpert.pl/rowery/odziez-rowerowa/buty-rowerowe/buty-rowerowe-shimano-sh-et501-czarny-rozmiar-36;299.99;329.99;329.99;ME0209-300926
2026-09-19 17:28:17;Media Expert;Uchwyt na licznik KROSS Spacy T4CLI000001BK;KROSS;Liczniki rowerowe;-;https://www.mediaexpert.pl/rowery/akcesoria-do-rowerow/liczniki-rowerowe/uchwyt-na-licznik-kross-spacy-t4cli000001bk;29.99;34.99;34.99;ME0209-300926
2026-09-19 17:28:17;Media Expert;Osłona przeciwdeszczowa na kask LAZER Strada Aeroshell (rozmiar L);LAZER;Inne;-;https://www.mediaexpert.pl/rowery/akcesoria-do-rowerow/inne-rowerowe/oslona-przeciwdeszczowa-na-kask-lazer-strada-aeroshell-rozmiar-l;59.99;69.99;69.99;ME0209-300926
2026-09-19 17:28:17;Media Expert;Rękawiczki rowerowe SHIMANO Enduro (rozmiar XL) Oliwkowy;SHIMANO;Rękawiczki rowerowe;-;https://www.mediaexpert.pl/rowery/odziez-rowerowa/rekawiczki-rowerowe/rekawiczki-rowerowe-shimano-enduro-rozmiar-xl-oliwkowy;99.99;107.99;107.99;ME0209-300926
2026-09-19 17:28:18;Media Expert;"Opona rowerowa CONTINENTAL Contact Speed Reflex CO0101391 26""";CONTINENTAL;Opony rowerowe;-;https://www.mediaexpert.pl/rowery/czesci-rowerowe/opony-do-rowerow/opona-rowerowa-continental-contact-speed-reflex-co0101391-26;89.99;109.99;109.99;ME0209-300926
2026-09-19 17:28:18;Media Expert;Rękawiczki rowerowe SHIMANO Airway (rozmiar M) Niebieski;SHIMANO;Rękawiczki rowerowe;-;https://www.mediaexpert.pl/rowery/odziez-rowerowa/rekawiczki-rowerowe/rekawiczki-rowerowe-shimano-airway-rozmiar-m-niebieski;59.99;89.99;60.11;ME0209-300926
2026-09-19 17:28:18;Media Expert;Etui SP CONNECT SPC+ Xtreme do Apple iPhone 17 Czarny;SP CONNECT;Etui na telefony;-;https://www.mediaexpert.pl/smartfony-i-zegarki/akcesoria-do-telefonow/pokrowce-i-etui/etui-sp-connect-spc-xtreme-do-apple-iphone-17-czarny;249.99;269.99;256.49;ME0209-300926
2026-09-19 17:28:18;Media Expert;Etui SP CONNECT SPC+ MagSafe do Samsung Galaxy S24+ Czarny;SP CONNECT;Etui na telefony;-;https://www.mediaexpert.pl/smartfony-i-zegarki/akcesoria-do-telefonow/pokrowce-i-etui/etui-sp-connect-spc-magsafe-do-samsung-galaxy-s24-czarny-1;109.99;179.99;179.99;ME0209-300926
2026-09-19 17:28:19;Media Expert;Kompresor samochodowy USAMS US-ZB215;USAMS;Kompresory samochodowe;-;https://www.mediaexpert.pl/dom-i-ogrod/wyposazenie-warsztatu/kompresory-samochodowe/kompresor-samochodowy-usams-us-zb215;119.99;139.99;139.99;ME0209-300926
2026-09-19 17:28:19;Media Expert;Prostownik DUNLOP 153100;DUNLOP;Prostowniki;-;https://www.mediaexpert.pl/dom-i-ogrod/wyposazenie-warsztatu/prostowniki/prostownik-dunlop-153100;79.99;139.99;139.99;ME0209-300926
2026-09-19 17:28:19;Media Expert;Bieżnia elektryczna S_LINE Paddy 920W 6 km/h;S-LINE;Bieżnie elektryczne;-;https://www.mediaexpert.pl/sport-i-rekreacja/fitness-i-silownia/bieznie/bieznia-elektryczna-s-line-paddy-920w-6-km-h;999.99;1199.99;1199.99;RW2408-300926
2026-09-19 17:28:19;Media Expert;Bieżnia elektryczna DEERRUN A1 Pro Move+ 2237W 12km/h;DEERRUN;Bieżnie elektryczne;-;https://www.mediaexpert.pl/sport-i-rekreacja/fitness-i-silownia/bieznie/bieznia-elektryczna-deerrun-a1-pro-move-2237w-12km-h;1999.00;2299.00;2179.99;R1509-300926
2026-09-19 17:28:20;Media Expert;Wioślarz wodny KINGSMITH RMWR3LF z dokładnym stolikiem;KINGSMITH;Wioślarze;-;https://www.mediaexpert.pl/sport-i-rekreacja/fitness-i-silownia/wioslarze/wioslarz-wodny-kingsmith-rmwr3lf-z-dokladnym-stolikiem;1629.00;1799.00;1699.00;R1509-300926
2026-09-19 17:28:20;Media Expert;Ławka do ćwiczeń KINGSMITH BX2;KINGSMITH;Ławki do ćwiczeń;-;https://www.mediaexpert.pl/sport-i-rekreacja/silownia/lawki/lawka-do-cwiczen-kingsmith-bx2;2999.00;3499.00;3446.71;R1509-300926
2026-09-19 17:28:20;Media Expert;Torba na trenażer ELITE Vaisa EL0160600;ELITE;Akcesoria do trenażerów;-;https://www.mediaexpert.pl/sport-i-rekreacja/trenazery-rowerowe-i-akcesoria/akcesoria-do-trenazerow/torba-na-trenazer-elite-vaisa-el0160600;199.99;239.99;239.99;ME0209-300926
2026-09-19 17:28:20;Media Expert;Drążek wielofunkcyjny SMART GYM SG-12;SMART GYM;Drążki do podciągania;-;https://www.mediaexpert.pl/sport-i-rekreacja/silownia/drazki/drazek-wielofunkcyjny-smart-gym-sg-12;119.00;139.99;129.00;ME1109-201026
2026-09-19 17:28:21;Media Expert;Roller HMS FS105 Czarno-pomarańczowy;HMS;Rollery i wałki do ćwiczeń;-;https://www.mediaexpert.pl/sport-i-rekreacja/akcesoria-treningowe/rollery-i-walki-do-cwiczen/walek-fitness-hms-fs105-3w1-czarno-pomaranczowy;49.00;80.00;80.00;ME1409-101026
2026-09-19 17:28:21;Media Expert;Butelka termiczna WATERDROP Steel Biały;WATERDROP;Butelki termiczne;-;https://www.mediaexpert.pl/agd-male/akcesoria-kuchenne/butelki-termiczne/butelka-termiczna-waterdrop-steel-bialy;114.99;124.99;124.99;ME1409-101026
2026-09-19 17:28:21;Media Expert;Hantla HMS HG Pro (35 kg);HMS;Hantle i ciężarki;-;https://www.mediaexpert.pl/sport-i-rekreacja/silownia/gryfy-hantle-i-obciazenia/hantla-hms-hg-pro-35-kg;369.00;447.00;447.00;ME1409-101026
2026-09-19 17:28:21;Media Expert;Beczka do pilatesu TOORX PTX1900G;TOORX;Akcesoria do pilatesu;-;https://www.mediaexpert.pl/sport-i-rekreacja/akcesoria-treningowe/akcesoria-do-pilatesu/beczka-do-pilatesu-toorx-ptx1900g;2999.00;3490.00;3490.00;ME1409-101026
2026-09-19 17:28:21;Media Expert;Hantla HMS HG Pro (55 kg);HMS;Hantle i ciężarki;-;https://www.mediaexpert.pl/sport-i-rekreacja/silownia/gryfy-hantle-i-obciazenia/hantla-hms-hg-pro-55-kg;589.00;667.00;621.00;ME1409-101026
2026-09-19 17:28:22;Media Expert;Drążek do pilatesu HMS DC30;HMS;Drążki do podciągania;-;https://www.mediaexpert.pl/sport-i-rekreacja/silownia/drazki/drazek-do-pilatesu-hms-dc30;29.99;46.92;46.92;ME1409-101026
2026-09-19 17:28:22;Media Expert;Deskorolka DISNEY Myszka Minnie 59975;DISNEY;Deskorolki tradycyjne;-;https://www.mediaexpert.pl/sport-i-rekreacja/deskorolki/deskorolki/deskorolka-disney-myszka-minnie-59975;79.99;159.76;129.99;R2707-301026
2026-09-19 17:28:22;Media Expert;Zestaw mebli turystycznych NEO TOOLS 63-159;NEO;Meble turystyczne;-;https://www.mediaexpert.pl/sport-i-rekreacja/turystyka/fotele-i-lezaki/zestaw-mebli-turystycznych-neo-tools-63-159;159.00;177.03;177.03;ME0409-300926
2026-09-19 17:28:22;Media Expert;Ładowarka zdalnie sterowana S-LINE RCC204;S-LINE;Samochody zdalnie sterowane;-;https://www.mediaexpert.pl/zabawki/kolejki-i-samochody-zabawkowe/samochody-zdalnie-sterowane/ladowarka-zdalnie-sterowana-s-line-rcc204;99.99;169.99;129.97;RW0109-3009
2026-09-19 17:28:23;Media Expert;Samochód zdalnie sterowany RASTAR Bugatti Chirton 76100;RASTAR;Samochody zdalnie sterowane;-;https://www.mediaexpert.pl/zabawki/kolejki-i-samochody-zabawkowe/samochody-zdalnie-sterowane/samochod-rc-rastar-bugatti-chiron-1-24;53.99;99.99;56.99;ME1509-240926
2026-09-19 17:28:23;Media Expert;Samochód zdalnie sterowany TAIYO Mini Truck 400008AT;TAIYO;Samochody zdalnie sterowane;-;https://www.mediaexpert.pl/zabawki/kolejki-i-samochody-zabawkowe/samochody-zdalnie-sterowane/samochod-zdalnie-sterowany-taiyo-mini-truck-400008at;42.99;69.99;44.99;ME1509-240926
2026-09-19 17:28:23;Media Expert;Samochód zdalnie sterowany RW Audi RS5 DTM 6116M;RW;Samochody zdalnie sterowane;-;https://www.mediaexpert.pl/zabawki/kolejki-i-samochody-zabawkowe/samochody-zdalnie-sterowane/samochod-zdalnie-sterowany-rw-audi-rs5-dtm-6116m;99.99;149.00;104.99;ME1509-240926
2026-09-19 17:28:23;Media Expert;Samochód zdalnie sterowany CHICCO Turbo Team Happy Buggy 00009152100000;CHICCO;Samochody zdalnie sterowane;-;https://www.mediaexpert.pl/zabawki/kolejki-i-samochody-zabawkowe/samochody-zdalnie-sterowane/samochod-zdalnie-sterowany-chicco-turbo-team-happy-buggy-00009152100000;123.49;199.99;129.99;ME1509-240926
2026-09-19 17:28:24;Media Expert;Zabawka laptop edukacyjny LEXIBOOK Disney Stitch JC598DI17;LEXIBOOK;Zabawki edukacyjne;-;https://www.mediaexpert.pl/zabawki/zabawki-edukacyjne/zabawki-edukacyjne/zabawka-laptop-edukacyjny-lexibook-disney-stitch-jc598di17;149.99;199.99;170.54;ME1409-200926
2026-09-19 17:28:24;Media Expert;Zabawka edukacyjna FISHER PRICE Ucz się i śmiej! Szczeniaczek Uczniaczek JFD27;FISHER PRICE;Zabawki edukacyjne;-;https://www.mediaexpert.pl/zabawki/zabawki-edukacyjne/zabawki-edukacyjne/zabawka-edukacyjna-fisher-price-ucz-sie-i-smiej-szczeniaczek-uczniaczek-jfd27;97.99;118.72;112.48;ME0109-300926
2026-09-19 17:28:24;Media Expert;Zestaw pojazdów Hot Wheels Premium Jaguar Aston Martin JBL04 9 (2 szt.);HOT WHEELS;Samochody i pojazdy zabawkowe;-;https://www.mediaexpert.pl/zabawki/kolejki-i-samochody-zabawkowe/samochody-i-pojazdy-zabawkowe/zestaw-pojazdow-hot-wheels-premium-jaguar-aston-martin-jbl04-9-2-szt;49.99;64.33;57.07;ME0109-300926
2026-09-19 17:28:24;Media Expert;Tor Hot Wheels Stunt Tracks Mistrzowski skok JHK75;HOT WHEELS;Samochody i pojazdy zabawkowe;-;https://www.mediaexpert.pl/zabawki/kolejki-i-samochody-zabawkowe/samochody-i-pojazdy-zabawkowe/tor-hot-wheels-stunt-tracks-mistrzowski-skok-jhk75;71.99;109.99;79.78;ME0109-300926
2026-09-19 17:28:25;Media Expert;Lalka DISNEY PRINCESS Roszpunka Magiczne włosy JHL46;DISNEY PRINCESS;Lalki i akcesoria;-;https://www.mediaexpert.pl/zabawki/lalki-i-figurki/lalki-i-akcesoria/lalka-disney-princess-roszpunka-magiczne-wlosy-jhl46;117.99;167.00;127.00;ME0109-300926
2026-09-19 17:28:25;Media Expert;Robot zdalnie sterowany LEXIBOOK Piesek szczeniak DOG01;LEXIBOOK;Zabawki elektroniczne;-;https://www.mediaexpert.pl/zabawki/zabawki-kreatywne/zabawki-elektroniczne/robot-zdalnie-sterowany-lexibook-piesek-szczeniak-dog01;259.99;289.99;276.12;ME1409-200926
2026-09-19 17:28:25;Media Expert;Lalka DISNEY PRINCESS Arielka Muszelkowa toaletka JBF86;DISNEY PRINCESS;Lalki i akcesoria;-;https://www.mediaexpert.pl/zabawki/lalki-i-figurki/lalki-i-akcesoria/lalka-barbie-disney-princess-arielka-muszelkowa-toaletka-jbf86;109.99;123.28;99.78;ME0109-300926
2026-09-19 17:28:25;Media Expert;Zestaw figurki MATTEL Disney Pixar Toy Story 5 Critter Talk Jessie JKL99;MATTEL;Figurki dla dzieci;-;https://www.mediaexpert.pl/zabawki/lalki-i-figurki/figurki-dla-dzieci/zestaw-figurki-mattel-disney-pixar-toy-story-5-critter-talk-jessie-jkl99;159.99;204.99;179.99;ME0109-300926
2026-09-19 17:28:25;Media Expert;Zabawka konsola LEXIBOOK Disney Stitch Gra zręcznościowa Pop-it Game JG500D;LEXIBOOK;Zabawki elektroniczne;-;https://www.mediaexpert.pl/zabawki/zabawki-kreatywne/zabawki-elektroniczne/zabawka-konsola-lexibook-disney-stitch-gra-zrecznosciowa-pop-it-game-jg500d;64.99;74.99;74.99;ME1409-200926
2026-09-19 17:28:26;Media Expert;Tor Hot Wheels Monster Trucks Owa Pętla Chaosu JMK91;HOT WHEELS;Samochody i pojazdy zabawkowe;-;https://www.mediaexpert.pl/zabawki/kolejki-i-samochody-zabawkowe/samochody-i-pojazdy-zabawkowe/tor-hot-wheels-monster-trucks-owa-petla-chaosu-jmk91;124.99;173.94;152.99;ME0109-300926
2026-09-19 17:28:26;Media Expert;Lalka Barbie Pets Jazda na wrotkach Brunetka JMJ45;BARBIE;Lalki i akcesoria;-;https://www.mediaexpert.pl/zabawki/lalki-i-figurki/lalki-i-akcesoria/lalka-barbie-pets-jazda-na-wrotkach-brunetka-jmj45;79.99;99.74;99.71;ME0109-300926
2026-09-19 17:28:26;Media Expert;Zabawka zegarek LEXIBOOK Stitch DMW060D;LEXIBOOK;Zabawki elektroniczne;-;https://www.mediaexpert.pl/zabawki/zabawki-kreatywne/zabawki-elektroniczne/zabawka-zegarek-lexibook-disney-stitch-dmw060d;69.99;84.99;72.21;ME1409-200926
2026-09-19 17:28:26;Media Expert;Zabawka zestaw do makijażu CRA-Z-ART My Look Studio makijażu z podświetleniem CRSS26;CRA-Z-ART;Zabawki odgrywanie ról;-;https://www.mediaexpert.pl/zabawki/zabawki-odgrywanie-rol/zabawka-zestaw-do-makijazu-cra-z-art-my-look-studio-makijazu-z-podswietleniem-crss26;142.49;229.99;149.99;ME1509-240926
2026-09-19 17:28:27;Media Expert;Zabawka keyboard LEXIBOOK K704GDH;LEXIBOOK;Instrumenty dla dzieci;-;https://www.mediaexpert.pl/zabawki/instrumenty-dla-dzieci/zabawka-keyboard-lexibook-k704gdh;129.99;144.99;144.99;ME1409-200926
2026-09-19 17:28:27;Media Expert;Zabawka głośnik mobilny LEXIBOOK Kraina Lodu BT018FZ;LEXIBOOK;Zabawki elektroniczne;-;https://www.mediaexpert.pl/zabawki/zabawki-kreatywne/zabawki-elektroniczne/zabawka-glosnik-mobilny-lexibook-disney-kraina-lodu-bt018fz;64.99;87.28;77.49;ME1509-240926
2026-09-19 17:28:27;Media Expert;Zabawka interaktywna LEXIBOOK Power Puppy Jr Robot Pies PUP01;LEXIBOOK;Zabawki edukacyjne;-;https://www.mediaexpert.pl/zabawki/zabawki-edukacyjne/zabawki-edukacyjne/zabawka-interaktywna-lexibook-power-puppy-jr-robot-pies-pup01;164.99;219.99;174.99;ME1509-240926
2026-09-19 17:28:27;Media Expert;Zabawka gitara klasyczna LEXIBOOK Kraina Lodu K200FZ;LEXIBOOK;Instrumenty dla dzieci;-;https://www.mediaexpert.pl/zabawki/instrumenty-dla-dzieci/zabawka-gitara-klasyczna-lexibook-kraina-lodu-k200fz;104.99;129.99;129.99;ME1409-200926
2026-09-19 17:28:28;Media Expert;Zabawka głośnik mobilny LEXIBOOK Spider-Man BT018SP;LEXIBOOK;Zabawki elektroniczne;-;https://www.mediaexpert.pl/zabawki/zabawki-kreatywne/zabawki-elektroniczne/zabawka-glosnik-mobilny-lexibook-spider-man-bt018sp;89.99;99.99;99.99;ME1409-200926
2026-09-19 17:28:28;Media Expert;Tablet do rysowania LEXIBOOK Kraina Lodu CRT10FZ;LEXIBOOK;Tablety do rysowania dla dzieci;-;https://www.mediaexpert.pl/zabawki/zabawki-kreatywne/tablety-do-rysowania-dla-dzieci/tablet-do-rysowania-lexibook-kraina-lodu-crt10fz;89.99;113.03;94.99;ME1509-240926
2026-09-19 17:28:28;Media Expert;Zestaw pojazdów MALBLO Magnetic Pojazdy rolnicze MAL 0321 (3 szt.);MALBLO;Samochody i pojazdy zabawkowe;-;https://www.mediaexpert.pl/zabawki/kolejki-i-samochody-zabawkowe/samochody-i-pojazdy-zabawkowe/zestaw-pojazdow-malblo-magnetic-pojazdy-rolnicze-mal-0321-3-szt;70.99;99.99;74.99;ME1509-240926
2026-09-19 17:28:28;Media Expert;Zabawka gitara klasyczna LEXIBOOK Smerfy K200SF;LEXIBOOK;Instrumenty dla dzieci;-;https://www.mediaexpert.pl/zabawki/instrumenty-dla-dzieci/zabawka-gitara-klasyczna-lexibook-smerfy-k200sf;79.99;124.99;94.99;ME1509-240926
2026-09-19 17:28:29;Media Expert;Zabawka pozytywka CHICCO First Dreams Next2Stars Różowy;CHICCO;Pozostałe zabawki;-;https://www.mediaexpert.pl/zabawki/pozostale-zabawki/pozytywka-chicco-next2stars-rozowy;89.99;182.01;106.99;ME1509-240926
2026-09-19 17:28:29;Media Expert;Zabawka aparat LEXIBOOK Sonic The Hedgehog DJ078SN;LEXIBOOK;Zabawki elektroniczne;-;https://www.mediaexpert.pl/zabawki/zabawki-kreatywne/zabawki-elektroniczne/zabawka-aparat-lexibook-sonic-the-hedgehog-dj078sn;129.99;174.99;174.99;ME1409-200926
2026-09-19 17:28:29;Media Expert;Zabawka słuchawki nauszne LEXIBOOK Psi Patrol HP015PA2;LEXIBOOK;Zabawki elektroniczne;-;https://www.mediaexpert.pl/zabawki/zabawki-kreatywne/zabawki-elektroniczne/zabawka-sluchawki-nauszne-lexibook-psi-patrol-hp015pa2;74.99;89.99;83.00;ME1409-200926
2026-09-19 17:28:29;Media Expert;Zestaw karaoke LEXIBOOK Koci Domek Gabi S160GDH;LEXIBOOK;Instrumenty dla dzieci;-;https://www.mediaexpert.pl/zabawki/instrumenty-dla-dzieci/zestaw-karaoke-lexibook-koci-domek-gabi-s160gdh;144.99;164.99;164.99;ME1409-200926
2026-09-19 17:28:29;Media Expert;Maskotka KIDS EUROSWAN Frootimals Bubba Tropibear FT00018;KIDS EUROSWAN;Pluszaki;-;https://www.mediaexpert.pl/zabawki/zabawki-dla-najmlodszych/pluszaki/maskotka-kids-euroswan-frootimals-bubba-tropibear-ft00018;31.99;42.99;33.49;ME1509-240926
2026-09-19 17:28:30;Media Expert;Zabawka zegarek LEXIBOOK Jednorożec DMW060UNI;LEXIBOOK;Zabawki elektroniczne;-;https://www.mediaexpert.pl/zabawki/zabawki-kreatywne/zabawki-elektroniczne/zabawka-zegarek-lexibook-jednorozec-dmw060uni;56.99;72.58;59.99;ME1509-240926
2026-09-19 17:28:30;Media Expert;Zabawka lampka nocna LEXIBOOK Świnka Peppa NLJ01PP;LEXIBOOK;Zabawki elektroniczne;-;https://www.mediaexpert.pl/zabawki/zabawki-kreatywne/zabawki-elektroniczne/zabawka-lampka-nocna-lexibook-swinka-peppa-nlj01pp;49.99;74.99;52.99;ME1509-240926
2026-09-19 17:28:30;Media Expert;Zabawka pudełko na biżuterię KIDS EUROSWAN Koci Domek Gabi GD00041;KIDS EUROSWAN;Zabawki odgrywanie ról;-;https://www.mediaexpert.pl/zabawki/zabawki-odgrywanie-rol/zabawka-pudelko-na-bizuterie-kids-euroswan-koci-domek-gabi-gd00041;109.99;139.46;116.99;ME1509-240926
2026-09-19 17:28:30;Media Expert;Zestaw kreatywny CRA-Z-ART Kryształowy bukiet Kwiat Lotosu CRSS61;CRA-Z-ART;Zabawki kreatywne;-;https://www.mediaexpert.pl/zabawki/zabawki-kreatywne/zabawki-kreatywne/zestaw-kreatywny-cra-z-art-krysztalowy-bukiet-kwiat-lotosu-crss61;70.99;109.99;74.99;ME1509-240926
2026-09-19 17:28:31;Media Expert;Maskotka SMILY PLAY Fluffy Fam Pies German 84404G;SMILY PLAY;Pluszaki;-;https://www.mediaexpert.pl/zabawki/zabawki-dla-najmlodszych/pluszaki/maskotka-smily-play-fluffy-fam-pies-german-84404g;37.99;85.00;39.99;ME1509-240926
2026-09-19 17:28:31;Media Expert;Zabawka słuchawki nauszne LEXIBOOK Naruto HPBT010NA;LEXIBOOK;Zabawki elektroniczne;-;https://www.mediaexpert.pl/zabawki/zabawki-kreatywne/zabawki-elektroniczne/zabawka-sluchawki-nauszne-lexibook-naruto-hpbt010na;85.49;149.00;89.99;ME1509-240926
2026-09-19 17:28:31;Media Expert;Lalka ANTONIO JUAN Baby Recien Nacida Carla AJ50404;ANTONIO JUAN;Lalki i akcesoria;-;https://www.mediaexpert.pl/zabawki/lalki-i-figurki/lalki-i-akcesoria/lalka-antonio-juan-baby-recien-nacida-carla-aj50404;259.99;359.99;274.99;ME1509-240926
2026-09-19 17:28:31;Media Expert;Lalka Barbie Sleepover Reveal Piżama Party z niespodzianką JMR88;BARBIE;Lalki i akcesoria;-;https://www.mediaexpert.pl/zabawki/lalki-i-figurki/lalki-i-akcesoria/lalka-barbie-sleepover-reveal-pizama-party-z-niespodzianka-jmr88;79.99;109.99;109.99;ME0109-300926
2026-09-19 17:28:32;Media Expert;Zestaw pojazdów Hot Wheels Silver Series Streets of Japan JLB23 (6 szt.);HOT WHEELS;Samochody i pojazdy zabawkowe;-;https://www.mediaexpert.pl/zabawki/kolejki-i-samochody-zabawkowe/samochody-i-pojazdy-zabawkowe/zestaw-pojazdow-hot-wheels-silver-series-streets-of-japan-jlb23-6-szt;73.99;82.99;82.99;ME0109-300926
2026-09-19 17:28:32;Media Expert;Tor Hot Wheels Stunt Tracks Hipersfera kraks JMG48;HOT WHEELS;Samochody i pojazdy zabawkowe;-;https://www.mediaexpert.pl/zabawki/kolejki-i-samochody-zabawkowe/samochody-i-pojazdy-zabawkowe/tor-hot-wheels-stunt-tracks-hipersfera-kraks-jmg48;209.99;249.99;249.90;ME0109-300926
2026-09-19 17:28:32;Media Expert;Maskotka Hoody Kin Academy Miś HKA0366;Hoody Kin Academy;Pluszaki;-;https://www.mediaexpert.pl/zabawki/zabawki-dla-najmlodszych/pluszaki/maskotka-hk-academy-mis-hka0366;29.99;41.99;41.99;ME0409-300926
2026-09-19 17:28:32;Media Expert;Zabawka słuchawki nauszne LEXIBOOK Bluey HPBT010BY;LEXIBOOK;Zabawki elektroniczne;-;https://www.mediaexpert.pl/zabawki/zabawki-kreatywne/zabawki-elektroniczne/zabawka-sluchawki-nauszne-lexibook-bluey-hpbt010by;99.99;124.99;102.75;ME1409-200926
2026-09-19 17:28:33;Media Expert;"Zabawka gitara klasyczna LEXIBOOK Stitch Angel 21"" K200D1";LEXIBOOK;Instrumenty dla dzieci;-;https://www.mediaexpert.pl/zabawki/instrumenty-dla-dzieci/zabawka-gitara-klasyczna-lexibook-stitch-angel-21-k200d1;104.99;124.99;124.99;ME1409-200926
2026-09-19 17:28:33;Media Expert;Zabawka krótkofalówki LEXIBOOK Despicable Me Minionki TW18DES;LEXIBOOK;Zabawki elektroniczne;-;https://www.mediaexpert.pl/zabawki/zabawki-kreatywne/zabawki-elektroniczne/zabawka-krotkofalowki-lexibook-despicable-me-minionki-tw18des;119.99;149.99;149.99;ME1409-200926
2026-09-19 17:28:33;Media Expert;Zabawka konsola LEXIBOOK My Best-E Puppy JLMBDOG;LEXIBOOK;Zabawki elektroniczne;-;https://www.mediaexpert.pl/zabawki/zabawki-kreatywne/zabawki-elektroniczne/zabawka-konsola-lexibook-my-best-e-puppy-jlmbdog;89.99;109.90;104.99;ME1409-200926
2026-09-19 17:28:33;Media Expert;Zabawka zestaw szpiegowski LEXIBOOK Spy Mission RPSPY10;LEXIBOOK;Zabawki odgrywanie ról;-;https://www.mediaexpert.pl/zabawki/zabawki-odgrywanie-rol/zabawka-zestaw-szpiegowski-lexibook-spy-mission-rpspy10;139.99;186.00;164.43;ME1409-200926
2026-09-19 17:28:34;Media Expert;Zabawka krótkofalówka LEXIBOOK Koci Domek Gabi TW18GDH;LEXIBOOK;Zabawki elektroniczne;-;https://www.mediaexpert.pl/zabawki/zabawki-kreatywne/zabawki-elektroniczne/zabawka-krotkofalowka-lexibook-koci-domek-gabi-tw18gdh;119.99;150.39;148.99;ME1409-200926
2026-09-19 17:28:34;Media Expert;Zabawka konsola LEXIBOOK Plug & Play JG7440;LEXIBOOK;Zabawki elektroniczne;-;https://www.mediaexpert.pl/zabawki/zabawki-kreatywne/zabawki-elektroniczne/zabawka-konsola-lexibook-plug-play-jg7440;269.99;371.96;339.99;ME1409-200926
2026-09-19 17:28:34;Media Expert;Zabawka konsola LEXIBOOK Disney Toy Story JL3180TS;LEXIBOOK;Zabawki elektroniczne;-;https://www.mediaexpert.pl/zabawki/zabawki-kreatywne/zabawki-elektroniczne/zabawka-konsola-lexibook-disney-toy-story-jl3180ts;169.99;229.00;209.99;ME1409-200926
2026-09-19 17:28:34;Media Expert;Zawieszka do wózka BALIBAZOO Krówka Na Wsi BB82585;BALIBAZOO;Zawieszki do wózka;-;https://www.mediaexpert.pl/zabawki/zabawki-dla-najmlodszych/zawieszki-do-wozka/zawieszka-do-wozka-balibazoo-krowka-na-wsi-bb82585;33.49;40.32;34.99;ME1509-240926
2026-09-19 17:28:35;Media Expert;Pamiętnik 3D KIDS EUROSWAN Hello Kitty Cinnamoroll CIN0019;KIDS EUROSWAN;Pozostałe zabawki;-;https://www.mediaexpert.pl/zabawki/pozostale-zabawki/pamietnik-3d-kids-euroswan-hello-kitty-cinnamoroll-cin0019;43.99;53.36;46.49;ME1509-240926
2026-09-19 17:28:35;Media Expert;Zabawka edukacyjna JOLLY BABY Krokodyl Oskar z miarką JB 82609;JOLLY BABY;Zabawki edukacyjne;-;https://www.mediaexpert.pl/zabawki/zabawki-edukacyjne/zabawki-edukacyjne/zabawka-edukacyjna-jolly-baby-krokodyl-oskar-z-miarka-jb-82609;43.99;54.01;46.49;ME1509-240926
2026-09-19 17:28:35;Media Expert;Zabawka łopatka GARDENA Ogrodnicza dla dzieci;GARDENA;Zabawki odgrywanie ról;-;https://www.mediaexpert.pl/zabawki/zabawki-odgrywanie-rol/zabawka-lopatka-gardena-ogrodnicza-dla-dzieci;22.79;34.99;23.99;ME1509-240926
2026-09-19 17:28:35;Media Expert;Naszyjnik KIDS EUROSWAN WOW Generation WOW00094 (1 naszyjnik);KIDS EUROSWAN;Zabawki odgrywanie ról;-;https://www.mediaexpert.pl/zabawki/zabawki-odgrywanie-rol/naszyjnik-kids-euroswan-wow-generation-wow00094-1-naszyjnik;29.99;44.19;32.49;ME1509-240926
2026-09-19 17:28:36;Media Expert;Zabawka motyka GARDENA Ogrodnicza dla dzieci;GARDENA;Zabawki odgrywanie ról;-;https://www.mediaexpert.pl/zabawki/zabawki-odgrywanie-rol/zabawka-motyka-gardena-ogrodnicza-dla-dzieci;24.99;39.99;26.49;ME1509-240926
2026-09-19 17:28:36;Media Expert;Zawieszka do wózka JOLLY BABY Żabka z lusterkiem JB 82604;JOLLY BABY;Zawieszki do wózka;-;https://www.mediaexpert.pl/zabawki/zabawki-dla-najmlodszych/zawieszki-do-wozka/zawieszka-do-wozka-jolly-baby-zabka-z-lusterkiem-jb-82604;47.49;64.39;49.99;ME1509-240926
2026-09-19 17:28:36;Media Expert;Zabawka zegarek KIDS EUROSWAN Kuromi KU00049;KIDS EUROSWAN;Zabawki elektroniczne;-;https://www.mediaexpert.pl/zabawki/zabawki-kreatywne/zabawki-elektroniczne/zabawka-zegarek-kids-euroswan-kuromi-ku00049;40.99;59.99;42.99;ME1509-240926
2026-09-19 17:28:36;Media Expert;Zabawka CHICCO My Sweet DouDou Zestaw prezentowy 00011824000000;CHICCO;Pozostałe zabawki;-;https://www.mediaexpert.pl/zabawki/pozostale-zabawki/zabawka-chicco-my-sweet-doudou-zestaw-prezentowy-00011824000000;48.49;69.90;50.99;ME1509-240926
2026-09-19 17:28:36;Media Expert;Zabawka zegarek z kalendarzem KIDS EUROSWAN Toy Story Lotso LTS00017;KIDS EUROSWAN;Zabawki elektroniczne;-;https://www.mediaexpert.pl/zabawki/zabawki-kreatywne/zabawki-elektroniczne/zabawka-zegarek-z-kalendarzem-kids-euroswan-toy-story-lotso-lts00017;37.99;59.99;39.99;ME1509-240926
2026-09-19 17:28:37;Media Expert;Maskotka TY Beanie Bellies Lloyd Lampart 43201;TY;Pluszaki;-;https://www.mediaexpert.pl/zabawki/zabawki-dla-najmlodszych/pluszaki/maskotka-ty-beanie-bellies-lloyd-lampart-43201;41.79;64.99;43.99;ME1509-240926
2026-09-19 17:28:37;Media Expert;Pamiętnik KIDS EUROSWAN Kuromi KU00010;KIDS EUROSWAN;Pozostałe zabawki;-;https://www.mediaexpert.pl/zabawki/pozostale-zabawki/pamietnik-kids-euroswan-kuromi-ku00010;41.79;64.99;43.99;ME1509-240926
2026-09-19 17:28:37;Media Expert;Zabawka zegarek LEXIBOOK Koci Domek Gabi DMW060GDH;LEXIBOOK;Zabawki elektroniczne;-;https://www.mediaexpert.pl/zabawki/zabawki-kreatywne/zabawki-elektroniczne/zabawka-zegarek-lexibook-koci-domek-gabi-dmw060gdh;54.99;79.99;57.99;ME1509-240926
2026-09-19 17:28:37;Media Expert;Zabawka projektor CHICCO First Dreams Miś Rainbow 00010474200000;CHICCO;Pozostałe zabawki;-;https://www.mediaexpert.pl/zabawki/pozostale-zabawki/projektor-chicco-first-dreams-mis-rainbow-00010474100000;73.99;99.99;77.49;ME1509-240926
2026-09-19 17:28:38;Media Expert;Disney Stitch That’s So Stitch Collectible Figures - Series 2, Mystery 2-inch Figurine, Blind Capsule;JUST PLAY;Pluszaki;-;https://www.mediaexpert.pl/zabawki/zabawki-dla-najmlodszych/pluszaki/figurka-just-play-disney-stitch-70440737-1-figurka;51.99;79.99;54.99;ME1509-240926
2026-09-19 17:28:38;Media Expert;Zestaw kreatywny LEXIBOOK Psi Patrol Projektor do rysowania CRP10PA;LEXIBOOK;Zabawki kreatywne;-;https://www.mediaexpert.pl/zabawki/zabawki-kreatywne/zabawki-kreatywne/zestaw-kreatywny-lexibook-psi-patrol-projektor-do-rysowania-crp10pa;59.99;89.16;62.99;ME1509-240926
2026-09-19 17:28:38;Media Expert;Zabawka budzik z lampką nocną LEXIBOOK Batman RL800BAT;LEXIBOOK;Zabawki elektroniczne;-;https://www.mediaexpert.pl/zabawki/zabawki-kreatywne/zabawki-elektroniczne/zabawka-budzik-z-lampka-nocna-lexibook-batman-rl800bat;99.99;129.99;104.99;ME1509-240926
2026-09-19 17:28:38;Media Expert;Zabawka interaktywna EPEE Król Lew Simba EP60190;EPEE;Zabawki edukacyjne;-;https://www.mediaexpert.pl/zabawki/zabawki-edukacyjne/zabawki-edukacyjne/zabawka-interaktywna-epee-krol-lew-simba-ep60190;117.79;149.11;123.99;ME1509-240926
2026-09-19 17:28:39;Media Expert;Zabawka COLOR BABY Disney Stitch Maszynka do baniek mydlanych ze stitch'em + płyn 39793;COLOR BABY;Bańki mydlane;-;https://www.mediaexpert.pl/zabawki/zabawki-zrecznosciowe-i-plenerowe/banki-mydlane/zabawka-color-baby-disney-stitch-maszynka-do-baniek-mydlanych-ze-stitch-em-plyn-39793;51.99;84.99;54.99;ME1509-240926
2026-09-19 17:28:39;Media Expert;Zestaw do piasku COLOR BABY Barbie 77385;COLOR BABY;Zabawki do piaskownicy;-;https://www.mediaexpert.pl/zabawki/zabawki-zrecznosciowe-i-plenerowe/zabawki-do-piaskownicy/zestaw-do-piasku-color-baby-barbie-77385;29.99;64.99;31.99;ME1509-240926
2026-09-19 17:28:39;Media Expert;Zabawka edukacyjna CHICCO Edu4You Tablet 10688000130;CHICCO;Zabawki edukacyjne;-;https://www.mediaexpert.pl/zabawki/zabawki-edukacyjne/zabawki-edukacyjne/zabawka-edukacyjna-chicco-edu4you-tablet-10688000130;91.99;129.99;97.49;ME1509-240926
2026-09-19 17:28:39;Media Expert;Wózek ASI Martina Spacerowy ASI3712000;ASI;Lalki i akcesoria;-;https://www.mediaexpert.pl/zabawki/lalki-i-figurki/lalki-i-akcesoria/wozek-asi-martina-spacerowy-asi3712000;99.99;139.70;116.99;ME1509-240926
2026-09-19 17:28:40;Media Expert;Zabawka zestaw do czyszczenia łazienki DIRT DEVIL Kids;DIRT DEVIL;Zabawki odgrywanie ról;-;https://www.mediaexpert.pl/zabawki/zabawki-odgrywanie-rol/zabawka-zestaw-do-czyszczenia-lazienki-dirt-devil-kids;79.79;119.99;83.99;ME1509-240926
2026-09-19 17:28:40;Media Expert;Zabawka zestaw do makijażu MARTINELIA Unicorn Duży Kufer 30592;Martinelia;Zabawki odgrywanie ról;-;https://www.mediaexpert.pl/zabawki/zabawki-odgrywanie-rol/zabawka-zestaw-do-makijazu-martinelia-unicorn-duzy-kufer-30592;164.99;206.98;174.99;ME1509-240926
2026-09-19 17:28:40;Media Expert;Zabawka krótkofalówki LEXIBOOK Naruto TW18NA;LEXIBOOK;Zabawki elektroniczne;-;https://www.mediaexpert.pl/zabawki/zabawki-kreatywne/zabawki-elektroniczne/zabawka-krotkofalowki-lexibook-naruto-tw18na;99.99;144.99;104.99;ME1509-240926
2026-09-19 17:28:40;Media Expert;Pamiętnik LEXIBOOK Hello Kitty SD50HK;LEXIBOOK;Zabawki elektroniczne;-;https://www.mediaexpert.pl/zabawki/zabawki-kreatywne/zabawki-elektroniczne/pamietnik-lexibook-hello-kitty-sd50hk;114.99;164.43;120.99;ME1509-240926
2026-09-19 17:28:41;Media Expert;Maskotka HELLO KITTY Kuromi 2289590 Czarny;HELLO KITTY;Pluszaki;-;https://www.mediaexpert.pl/zabawki/zabawki-dla-najmlodszych/pluszaki/maskotka-hello-kitty-kuromi-2289590-czarny;79.79;129.99;83.99;ME1509-240926
2026-09-19 17:28:41;Media Expert;Maskotka KIDROBOT Phunny Gremlins Gizmo KR14185;KIDROBOT;Pluszaki;-;https://www.mediaexpert.pl/zabawki/zabawki-dla-najmlodszych/pluszaki/maskotka-kidrobot-phunny-gremlins-gizmo-kr14185;43.99;94.99;46.49;ME1509-240926
2026-09-19 17:28:41;Media Expert;Maskotka KIDROBOT Phunny Gremlins Stripe KR14187;KIDROBOT;Pluszaki;-;https://www.mediaexpert.pl/zabawki/zabawki-dla-najmlodszych/pluszaki/maskotka-kidrobot-phunny-gremlins-stripe-kr14187;39.99;94.99;46.49;ME1509-240926
2026-09-19 17:28:41;Media Expert;Lalka ASI Sabrina 517640;ASI;Lalki i akcesoria;-;https://www.mediaexpert.pl/zabawki/lalki-i-figurki/lalki-i-akcesoria/lalka-asi-sabrina-517640;179.99;239.47;204.99;ME1509-240926
2026-09-19 17:28:41;Media Expert;Zabawka aparat natychmiastowy LEXIBOOK Stitch DJ149D;LEXIBOOK;Zabawki elektroniczne;-;https://www.mediaexpert.pl/zabawki/zabawki-kreatywne/zabawki-elektroniczne/zabawka-aparat-natychmiastowy-lexibook-stitch-dj149d;234.99;299.99;245.99;ME1509-240926
2026-09-19 17:28:42;Media Expert;Lalka ANTONIO JUAN Kika AJ11320;ANTONIO JUAN;Lalki i akcesoria;-;https://www.mediaexpert.pl/zabawki/lalki-i-figurki/lalki-i-akcesoria/lalka-antonio-juan-kika-aj11320;129.99;199.99;149.99;ME1509-240926
2026-09-19 17:28:42;Media Expert;Zabawka mikrofon LEXIBOOK Bluey S160BY;LEXIBOOK;Zabawki elektroniczne;-;https://www.mediaexpert.pl/zabawki/zabawki-kreatywne/zabawki-elektroniczne/zabawka-mikrofon-lexibook-bluey-s160by;117.79;196.00;123.99;ME1509-240926
2026-09-19 17:28:42;Media Expert;Zabawka zestaw do makijażu MARTINELIA Little Unicorn Mega Kuferek Kosmetyczny 85506;Martinelia;Zabawki odgrywanie ról;-;https://www.mediaexpert.pl/zabawki/zabawki-odgrywanie-rol/zabawka-zestaw-do-makijazu-martinelia-little-unicorn-mega-kuferek-kosmetyczny-85506;204.99;285.99;214.99;ME1509-240926
2026-09-19 17:28:42;Media Expert;Zabawka toaletka Barbie 5120B;BARBIE;Zabawki odgrywanie ról;-;https://www.mediaexpert.pl/zabawki/zabawki-odgrywanie-rol/zabawka-toaletka-barbie-5120b;184.99;319.99;194.99;ME1509-240926
2026-09-19 17:28:43;Media Expert;Zabawka perkusja LEXIBOOK Psi Patrol K610PA;LEXIBOOK;Instrumenty dla dzieci;-;https://www.mediaexpert.pl/zabawki/instrumenty-dla-dzieci/zabawka-perkusja-lexibook-psi-patrol-k610pa;219.99;429.99;309.99;ME1509-240926
2026-09-19 17:28:43;Media Expert;Fotelik samochodowy KINDERKRAFT I-Spark 2 Plus i-Size 100-150 cm (15-36 kg) Szary;KINDERKRAFT;Foteliki samochodowe;-;https://www.mediaexpert.pl/motoryzacja/akcesoria-do-pojazdow/foteliki-samochodowe/fotelik-samochodowy-kinderkraft-i-spark-2-plus-i-size-100-150-cm-15-36-kg-szary;216.99;229.99;219.99;ME1109-220926
2026-09-19 17:28:43;Media Expert;Krzesełko do karmienia KINDERKRAFT Enock + poduszka Szaro-brązowy;KINDERKRAFT;Krzesełka do karmienia;-;https://www.mediaexpert.pl/agd-male/dla-dziecka/krzeselka-do-karmienia/krzeselko-do-karmienia-kinderkraft-enock-poduszka-szaro-brazowy;357.99;399.99;399.99;ME1109-220926
2026-09-19 17:28:43;Media Expert;Krzesełko do karmienia KINDERKRAFT Yummy Wielokolorowy;KINDERKRAFT;Krzesełka do karmienia;-;https://www.mediaexpert.pl/agd-male/dla-dziecka/krzeselka-do-karmienia/krzeselko-do-karmienia-kinderkraft-yummy-wielokolorowy;259.99;384.04;384.04;ME1109-220926
